# Blender 5.1.0
# www.blender.org
mtllib palmTree.mtl
o Object_6
v -0.063735 0.467085 0.011618
v -0.036252 0.486781 0.028832
v -0.025400 0.482600 0.000000
v -0.014979 0.475421 0.037938
v -0.000457 0.494947 0.014578
v -0.021928 0.483891 0.001477
v -0.055805 0.469057 -0.020424
v -0.051672 0.484183 0.010298
v -0.025400 0.482600 0.000000
v -0.057024 0.481431 0.029266
v -0.023561 0.496837 0.028312
v -0.025161 0.484058 0.003605
v -0.059236 0.474196 -0.013150
v -0.045755 0.491390 0.012237
v -0.025400 0.482600 0.000000
v -0.024621 -0.065235 -0.000000
v 0.042751 -0.050036 0.032546
v 0.022002 -0.050036 0.058646
v 0.062289 -0.016678 0.043590
v 0.035174 -0.016678 0.078546
v 0.039025 0.006644 0.072194
v 0.065948 0.005526 0.040065
v -0.041261 -0.050036 -0.073131
v -0.071244 -0.050036 -0.058646
v -0.049554 -0.016678 -0.097945
v -0.085801 -0.016678 -0.078546
v -0.076937 0.014723 -0.072194
v -0.041242 0.012580 -0.090025
v 0.042751 -0.050036 -0.032546
v 0.022002 -0.050036 -0.058646
v 0.062289 -0.016678 -0.043590
v 0.035174 -0.016678 -0.078546
v 0.039025 0.006644 -0.072194
v 0.065948 0.005526 -0.040065
v -0.002313 0.176357 0.063977
v 0.028331 0.177322 0.064015
v 0.002012 0.207230 0.061270
v 0.021298 0.127032 0.070821
v -0.010353 0.127032 0.070821
v 0.038022 0.445847 0.000000
v 0.032755 0.445079 -0.023359
v -0.023428 0.477907 0.000000
v 0.056844 0.374816 -0.024918
v 0.062500 0.375408 0.000000
v 0.017998 0.442927 -0.042091
v 0.040994 0.373158 -0.044902
v 0.017998 0.442927 -0.042091
v -0.003327 0.439817 -0.052487
v 0.018091 0.370763 -0.055991
v -0.026995 0.436365 -0.052487
v -0.007330 0.368104 -0.055991
v -0.026995 0.436365 -0.052487
v -0.048320 0.433255 -0.042091
v -0.023428 0.477907 0.000000
v -0.030233 0.365709 -0.044902
v -0.007330 0.368104 -0.055991
v -0.063077 0.431092 -0.023359
v -0.046082 0.364051 -0.024919
v -0.068344 0.430324 0.000000
v -0.051739 0.363459 0.000000
v -0.063077 0.431103 0.023359
v -0.046082 0.364051 0.024918
v -0.048320 0.433255 0.042091
v -0.048320 0.433255 0.042091
v -0.046082 0.364051 0.024918
v -0.030233 0.365709 0.044902
v -0.026995 0.436365 0.052487
v -0.030233 0.365709 0.044902
v -0.007330 0.368104 0.055991
v -0.003327 0.439817 0.052487
v -0.007330 0.368104 0.055991
v 0.018091 0.370763 0.055991
v 0.017998 0.442927 0.042091
v 0.017998 0.442927 0.042091
v 0.040994 0.373158 0.044902
v 0.032755 0.445079 0.023359
v 0.056844 0.374816 0.024918
v 0.028353 0.178120 -0.070536
v -0.002308 0.176536 -0.070539
v 0.002012 0.213335 -0.068052
v 0.021298 0.127032 -0.074786
v -0.002308 0.176536 -0.070539
v -0.010353 0.127032 -0.074786
v -0.047857 0.448784 0.057170
v -0.022083 0.453658 0.061781
v -0.028359 0.482294 -0.001864
v -0.016575 0.414239 0.075936
v -0.049819 0.409468 0.069511
v -0.035676 0.339760 0.055988
v -0.007785 0.339793 0.062167
v 0.003620 0.455190 0.054976
v 0.016168 0.417678 0.066699
v -0.046256 0.470785 0.032584
v -0.015747 0.488800 0.025829
v -0.025400 0.482600 0.000000
v -0.030263 0.461135 0.064377
v 0.001038 0.477407 0.063282
v 0.014081 0.479038 0.008054
v 0.027122 0.468984 0.041047
v -0.001713 0.463925 0.057595
v 0.018951 0.469029 0.045169
v -0.025400 0.482600 0.000000
v 0.037727 0.437796 0.060193
v 0.009435 0.432213 0.074348
v 0.033099 0.469169 0.024989
v 0.054059 0.438935 0.032552
v 0.023751 0.474185 0.036575
v 0.034038 0.479495 0.017262
v -0.025400 0.482600 0.000000
v 0.061031 0.453560 0.022542
v 0.023751 0.474185 0.036575
v 0.045396 0.447274 0.046628
v 0.036093 0.478539 -0.005141
v 0.061217 0.452855 -0.006846
v -0.055058 0.467190 0.048390
v -0.032725 0.471779 0.056342
v -0.025400 0.482600 0.000000
v -0.033399 0.441737 0.077759
v -0.061738 0.436665 0.065121
v -0.008620 0.470969 0.055153
v -0.002210 0.441510 0.073790
v -0.078777 0.446818 -0.010489
v -0.078712 0.447650 0.013246
v -0.025400 0.482600 0.000000
v -0.090005 0.408444 0.016147
v -0.088099 0.409190 -0.014774
v -0.067737 0.446952 0.034297
v -0.073947 0.409362 0.042636
v 0.000045 0.477108 0.034171
v -0.012191 0.462759 0.070077
v -0.048595 0.470471 0.070985
v -0.047191 0.414850 0.091734
v -0.016762 0.415397 0.091108
v 0.012340 0.485171 -0.015060
v 0.043815 0.481556 0.002184
v 0.036707 0.491040 0.033017
v 0.078027 0.445103 0.045865
v 0.082462 0.443391 0.019384
v -0.032943 0.473501 0.037220
v -0.064075 0.457751 0.049141
v -0.087021 0.466095 0.025711
v -0.099043 0.406701 0.035058
v -0.080244 0.406033 0.055355
v 0.010091 0.482321 0.024460
v 0.011067 0.481164 0.060922
v -0.020534 0.495521 0.070336
v -0.017305 0.455726 0.108055
v 0.009935 0.449768 0.098115
v -0.078301 0.447866 0.021034
v -0.065968 0.450367 0.042161
v -0.025400 0.482600 0.000000
v -0.072478 0.413720 0.051983
v -0.078301 0.447866 0.021034
v -0.086778 0.412201 0.023285
v -0.045253 0.451203 0.055385
v -0.044415 0.416478 0.067318
v -0.025512 0.482113 0.037259
v -0.053213 0.477008 0.054778
v -0.076830 0.485709 0.033919
v -0.095486 0.439891 0.053597
v -0.074660 0.438352 0.070565
v -0.041261 -0.050036 0.073131
v -0.071244 -0.050036 0.058646
v -0.049554 -0.016678 0.097945
v -0.085801 -0.016678 0.078546
v 0.000033 0.008809 -0.090025
v -0.004983 -0.016678 -0.097945
v -0.007982 -0.050036 -0.073131
v -0.107063 0.017074 -0.040065
v -0.113590 -0.016678 -0.043590
v -0.091993 -0.050036 -0.032546
v -0.116676 0.016417 0.000000
v -0.123508 -0.016678 -0.000000
v -0.113590 -0.016678 -0.043590
v -0.091993 -0.050036 -0.032546
v -0.099398 -0.050036 -0.000000
v -0.113590 -0.016678 0.043590
v -0.107063 0.017074 0.040065
v -0.091993 -0.050036 0.032546
v -0.076937 0.014723 0.072194
v -0.113590 -0.016678 0.043590
v -0.091993 -0.050036 0.032546
v -0.041242 0.012580 0.090025
v 0.000033 0.008809 0.090025
v -0.004983 -0.016678 0.097945
v -0.007982 -0.050036 0.073131
v 0.072207 -0.016678 -0.000000
v 0.075133 0.004687 0.000000
v 0.042751 -0.050036 0.032546
v 0.050156 -0.050036 -0.000000
v 0.042751 -0.050036 -0.032546
v 0.045053 0.081245 -0.061197
v 0.049229 0.127032 -0.060366
v 0.068256 0.079032 -0.034526
v 0.072039 0.127032 -0.034383
v 0.045053 0.081245 0.061197
v 0.068256 0.079032 0.034526
v 0.049229 0.127032 0.056402
v 0.072039 0.127032 0.030418
v 0.042477 0.044661 -0.064266
v 0.066828 0.042122 -0.035332
v 0.014751 0.084622 -0.076727
v 0.008637 0.048189 -0.081243
v -0.061738 0.055527 -0.067258
v -0.028393 0.052050 -0.083166
v -0.086659 0.058125 -0.037539
v -0.095587 0.059056 0.000000
v -0.086659 0.058125 0.037539
v -0.077919 0.095618 0.000000
v -0.070052 0.094803 0.032957
v -0.059982 0.127032 0.030418
v -0.067025 0.127032 -0.001982
v -0.056878 0.171579 -0.003290
v -0.049814 0.172775 0.027544
v -0.086659 0.058125 0.037539
v -0.061738 0.055527 0.067258
v -0.028393 0.052050 0.083166
v 0.008637 0.048189 0.081243
v 0.042477 0.044661 0.064266
v 0.014751 0.084622 0.074296
v 0.066828 0.042122 0.035332
v 0.075030 0.041266 0.000000
v 0.076471 0.079027 0.000000
v 0.072039 0.127032 0.030418
v 0.079082 0.127032 -0.001982
v 0.075091 0.180407 0.026659
v 0.081915 0.180800 -0.003272
v 0.075094 0.180487 -0.033206
v 0.079465 0.245155 -0.003600
v 0.073223 0.247137 -0.030994
v -0.020611 0.088968 -0.078925
v -0.010353 0.127032 -0.074786
v -0.020611 0.088968 -0.078925
v -0.037791 0.127032 -0.060366
v -0.050397 0.092234 -0.063583
v -0.059982 0.127032 -0.034383
v -0.070052 0.094803 -0.035388
v -0.050397 0.092234 0.061153
v -0.037791 0.127032 0.056402
v -0.020611 0.088968 0.076495
v 0.049229 0.127032 0.056402
v 0.014751 0.084622 -0.076727
v 0.068256 0.079032 -0.034526
v 0.000033 0.008809 -0.090025
v -0.028393 0.052050 -0.083166
v -0.086659 0.058125 0.037539
v -0.028393 0.052050 0.083166
v 0.000033 0.008809 0.090025
v -0.007982 -0.050036 0.073131
v 0.000033 0.008809 0.090025
v 0.055977 0.179531 -0.057212
v -0.002308 0.176536 -0.070539
v -0.030072 0.174400 -0.058842
v -0.049812 0.172857 -0.034120
v -0.067025 0.127032 -0.001982
v -0.030076 0.174253 0.052272
v 0.055956 0.178768 0.050697
v 0.030734 0.242958 0.057480
v 0.055732 0.244212 0.045113
v 0.070306 0.284229 0.024474
v 0.053326 0.283061 0.045757
v 0.073223 0.244295 0.023853
v 0.055732 0.244212 0.045113
v 0.055956 0.178768 0.050697
v 0.029976 0.281454 0.057468
v 0.029976 0.281454 0.057468
v 0.047704 0.332304 0.045169
v 0.024495 0.332304 0.056443
v 0.001963 0.279596 0.057325
v -0.001885 0.332304 0.056389
v 0.072039 0.127032 0.030418
v 0.075091 0.180407 0.026659
v 0.055732 0.249333 -0.051686
v 0.054108 0.283115 -0.050649
v 0.070770 0.284261 -0.029012
v 0.030734 0.248744 -0.065021
v 0.030580 0.281496 -0.062752
v 0.054108 0.283115 -0.050649
v 0.047952 0.332304 -0.046699
v 0.024682 0.332304 -0.058060
v 0.002380 0.248920 -0.066156
v 0.002367 0.279624 -0.062871
v 0.024682 0.332304 -0.058060
v -0.001763 0.332304 -0.058044
v -0.021660 0.277971 -0.051001
v 0.002367 0.279624 -0.062871
v -0.021487 0.248321 -0.053594
v 0.002380 0.248920 -0.066156
v 0.002012 0.213335 -0.068052
v -0.024257 0.211298 -0.056163
v -0.038664 0.276801 -0.029505
v -0.039729 0.249739 -0.031908
v -0.038719 0.276798 0.023997
v -0.039729 0.248374 0.025124
v -0.021900 0.277955 0.045394
v -0.021487 0.246739 0.046243
v 0.002380 0.244363 0.058713
v 0.030734 0.242958 0.057480
v 0.076539 0.284658 -0.002201
v 0.064183 0.332304 -0.026220
v 0.047952 0.332304 -0.046699
v -0.025146 0.332304 -0.046682
v -0.001763 0.332304 -0.058044
v -0.041428 0.332304 -0.026237
v -0.047238 0.332304 -0.000776
v -0.041444 0.332304 0.024654
v -0.044740 0.276383 -0.002713
v -0.046238 0.249391 -0.003380
v -0.039729 0.248374 0.025124
v -0.049648 0.208556 -0.003528
v -0.042970 0.207667 0.025759
v -0.025217 0.332304 0.045045
v 0.047704 0.332304 0.045169
v 0.064034 0.332304 0.024777
v 0.069920 0.332304 -0.000703
v 0.064183 0.332304 -0.026220
v 0.070770 0.284261 -0.029012
v 0.076539 0.284658 -0.002201
v -0.024257 0.211298 -0.056163
v -0.002308 0.176536 -0.070539
v -0.042970 0.210759 -0.032745
v -0.038664 0.276801 -0.029505
v -0.047238 0.332304 -0.000776
v -0.039729 0.248374 0.025124
v -0.024257 0.207346 0.049263
v 0.002367 0.279624 -0.062871
v 0.019291 0.340813 0.053127
v 0.021737 0.423386 0.096021
v 0.001038 0.477407 0.063282
v -0.006262 0.415875 0.097217
v -0.030263 0.461135 0.064377
v 0.043590 0.422694 0.076949
v 0.016022 0.372810 0.065886
v 0.040519 0.376705 0.053349
v 0.009435 0.432213 0.074348
v 0.054788 0.378650 0.029577
v 0.054848 0.392869 0.039892
v 0.068393 0.397389 0.018857
v 0.045396 0.447274 0.046628
v 0.068593 0.397718 -0.006563
v -0.054372 0.381465 0.072963
v -0.029654 0.384921 0.083796
v -0.033399 0.441737 0.077759
v -0.002658 0.385674 0.080495
v -0.065819 0.351215 -0.016096
v -0.066943 0.349692 0.010638
v -0.088099 0.409190 -0.014774
v -0.053524 0.351364 0.033778
v -0.069459 0.407116 0.072474
v -0.072850 0.453227 0.048628
v 0.059891 0.435336 0.063172
v 0.017832 0.472283 0.052589
v -0.099133 0.402361 0.007728
v -0.085818 0.453524 -0.005683
v 0.039275 0.530532 0.053941
v 0.033965 0.517092 0.072997
v 0.025299 0.509192 0.032657
v 0.019140 0.493402 0.056991
v 0.010402 0.470367 0.048006
v 0.010079 0.477200 0.015026
v -0.005031 0.510485 0.058837
v -0.021810 0.478559 0.042553
v 0.015020 0.531565 0.074878
v -0.054558 0.534843 0.068816
v -0.050438 0.516640 0.082624
v -0.041524 0.520534 0.043021
v -0.036999 0.498506 0.060993
v -0.022058 0.482487 0.048025
v -0.021500 0.497975 0.019236
v -0.063850 0.490679 0.054178
v -0.044974 0.466584 0.030967
v -0.072413 0.510967 0.077739
v -0.003358 0.551152 0.034906
v -0.011953 0.535805 0.051758
v -0.002298 0.520060 0.013323
v -0.013064 0.502243 0.034901
v -0.013064 0.502243 0.034901
v -0.001154 0.476584 -0.004155
v -0.011723 0.471976 0.026441
v -0.038733 0.514908 0.025980
v -0.039463 0.471167 0.009153
v -0.032497 0.547033 0.045028
v -0.038733 0.514908 0.025980
v 0.052496 0.510773 -0.015932
v 0.035060 0.487948 -0.012139
v 0.036647 0.522909 -0.025773
v 0.014712 0.502167 -0.024345
v 0.026104 0.466557 -0.010801
v -0.003446 0.471998 -0.021788
v 0.025255 0.499949 0.010774
v 0.007639 0.469666 0.015138
v 0.045078 0.521135 0.002314
v -0.105392 0.486467 0.019037
v -0.085177 0.473469 0.009196
v -0.093915 0.500901 0.026646
v -0.070131 0.490903 0.018386
v -0.071782 0.458706 0.003184
v -0.046870 0.471933 0.008359
v -0.085738 0.488509 -0.010509
v -0.063280 0.469416 -0.022022
v -0.106396 0.498987 0.003538
v -0.085738 0.488509 -0.010509
v 0.013737 0.530118 -0.028625
v 0.002307 0.528049 -0.003695
v 0.011861 0.491161 -0.030946
v -0.002323 0.490028 -0.000086
v 0.011861 0.491161 -0.030946
v 0.009062 0.444197 -0.022422
v -0.003547 0.459458 0.009240
v -0.032349 0.498175 -0.013756
v -0.037423 0.451573 -0.004347
v -0.021619 0.535728 -0.014878
v -0.046537 0.530919 -0.018733
v -0.054850 0.518717 0.003583
v -0.029389 0.499494 -0.028179
v -0.040399 0.485508 -0.000294
v -0.040399 0.485508 -0.000294
v -0.008947 0.459111 -0.029031
v -0.026501 0.458769 0.002704
v -0.070412 0.479872 -0.013015
v -0.052081 0.438480 -0.013087
v -0.079345 0.515227 -0.006606
v -0.045517 0.449032 0.102086
v -0.052764 0.480318 0.065494
v -0.067249 0.358243 0.015331
v -0.054411 0.358720 0.039943
v -0.030447 0.361959 0.053584
v -0.044415 0.416478 0.067318
v -0.102524 0.431810 0.028916
v -0.085287 0.469478 0.006835
v -0.007982 -0.050036 -0.073131
v -0.041261 -0.050036 -0.073131
v -0.049554 -0.016678 -0.097945
v -0.041242 0.012580 -0.090025
v 0.000033 0.008809 -0.090025
vn -0.6086 0.5850 0.5362
vn -0.3448 0.6326 0.6935
vn -0.1232 0.9881 -0.0920
vn 0.2640 0.7354 0.6241
vn 0.4543 0.8048 0.3819
vn -0.3541 0.9352 -0.0097
vn -0.8301 0.5560 -0.0431
vn -0.7748 0.5752 0.2623
vn -0.0588 0.9969 -0.0528
vn -0.2584 0.8318 0.4913
vn 0.0254 0.8519 0.5230
vn -0.0391 0.9275 -0.3717
vn -0.6823 0.7311 -0.0019
vn -0.5735 0.7768 0.2601
vn 0.1488 0.9571 -0.2486
vn -0.0000 -1.0000 -0.0000
vn 0.5654 -0.7807 0.2661
vn 0.3893 -0.7865 0.4793
vn 0.8301 -0.3680 0.4189
vn 0.5718 -0.3094 0.7598
vn 0.6103 0.0958 0.7864
vn 0.8948 -0.0039 0.4464
vn -0.1332 -0.8010 -0.5836
vn -0.3855 -0.7965 -0.4658
vn -0.2429 -0.2154 -0.9458
vn -0.6224 -0.1898 -0.7594
vn -0.5845 0.3128 -0.7487
vn -0.2096 0.2683 -0.9402
vn 0.5654 -0.7807 -0.2662
vn 0.3894 -0.7865 -0.4793
vn 0.8301 -0.3680 -0.4190
vn 0.5718 -0.3094 -0.7598
vn 0.6103 0.0958 -0.7864
vn 0.8948 -0.0039 -0.4464
vn -0.2251 0.1469 0.9632
vn 0.2742 0.0862 0.9578
vn -0.1801 0.0998 0.9786
vn 0.2329 0.0842 0.9688
vn -0.1975 0.1662 0.9661
vn 0.8582 0.5133 -0.0000
vn 0.7711 0.4912 -0.4051
vn -0.1546 0.9880 -0.0000
vn 0.8721 0.2503 -0.4204
vn 0.9633 0.2683 0.0020
vn 0.5222 0.4284 -0.7374
vn 0.6126 0.1977 -0.7653
vn 0.5223 0.4284 -0.7373
vn 0.1546 0.3347 -0.9295
vn 0.2291 0.1097 -0.9672
vn -0.2641 0.2270 -0.9374
vn -0.2055 0.0021 -0.9787
vn -0.2642 0.2270 -0.9374
vn -0.6432 0.1292 -0.7547
vn -0.1545 0.9880 -0.0000
vn -0.6053 -0.1017 -0.7895
vn -0.2055 0.0021 -0.9786
vn -0.9062 0.0586 -0.4187
vn -0.8806 -0.1801 -0.4383
vn -0.9994 0.0332 -0.0000
vn -0.9779 -0.2092 0.0020
vn -0.9062 0.0588 0.4188
vn -0.8784 -0.1859 0.4402
vn -0.6435 0.1270 0.7548
vn -0.9062 0.0587 0.4189
vn -0.6033 -0.1136 0.7894
vn -0.6435 0.1271 0.7548
vn -0.2642 0.2270 0.9374
vn -0.2056 -0.0117 0.9786
vn 0.1546 0.3348 0.9295
vn -0.2055 -0.0117 0.9786
vn 0.2290 0.0939 0.9689
vn 0.5222 0.4284 0.7374
vn 0.6142 0.1859 0.7669
vn 0.7711 0.4912 0.4051
vn -0.1545 0.9880 -0.0001
vn 0.8727 0.2446 0.4227
vn 0.2839 0.0528 -0.9574
vn -0.2250 0.1037 -0.9688
vn -0.1800 0.0821 -0.9802
vn 0.2428 0.0333 -0.9695
vn -0.1995 0.1213 -0.9724
vn -0.3113 0.5657 0.7636
vn -0.0391 0.5908 0.8059
vn -0.1193 0.9902 0.0723
vn 0.0293 0.1056 0.9940
vn -0.3248 0.0685 0.9433
vn -0.3091 -0.1076 0.9449
vn 0.0509 -0.0666 0.9965
vn 0.2272 0.6326 0.7404
vn 0.3756 0.1545 0.9138
vn -0.1017 0.6571 0.7469
vn 0.1860 0.6987 0.6909
vn -0.1643 0.9836 -0.0744
vn -0.0274 0.2291 0.9730
vn 0.3285 0.2815 0.9016
vn 0.4307 0.7302 0.5304
vn 0.6340 0.3189 0.7045
vn 0.1447 0.7274 0.6708
vn 0.3778 0.7617 0.5264
vn -0.1662 0.9859 -0.0196
vn 0.6248 0.3093 0.7169
vn 0.3151 0.2623 0.9121
vn 0.5383 0.7870 0.3014
vn 0.8412 0.3424 0.4185
vn 0.3346 0.8101 0.4814
vn 0.4658 0.8553 0.2270
vn -0.3032 0.9529 0.0097
vn 0.8374 0.4598 0.2954
vn 0.3347 0.8101 0.4814
vn 0.6618 0.3994 0.6344
vn 0.4951 0.8667 -0.0607
vn 0.8752 0.4757 -0.0881
vn -0.4068 0.7628 0.5026
vn -0.1507 0.7908 0.5932
vn -0.0509 0.9793 -0.1958
vn -0.1625 0.3603 0.9186
vn -0.5030 0.3210 0.8025
vn 0.1213 0.8062 0.5791
vn 0.1958 0.3781 0.9048
vn -0.8621 0.4997 -0.0843
vn -0.8472 0.4891 0.2074
vn -0.2035 0.9780 0.0470
vn -0.9706 -0.0313 0.2388
vn -0.9896 -0.0156 -0.1427
vn -0.7243 0.5011 0.4736
vn -0.8097 -0.0137 0.5867
vn -0.0391 0.6746 0.7372
vn 0.0235 0.2502 0.9679
vn -0.3542 0.1976 0.9140
vn -0.3387 0.0451 0.9398
vn 0.0431 0.0979 0.9943
vn 0.5438 0.8354 0.0801
vn 0.8661 0.4886 0.1055
vn 0.7565 0.4514 0.4732
vn 0.8187 0.3153 0.4799
vn 0.9290 0.3540 0.1076
vn -0.6068 0.5989 0.5226
vn -0.7165 0.1507 0.6811
vn -0.9257 0.1213 0.3582
vn -0.9283 -0.0353 0.3702
vn -0.7168 -0.0040 0.6972
vn 0.3052 0.8393 0.4500
vn 0.3993 0.4931 0.7730
vn 0.0547 0.5102 0.8583
vn 0.0607 0.3736 0.9256
vn 0.4088 0.3540 0.8411
vn -0.7786 0.5438 0.3130
vn -0.6257 0.5535 0.5496
vn -0.1741 0.9822 0.0704
vn -0.7216 0.0196 0.6921
vn -0.7787 0.5438 0.3130
vn -0.9291 0.0059 0.3697
vn -0.3972 0.5812 0.7103
vn -0.4093 0.0588 0.9105
vn -0.3701 0.8047 0.4641
vn -0.5441 0.4305 0.7202
vn -0.7887 0.4011 0.4659
vn -0.8210 0.2600 0.5083
vn -0.5734 0.2877 0.7671
vn -0.1332 -0.8010 0.5836
vn -0.3855 -0.7965 0.4658
vn -0.2428 -0.2154 0.9459
vn -0.6224 -0.1898 0.7594
vn 0.2252 0.1918 -0.9553
vn 0.1919 -0.2564 -0.9473
vn 0.1408 -0.7934 -0.5921
vn -0.8388 0.3363 -0.4282
vn -0.8768 -0.1976 -0.4384
vn -0.5534 -0.7900 -0.2640
vn -0.9410 0.3384 -0.0000
vn -0.9770 -0.2134 -0.0000
vn -0.8768 -0.1977 -0.4384
vn -0.5534 -0.7900 -0.2639
vn -0.6146 -0.7888 -0.0000
vn -0.0001 -1.0000 -0.0000
vn -0.8768 -0.1977 0.4384
vn -0.8388 0.3363 0.4281
vn -0.5534 -0.7900 0.2639
vn -0.5845 0.3128 0.7487
vn -0.8388 0.3363 0.4282
vn -0.8767 -0.1977 0.4385
vn -0.5534 -0.7900 0.2640
vn -0.2096 0.2684 0.9402
vn 0.2251 0.1918 0.9553
vn 0.1919 -0.2564 0.9473
vn 0.1408 -0.7934 0.5921
vn 0.9194 -0.3932 -0.0000
vn 0.9987 -0.0509 -0.0000
vn 0.5655 -0.7807 0.2661
vn 0.6299 -0.7767 -0.0000
vn 0.0001 -1.0000 -0.0000
vn 0.5655 -0.7807 -0.2661
vn 0.6234 -0.0157 -0.7817
vn 0.6208 -0.0313 -0.7834
vn 0.8900 -0.0450 -0.4538
vn 0.8922 -0.0567 -0.4481
vn 0.6110 0.0235 0.7913
vn 0.8878 -0.0235 0.4596
vn 0.6179 0.0176 0.7861
vn 0.8944 -0.0294 0.4463
vn 0.6201 0.0587 -0.7824
vn 0.8948 0.0078 -0.4464
vn 0.6234 -0.0156 -0.7817
vn 0.2644 0.0469 -0.9633
vn 0.2583 0.1194 -0.9587
vn -0.5749 0.3012 -0.7607
vn -0.1760 0.1995 -0.9640
vn -0.8124 0.3974 -0.4267
vn -0.8967 0.4426 -0.0000
vn -0.8065 0.4052 0.4306
vn -0.9226 0.3858 0.0039
vn -0.8320 0.3680 0.4151
vn -0.8650 0.2642 0.4266
vn -0.9640 0.2659 -0.0020
vn -0.9775 0.2111 -0.0020
vn -0.8807 0.2055 0.4267
vn -0.8064 0.4052 0.4307
vn -0.5674 0.3189 0.7592
vn -0.1723 0.2251 0.9590
vn 0.2525 0.1429 0.9570
vn 0.6152 0.0666 0.7856
vn 0.2506 0.0959 0.9633
vn 0.8948 0.0078 0.4464
vn 0.9999 -0.0159 -0.0000
vn 0.9987 -0.0509 0.0039
vn 0.8944 -0.0294 0.4462
vn 0.9985 -0.0548 -0.0020
vn 0.8998 0.0117 0.4362
vn 1.0000 -0.0040 -0.0019
vn 0.8979 -0.0000 -0.4401
vn 0.9987 0.0510 -0.0020
vn 0.8981 0.0546 -0.4363
vn 0.2643 0.0470 -0.9633
vn -0.1900 0.1548 -0.9695
vn -0.1996 0.1213 -0.9723
vn -0.6083 0.1975 -0.7687
vn -0.6024 0.2700 -0.7511
vn -0.8724 0.2425 -0.4245
vn -0.8415 0.3483 -0.4129
vn -0.5945 0.3070 0.7432
vn -0.6024 0.2348 0.7629
vn -0.1840 0.2056 0.9612
vn 0.8899 -0.0450 -0.4539
vn 0.2251 0.1918 -0.9553
vn -0.1759 0.1994 -0.9640
vn -0.1899 0.1548 -0.9695
vn 0.2582 0.1194 -0.9587
vn -0.1722 0.2251 0.9590
vn 0.1918 -0.2564 0.9474
vn 0.1407 -0.7934 0.5922
vn 0.6265 0.0215 -0.7791
vn -0.2251 0.1037 -0.9688
vn -0.6104 0.1448 -0.7787
vn -0.8827 0.1840 -0.4324
vn -0.6107 0.1801 0.7711
vn 0.6260 0.0411 0.7787
vn 0.2605 0.0587 0.9637
vn 0.6278 0.0528 0.7766
vn 0.8963 0.0880 0.4345
vn 0.6266 0.0567 0.7773
vn 0.6279 0.0528 0.7765
vn 0.9002 0.0509 0.4325
vn 0.8997 0.0117 0.4363
vn 0.6261 0.0411 0.7787
vn 0.2309 0.0294 0.9725
vn 0.6265 0.0567 0.7774
vn 0.6265 0.0567 0.7773
vn 0.6245 0.0939 0.7753
vn 0.2211 0.0449 0.9742
vn -0.2153 0.0098 0.9765
vn 0.2210 0.0449 0.9742
vn -0.2213 -0.0077 0.9752
vn 0.6179 0.0176 0.7860
vn 0.6286 0.0606 -0.7754
vn 0.6300 0.1096 -0.7688
vn 0.8999 0.1154 -0.4206
vn 0.2722 0.0686 -0.9598
vn 0.2368 0.0979 -0.9666
vn 0.6299 0.1096 -0.7689
vn 0.6239 0.1409 -0.7687
vn 0.2214 0.1039 -0.9696
vn -0.1879 0.0803 -0.9789
vn -0.2154 0.0783 -0.9734
vn 0.2213 0.1038 -0.9697
vn -0.2209 0.0509 -0.9740
vn -0.6260 0.0431 -0.7786
vn -0.2155 0.0783 -0.9734
vn -0.6221 0.0821 -0.7786
vn -0.1880 0.0803 -0.9789
vn -0.6164 0.1155 -0.7789
vn -0.8998 0.0098 -0.4362
vn -0.8952 0.0784 -0.4388
vn -0.9005 -0.0176 0.4346
vn -0.8944 0.0665 0.4423
vn -0.6266 -0.0098 0.7793
vn -0.6200 0.0607 0.7823
vn -0.1897 0.0607 0.9800
vn 0.9942 0.1077 0.0079
vn 0.8998 0.0118 0.4362
vn 0.6240 0.1408 -0.7686
vn 0.8925 0.1566 -0.4229
vn 0.2214 0.1038 -0.9696
vn 0.6239 0.1408 -0.7687
vn -0.2210 0.0508 -0.9740
vn -0.6266 -0.0058 -0.7793
vn -0.2210 0.0508 -0.9739
vn -0.9001 -0.0528 -0.4325
vn -0.9968 -0.0803 0.0019
vn -0.8785 -0.1858 0.4402
vn -0.8973 -0.0801 0.4340
vn -0.9999 -0.0098 -0.0020
vn -0.9974 0.0724 0.0019
vn -0.8944 0.0666 0.4423
vn -0.9903 0.1389 0.0019
vn -0.8919 0.1388 0.4304
vn -0.6034 -0.1136 0.7893
vn -0.6246 -0.0528 0.7792
vn 0.6246 0.0940 0.7753
vn 0.8921 0.1310 0.4325
vn 0.9883 0.1527 0.0058
vn 0.8926 0.1566 -0.4228
vn 0.9942 0.1077 0.0078
vn 0.8999 0.1154 -0.4205
vn -0.1801 0.0821 -0.9802
vn -0.8945 0.1330 -0.4268
vn -0.9001 -0.0527 -0.4324
vn -0.8944 0.0666 0.4424
vn -0.6143 0.1272 0.7787
vn 0.6240 0.1409 -0.7686
vn 0.6246 0.0939 0.7753
vn 0.4035 -0.0177 0.9148
vn 0.3584 0.1312 0.9243
vn 0.3285 0.2816 0.9015
vn -0.0020 0.0763 0.9971
vn 0.6691 0.1682 0.7239
vn 0.6341 0.3190 0.7044
vn 0.3520 0.0782 0.9327
vn 0.6673 0.1272 0.7339
vn 0.3152 0.2622 0.9121
vn 0.8886 0.1585 0.4305
vn 0.7316 0.2249 0.6436
vn 0.9103 0.2858 0.2994
vn 0.9491 0.3013 -0.0919
vn -0.5010 0.1449 0.8533
vn -0.1565 0.1857 0.9701
vn -0.5029 0.3209 0.8025
vn -0.1626 0.3603 0.9186
vn 0.2093 0.2015 0.9569
vn 0.1958 0.3780 0.9048
vn -0.9688 -0.1938 -0.1546
vn -0.9492 -0.2095 0.2349
vn -0.9896 -0.0157 -0.1427
vn -0.7849 -0.1918 0.5892
vn -0.6709 -0.0137 0.7414
vn -0.6813 0.1390 0.7186
vn 0.5835 0.2291 0.7792
vn 0.5244 0.3659 0.7689
vn -0.9982 -0.0587 -0.0118
vn -0.9952 0.0957 -0.0197
vn 0.9400 -0.2527 0.2291
vn 0.6186 -0.2858 0.7319
vn 0.9025 -0.3817 0.1996
vn 0.5790 -0.4305 0.6925
vn 0.3680 -0.8047 0.4659
vn 0.6635 -0.7438 0.0803
vn 0.0488 -0.3462 0.9369
vn -0.0528 -0.7120 0.7002
vn 0.0783 -0.2173 0.9730
vn 0.6868 0.4443 0.5752
vn 0.4386 0.0080 0.8986
vn 0.7750 0.3523 0.5246
vn 0.5397 -0.0900 0.8370
vn 0.7665 -0.3793 0.5182
vn 0.9558 0.0119 0.2939
vn 0.1272 -0.5150 0.8477
vn 0.4128 -0.7141 0.5654
vn 0.0332 -0.4307 0.9019
vn 0.8107 0.0137 0.5854
vn 0.3364 -0.0744 0.9388
vn 0.8163 -0.0960 0.5697
vn 0.3463 -0.1958 0.9175
vn 0.8163 -0.0959 0.5696
vn 0.3463 -0.1957 0.9175
vn 0.7610 -0.4558 0.4616
vn 0.3405 -0.5754 0.7437
vn -0.2449 -0.2449 0.9381
vn -0.1780 -0.5887 0.7885
vn -0.2563 -0.1370 0.9568
vn 0.9411 -0.1683 -0.2934
vn 0.8981 -0.3307 -0.2897
vn 0.5888 -0.0998 -0.8021
vn 0.5560 -0.2429 -0.7949
vn 0.6107 -0.7575 -0.2308
vn 0.3735 -0.6569 -0.6550
vn 0.8919 -0.3149 0.3247
vn 0.6482 -0.7149 0.2622
vn 0.9287 -0.1705 0.3292
vn -0.7299 -0.5245 0.4383
vn -0.6376 -0.6591 0.3989
vn -0.3089 -0.3794 0.8721
vn -0.2329 -0.5009 0.8336
vn -0.2504 -0.9444 0.2133
vn 0.0372 -0.8043 0.5930
vn -0.7871 -0.5855 -0.1938
vn -0.4167 -0.8744 -0.2485
vn -0.8691 -0.4658 -0.1665
vn -0.7871 -0.5856 -0.1938
vn 0.8080 0.2836 0.5164
vn 0.3852 0.4205 0.8215
vn 0.8064 0.1722 0.5657
vn 0.3874 0.2973 0.8726
vn 0.7108 -0.2153 0.6697
vn 0.3404 -0.1310 0.9311
vn -0.1448 0.3229 0.9353
vn -0.1116 -0.0841 0.9902
vn -0.1488 0.4343 0.8884
vn 0.5596 0.5361 0.6319
vn 0.1545 0.3814 0.9114
vn 0.6169 0.4289 0.6599
vn 0.2174 0.2703 0.9379
vn 0.6169 0.4290 0.6599
vn 0.7346 0.0313 0.6777
vn 0.3968 -0.1270 0.9091
vn -0.2310 0.0234 0.9727
vn 0.0039 -0.3191 0.9477
vn -0.2936 0.1272 0.9474
vn -0.2309 0.0234 0.9727
vn -0.2955 0.3464 0.8903
vn -0.2973 0.4830 0.8236
vn -0.9122 -0.1880 0.3641
vn -0.7012 -0.1744 0.6913
vn -0.3834 -0.1350 0.9136
vn -0.4092 0.0587 0.9105
vn -0.9625 0.1977 0.1858
vn -0.9291 0.3403 0.1448
vn 0.1407 -0.7934 -0.5922
vn -0.1331 -0.8010 -0.5836
vn 0.1918 -0.2564 -0.9474
vn -0.2428 -0.2154 -0.9459
vn -0.2096 0.2684 -0.9402
vt 0.753906 0.073608
vt 0.816406 0.076050
vt 0.816406 0.024338
vt 0.346436 1.045898
vt 0.479736 1.026367
vt 0.413330 1.026367
vt 0.479736 0.995605
vt 0.413330 0.995605
vt 0.413330 0.953125
vt 0.479736 0.953125
vt 0.004833 1.026367
vt 0.039215 1.026367
vt 0.004833 0.995605
vt 0.039215 0.995605
vt 0.039215 0.953125
vt 0.004833 0.953125
vt 0.598633 1.026367
vt 0.629395 1.026367
vt 0.598633 0.995605
vt 0.629395 0.995605
vt 0.629395 0.953125
vt 0.598633 0.953125
vt 0.280762 0.708496
vt 0.346924 0.708496
vt 0.280762 0.655762
vt 0.346924 0.781250
vt 0.280762 0.781250
vt 0.545898 0.411133
vt 0.598633 0.411133
vt 0.624512 0.370850
vt 0.598633 0.457764
vt 0.545898 0.457764
vt 0.629395 0.411133
vt 0.629395 0.457764
vt 0.654297 0.411133
vt 0.654297 0.457764
vt 0.680176 0.411133
vt 0.686523 0.457764
vt 0.004833 0.411133
vt 0.039215 0.411133
vt 0.183838 0.370850
vt 0.039215 0.457764
vt 0.004833 0.457764
vt 0.064209 0.411133
vt 0.064209 0.457764
vt 0.095093 0.411133
vt 0.095093 0.457764
vt 0.147949 0.411133
vt 0.147949 0.457764
vt 0.214355 0.411133
vt 0.214355 0.457764
vt 0.281738 0.411133
vt 0.281738 0.457764
vt 0.346924 0.411133
vt 0.346924 0.457764
vt 0.413330 0.411133
vt 0.413330 0.457764
vt 0.479736 0.411133
vt 0.479736 0.457764
vt 0.654297 0.708496
vt 0.686523 0.708496
vt 0.686523 0.655762
vt 0.654297 0.781250
vt 0.686523 0.781250
vt 0.753906 0.075928
vt 0.817383 0.075928
vt 0.817383 0.021957
vt 0.817383 0.166382
vt 0.751953 0.166382
vt 0.768555 0.323242
vt 0.817383 0.323242
vt 0.879395 0.075928
vt 0.877441 0.166382
vt 0.863281 0.392578
vt 0.932129 0.392578
vt 0.932129 0.356445
vt 0.858398 0.466553
vt 0.932129 0.466553
vt 0.993652 0.392578
vt 0.998047 0.466553
vt 0.898926 0.072937
vt 0.948242 0.072937
vt 0.948242 0.023453
vt 0.948242 0.127808
vt 0.894531 0.127808
vt 0.988770 0.072937
vt 0.991211 0.127808
vt 0.881836 0.076050
vt 0.816406 0.166382
vt 0.816406 0.322510
vt 0.857910 0.322998
vt 0.816895 0.322510
vt 0.280762 1.026367
vt 0.214355 1.026367
vt 0.280762 0.995605
vt 0.214355 0.995605
vt 0.654297 0.953125
vt 0.654297 0.995605
vt 0.654297 1.026367
vt 0.064209 0.953125
vt 0.064209 0.995605
vt 0.064209 1.026367
vt 0.095093 0.953125
vt 0.095093 0.995605
vt 0.095093 1.026367
vt 0.147949 0.995605
vt 0.147949 0.953125
vt 0.147949 1.026367
vt 0.214355 0.953125
vt 0.280762 0.953125
vt 0.346924 0.953125
vt 0.346924 0.995605
vt 0.346924 1.026367
vt 0.545898 0.995605
vt 0.545898 0.953125
vt 0.545898 1.026367
vt 0.629395 0.848633
vt 0.629395 0.781250
vt 0.598633 0.848633
vt 0.598633 0.781250
vt 0.413330 0.848633
vt 0.479736 0.848633
vt 0.413330 0.781250
vt 0.479736 0.781250
vt 0.629395 0.895996
vt 0.598633 0.895996
vt 0.654297 0.848633
vt 0.654297 0.895996
vt 0.039215 0.895996
vt 0.004833 0.895996
vt 0.064209 0.895996
vt 0.095093 0.895996
vt 0.147949 0.895996
vt 0.095093 0.848633
vt 0.147949 0.848633
vt 0.147949 0.781250
vt 0.095093 0.781250
vt 0.095093 0.708496
vt 0.147949 0.708496
vt 0.214355 0.895996
vt 0.280762 0.895996
vt 0.346924 0.895996
vt 0.413330 0.895996
vt 0.346924 0.848633
vt 0.479736 0.895996
vt 0.545898 0.895996
vt 0.545898 0.848633
vt 0.545898 0.781250
vt 0.479736 0.708496
vt 0.545898 0.708496
vt 0.598633 0.708496
vt 0.545898 0.598145
vt 0.598633 0.598145
vt 0.686523 0.848633
vt 0.004833 0.781250
vt 0.004833 0.848633
vt 0.039215 0.781250
vt 0.039215 0.848633
vt 0.064209 0.781250
vt 0.064209 0.848633
vt 0.214355 0.848633
vt 0.214355 0.781250
vt 0.280762 0.848633
vt 0.686523 0.895996
vt 0.629395 0.708496
vt 0.004833 0.708496
vt 0.039215 0.708496
vt 0.064209 0.708496
vt 0.214355 0.708496
vt 0.413330 0.708496
vt 0.346924 0.598145
vt 0.413330 0.598145
vt 0.479736 0.558594
vt 0.413330 0.558594
vt 0.479736 0.598145
vt 0.346924 0.558594
vt 0.413330 0.503418
vt 0.346924 0.503418
vt 0.280762 0.558594
vt 0.281494 0.503418
vt 0.629395 0.598145
vt 0.629395 0.558594
vt 0.598633 0.558594
vt 0.654297 0.598145
vt 0.654297 0.558594
vt 0.629395 0.503418
vt 0.654297 0.503418
vt 0.686523 0.597168
vt 0.686523 0.558594
vt 0.686523 0.503418
vt 0.039215 0.558594
vt 0.004833 0.558594
vt 0.039215 0.597168
vt 0.004833 0.597168
vt 0.004833 0.655762
vt 0.039215 0.655762
vt 0.064209 0.558594
vt 0.064209 0.596680
vt 0.147949 0.558594
vt 0.147949 0.596680
vt 0.214355 0.558594
vt 0.214355 0.597168
vt 0.280762 0.597168
vt 0.545898 0.558594
vt 0.598633 0.503418
vt 0.039215 0.503418
vt 0.004833 0.503418
vt 0.064209 0.503418
vt 0.095093 0.503418
vt 0.147949 0.503418
vt 0.095093 0.558594
vt 0.095093 0.596680
vt 0.095093 0.655762
vt 0.147949 0.655762
vt 0.214355 0.503418
vt 0.479736 0.503418
vt 0.545898 0.503418
vt 0.064209 0.655762
vt 0.214355 0.655762
vt 0.857910 0.323730
vt 0.932129 0.614258
vt 0.872070 0.614258
vt 0.986328 0.614258
vt 0.872070 0.613770
vt 0.932129 0.613770
vt 0.986328 0.613770
vt 0.916504 0.320312
vt 0.948242 0.320312
vt 0.968262 0.320312
vt 0.768555 0.322510
vt 0.829590 0.339600
vt 0.781250 0.339600
vt 0.844727 0.457275
vt 0.781250 0.457275
vt 0.781250 0.561035
vt 0.850098 0.561035
vt 0.719727 0.457275
vt 0.713867 0.561035
vt 0.732910 0.339600
vt 0.872070 0.614746
vt 0.932129 0.614746
vt 0.986328 0.614746
vt 0.686523 1.026367
vt 0.686523 0.995605
vt 0.686523 0.953125
s 1
usemtl mIdrTreePalmTrunk
f 1/1/1 2/2/2 3/3/3
f 4/1/4 5/2/5 6/3/6
f 7/1/7 8/2/8 9/3/9
f 10/1/10 11/2/11 12/3/12
f 13/1/13 14/2/14 15/3/15
f 16/4/16 17/5/17 18/6/18
f 17/5/17 19/7/19 18/6/18
f 19/7/19 20/8/20 18/6/18
f 20/8/20 19/7/19 21/9/21
f 19/7/19 22/10/22 21/9/21
f 23/11/23 16/4/16 24/12/24
f 23/11/23 24/12/24 25/13/25
f 24/12/24 26/14/26 25/13/25
f 26/14/26 27/15/27 25/13/25
f 27/15/27 28/16/28 25/13/25
f 29/17/29 16/4/16 30/18/30
f 29/17/29 30/18/30 31/19/31
f 30/18/30 32/20/32 31/19/31
f 32/20/32 33/21/33 31/19/31
f 33/21/33 34/22/34 31/19/31
f 35/23/35 36/24/36 37/25/37
f 38/26/38 36/24/36 35/23/35
f 39/27/39 38/26/38 35/23/35
f 40/28/40 41/29/41 42/30/42
f 43/31/43 41/29/41 40/28/40
f 44/32/44 43/31/43 40/28/40
f 41/29/41 45/33/45 42/30/42
f 46/34/46 45/33/45 41/29/41
f 43/31/43 46/34/46 41/29/41
f 47/33/47 48/35/48 42/30/42
f 49/36/49 48/35/48 45/33/45
f 46/34/46 49/36/49 45/33/45
f 48/35/48 50/37/50 42/30/42
f 51/38/51 50/37/50 48/35/48
f 49/36/49 51/38/51 48/35/48
f 52/39/52 53/40/53 54/41/54
f 55/42/55 53/40/53 52/39/52
f 56/43/56 55/42/55 52/39/52
f 53/40/53 57/44/57 54/41/54
f 58/45/58 57/44/57 53/40/53
f 55/42/55 58/45/58 53/40/53
f 57/44/57 59/46/59 54/41/54
f 60/47/60 59/46/59 57/44/57
f 58/45/58 60/47/60 57/44/57
f 59/46/59 61/48/61 54/41/54
f 61/48/61 59/46/59 60/47/60
f 62/49/62 61/48/61 60/47/60
f 61/48/61 63/50/63 54/41/54
f 64/50/63 61/48/64 65/49/62
f 66/51/65 64/50/63 65/49/62
f 64/50/66 67/52/67 54/41/42
f 67/52/67 64/50/66 68/51/65
f 69/53/68 67/52/67 68/51/65
f 67/52/67 70/54/69 54/41/42
f 70/54/69 67/52/67 71/53/70
f 72/55/71 70/54/69 71/53/70
f 70/54/69 73/56/72 54/41/42
f 74/56/72 70/54/69 72/55/71
f 75/57/73 74/56/72 72/55/71
f 74/56/72 76/58/74 54/41/75
f 76/58/74 74/56/72 75/57/73
f 77/59/76 76/58/74 75/57/73
f 76/58/74 40/28/40 42/30/42
f 40/28/40 76/58/74 77/59/76
f 44/32/44 40/28/40 77/59/76
f 78/60/77 79/61/78 80/62/79
f 78/60/77 81/63/80 82/61/78
f 81/63/80 83/64/81 82/61/78
f 84/65/82 85/66/83 86/67/84
f 87/68/85 85/66/83 84/65/82
f 88/69/86 87/68/85 84/65/82
f 87/68/85 88/69/86 89/70/87
f 90/71/88 87/68/85 89/70/87
f 85/66/83 91/72/89 86/67/84
f 91/72/89 85/66/83 87/68/85
f 92/73/90 91/72/89 87/68/85
f 93/74/91 94/75/92 95/76/93
f 94/75/92 93/74/91 96/77/94
f 97/78/95 94/75/92 96/77/94
f 94/75/92 98/79/96 95/76/93
f 99/80/97 98/79/96 94/75/92
f 97/78/95 99/80/97 94/75/92
f 100/74/98 101/75/99 102/76/100
f 103/78/101 101/75/99 100/74/98
f 104/77/102 103/78/101 100/74/98
f 101/75/99 105/79/103 102/76/100
f 105/79/103 101/75/99 103/78/101
f 106/80/104 105/79/103 103/78/101
f 107/81/105 108/82/106 109/83/107
f 110/84/108 108/82/106 111/81/109
f 112/85/110 110/84/108 111/81/109
f 108/82/106 113/86/111 109/83/107
f 113/86/111 108/82/106 110/84/108
f 114/87/112 113/86/111 110/84/108
f 115/81/113 116/82/114 117/83/115
f 118/84/116 116/82/114 115/81/113
f 119/85/117 118/84/116 115/81/113
f 116/82/114 120/86/118 117/83/115
f 120/86/118 116/82/114 118/84/116
f 121/87/119 120/86/118 118/84/116
f 122/81/120 123/82/121 124/83/122
f 125/84/123 123/82/121 122/81/120
f 126/85/124 125/84/123 122/81/120
f 123/82/121 127/86/125 124/83/122
f 127/86/125 123/82/121 125/84/123
f 128/87/126 127/86/125 125/84/123
f 2/2/2 129/88/127 3/3/3
f 130/73/128 129/88/127 2/2/2
f 131/89/129 130/73/128 2/2/2
f 130/73/128 131/89/129 132/90/130
f 133/91/131 130/73/128 132/90/130
f 5/2/5 134/88/132 6/3/6
f 135/73/133 134/88/132 5/2/5
f 136/89/134 135/73/133 5/2/5
f 135/73/133 136/89/134 137/90/135
f 138/91/136 135/73/133 137/90/135
f 8/2/8 139/88/137 9/3/9
f 140/73/138 139/88/137 8/2/8
f 141/89/139 140/73/138 8/2/8
f 140/73/138 141/89/139 142/90/140
f 143/91/141 140/73/138 142/90/140
f 11/2/11 144/88/142 12/3/12
f 145/73/143 144/88/142 11/2/11
f 146/89/144 145/73/143 11/2/11
f 145/73/143 146/89/144 147/92/145
f 148/91/146 145/73/143 147/92/145
f 149/74/147 150/75/148 151/76/149
f 152/78/150 150/75/148 153/74/151
f 154/77/152 152/78/150 153/74/151
f 150/75/148 155/79/153 151/76/149
f 155/79/153 150/75/148 152/78/150
f 156/80/154 155/79/153 152/78/150
f 14/2/14 157/88/155 15/3/15
f 158/73/156 157/88/155 14/2/14
f 159/89/157 158/73/156 14/2/14
f 158/73/156 159/89/157 160/90/158
f 161/91/159 158/73/156 160/90/158
f 16/4/16 162/93/160 163/94/161
f 162/93/160 164/95/162 163/94/161
f 164/95/162 165/96/163 163/94/161
f 166/97/164 33/21/33 32/20/32
f 167/98/165 166/97/164 32/20/32
f 168/99/166 167/98/165 32/20/32
f 30/18/30 168/99/166 32/20/32
f 30/18/30 16/4/16 168/99/166
f 169/100/167 27/15/27 26/14/26
f 170/101/168 169/100/167 26/14/26
f 170/101/168 26/14/26 24/12/24
f 171/102/169 170/101/168 24/12/24
f 24/12/24 16/4/16 171/102/169
f 172/103/170 169/100/167 170/101/168
f 173/104/171 172/103/170 170/101/168
f 173/104/171 174/101/172 175/102/173
f 176/105/174 173/104/171 175/102/173
f 175/102/173 16/4/175 176/105/174
f 177/106/176 178/107/177 172/103/170
f 173/104/171 177/106/176 172/103/170
f 179/108/178 177/106/176 173/104/171
f 176/105/174 179/108/178 173/104/171
f 176/105/174 16/4/175 179/108/178
f 165/96/163 180/109/179 178/107/180
f 181/106/181 165/96/163 178/107/180
f 163/94/161 165/96/163 181/106/181
f 182/108/182 163/94/161 181/106/181
f 16/4/16 163/94/161 182/108/182
f 165/96/163 164/95/162 180/109/179
f 164/95/162 183/110/183 180/109/179
f 20/8/20 21/9/21 184/111/184
f 185/112/185 20/8/20 184/111/184
f 20/8/20 185/112/185 186/113/186
f 18/6/18 20/8/20 186/113/186
f 16/4/16 18/6/18 186/113/186
f 187/114/187 188/115/188 22/10/22
f 19/7/19 187/114/187 22/10/22
f 187/114/187 19/7/19 189/5/189
f 190/116/190 187/114/187 189/5/189
f 16/4/191 190/116/190 189/5/189
f 34/22/34 188/115/188 187/114/187
f 31/19/31 34/22/34 187/114/187
f 191/17/192 31/19/31 187/114/187
f 190/116/190 191/17/192 187/114/187
f 191/17/192 190/116/190 16/4/191
f 192/117/193 193/118/194 194/119/195
f 193/118/194 195/120/196 194/119/195
f 196/121/197 197/122/198 198/123/199
f 197/122/198 199/124/200 198/123/199
f 33/21/33 200/125/201 34/22/34
f 200/125/201 201/126/202 34/22/34
f 192/117/203 200/125/201 202/127/204
f 200/125/201 203/128/205 202/127/204
f 27/15/27 204/129/206 28/16/28
f 204/129/206 205/130/207 28/16/28
f 169/100/167 206/131/208 27/15/27
f 206/131/208 204/129/206 27/15/27
f 172/103/170 207/132/209 169/100/167
f 207/132/209 206/131/208 169/100/167
f 172/103/170 178/107/177 207/132/209
f 178/107/177 208/133/210 207/132/209
f 207/132/209 208/133/210 209/134/211
f 208/133/210 210/135/212 209/134/211
f 209/134/211 210/135/212 211/136/213
f 212/137/214 209/134/211 211/136/213
f 212/137/214 211/136/213 213/138/215
f 211/136/213 214/139/216 213/138/215
f 178/107/180 180/109/179 215/133/217
f 180/109/179 216/140/218 215/133/217
f 180/109/179 183/110/183 216/140/218
f 183/110/183 217/141/219 216/140/218
f 218/142/220 219/143/221 220/144/222
f 219/143/221 196/121/197 220/144/222
f 219/143/221 221/145/223 196/121/197
f 221/145/223 197/122/198 196/121/197
f 221/145/223 222/146/224 197/122/198
f 222/146/224 223/147/225 197/122/198
f 197/122/198 223/147/225 224/124/226
f 223/147/225 225/148/227 224/124/226
f 224/124/226 225/148/227 226/149/228
f 225/148/227 227/150/229 226/149/228
f 222/146/224 201/126/202 194/119/195
f 223/147/225 222/146/224 194/119/195
f 223/147/225 194/119/195 225/148/227
f 194/119/195 195/120/196 225/148/227
f 225/148/227 195/120/196 228/151/230
f 227/150/229 225/148/227 228/151/230
f 227/150/229 228/151/230 229/152/231
f 228/151/230 230/153/232 229/152/231
f 81/63/80 202/127/233 83/64/81
f 202/127/233 231/154/234 83/64/81
f 232/155/235 233/156/234 234/157/236
f 233/156/234 235/158/237 234/157/236
f 234/157/236 235/158/237 236/159/238
f 235/158/237 237/160/239 236/159/238
f 236/159/238 237/160/239 212/137/214
f 237/160/239 209/134/211 212/137/214
f 210/135/212 238/161/240 211/136/213
f 238/161/240 239/162/241 211/136/213
f 238/161/240 240/163/242 239/162/241
f 240/163/242 39/27/39 239/162/241
f 240/163/242 220/144/222 39/27/39
f 220/144/222 38/26/38 39/27/39
f 220/144/222 196/121/197 38/26/38
f 196/121/197 241/123/199 38/26/38
f 242/127/204 81/63/80 192/117/193
f 81/63/80 193/118/194 192/117/193
f 200/125/201 192/117/203 201/126/202
f 192/117/203 243/119/243 201/126/202
f 200/125/201 33/21/33 203/128/205
f 33/21/33 244/97/244 203/128/205
f 245/164/245 231/154/246 203/128/247
f 231/154/246 242/127/233 203/128/247
f 204/129/206 235/158/237 205/130/207
f 235/158/237 233/156/234 205/130/207
f 206/131/208 237/160/239 204/129/206
f 237/160/239 235/158/237 204/129/206
f 207/132/209 209/134/211 206/131/208
f 209/134/211 237/160/239 206/131/208
f 246/133/217 216/140/218 210/135/212
f 216/140/218 238/161/240 210/135/212
f 216/140/218 217/141/219 238/161/240
f 217/141/219 240/163/242 238/161/240
f 218/142/220 220/144/222 240/163/242
f 247/141/248 218/142/220 240/163/242
f 183/110/183 248/111/184 247/141/248
f 248/111/184 218/142/220 247/141/248
f 185/112/249 248/111/184 183/110/183
f 164/95/162 185/112/249 183/110/183
f 185/112/249 164/95/162 162/93/160
f 249/113/250 185/112/249 162/93/160
f 16/4/16 249/113/250 162/93/160
f 219/143/221 218/142/220 21/9/21
f 218/142/220 250/111/184 21/9/21
f 221/145/223 219/143/221 22/10/22
f 219/143/221 21/9/21 22/10/22
f 222/146/224 221/145/223 188/115/188
f 221/145/223 22/10/22 188/115/188
f 222/146/224 188/115/188 201/126/202
f 188/115/188 34/22/34 201/126/202
f 193/118/194 251/165/251 195/120/196
f 251/165/251 228/151/230 195/120/196
f 251/165/251 193/118/194 78/60/77
f 193/118/194 81/63/80 78/60/77
f 252/166/252 232/155/235 253/167/253
f 232/155/235 234/157/236 253/167/253
f 236/159/238 254/168/254 234/157/236
f 254/168/254 253/167/253 234/157/236
f 255/137/214 213/138/215 236/159/238
f 213/138/215 254/168/254 236/159/238
f 211/136/213 239/162/241 214/139/216
f 239/162/241 256/169/255 214/139/216
f 239/162/241 39/27/39 256/169/255
f 39/27/39 35/23/35 256/169/255
f 38/26/38 198/123/199 36/24/36
f 198/123/199 257/170/256 36/24/36
f 36/24/36 257/170/256 258/171/257
f 257/170/256 259/172/258 258/171/257
f 260/173/259 261/174/260 259/172/261
f 262/175/262 260/173/259 259/172/261
f 226/149/263 262/175/262 263/172/261
f 264/170/264 226/149/263 263/172/261
f 265/176/265 258/171/257 263/172/258
f 261/174/266 265/176/265 263/172/258
f 266/176/265 261/174/267 267/177/268
f 268/178/269 266/176/265 267/177/268
f 269/179/270 265/176/265 268/178/271
f 270/180/272 269/179/270 268/178/271
f 241/123/273 271/124/200 264/170/264
f 271/124/200 272/149/228 264/170/264
f 273/181/274 274/182/275 275/183/276
f 230/153/232 273/181/274 275/183/276
f 273/181/274 230/153/232 228/151/230
f 251/165/251 273/181/274 228/151/230
f 273/181/274 276/184/277 277/185/278
f 278/182/279 273/181/274 277/185/278
f 279/186/280 278/182/279 277/185/278
f 280/187/281 279/186/280 277/185/278
f 276/184/277 281/188/282 282/189/283
f 277/185/278 276/184/277 282/189/283
f 283/187/284 277/185/278 282/189/283
f 284/190/285 283/187/284 282/189/283
f 285/191/286 286/192/287 287/193/288
f 286/192/287 288/194/289 287/193/288
f 287/193/288 288/194/289 289/195/79
f 290/196/290 287/193/288 289/195/79
f 291/197/291 285/191/286 292/198/292
f 285/191/286 287/193/288 292/198/292
f 293/199/293 294/200/294 295/201/295
f 294/200/294 296/202/296 295/201/295
f 295/201/295 296/202/296 269/179/270
f 296/202/296 297/203/297 269/179/270
f 269/179/270 297/203/297 266/176/265
f 297/203/297 298/171/257 266/176/265
f 299/204/298 260/173/259 262/175/262
f 229/152/231 299/204/298 262/175/262
f 227/150/229 229/152/231 262/175/262
f 272/149/299 227/150/229 262/175/262
f 46/34/46 43/31/43 279/186/300
f 43/31/43 300/205/301 279/186/300
f 49/36/49 46/34/46 283/187/302
f 46/34/46 301/186/303 283/187/302
f 51/38/51 49/36/49 284/190/304
f 49/36/49 280/187/284 284/190/304
f 55/42/55 56/43/56 302/206/305
f 56/43/56 303/207/306 302/206/305
f 58/45/58 55/42/55 304/208/307
f 55/42/55 302/206/305 304/208/307
f 60/47/60 58/45/58 305/209/308
f 58/45/58 304/208/307 305/209/308
f 60/47/60 305/209/308 65/49/309
f 305/209/308 306/210/310 65/49/309
f 306/210/310 305/209/308 293/199/293
f 305/209/308 307/211/311 293/199/293
f 307/211/311 308/212/312 293/199/293
f 308/212/312 309/200/313 293/199/293
f 308/212/312 310/213/314 309/200/313
f 310/213/314 311/214/315 309/200/313
f 311/214/315 310/213/314 214/139/216
f 310/213/314 213/138/215 214/139/216
f 62/49/62 306/210/310 68/51/316
f 306/210/310 312/215/317 68/51/316
f 66/51/65 312/215/317 71/53/70
f 312/215/317 270/180/272 71/53/70
f 69/53/70 270/180/272 72/55/71
f 270/180/272 268/178/271 72/55/71
f 72/55/71 268/178/271 75/57/73
f 268/178/271 313/177/268 75/57/73
f 75/57/73 267/177/318 77/59/76
f 267/177/318 314/216/319 77/59/76
f 77/59/76 314/216/319 44/32/44
f 314/216/319 315/217/320 44/32/44
f 43/31/43 44/32/44 316/205/321
f 44/32/44 315/217/320 316/205/321
f 315/217/320 299/204/322 316/205/321
f 299/204/322 317/183/276 316/205/321
f 230/153/232 317/183/323 229/152/231
f 317/183/323 318/204/322 229/152/231
f 273/181/274 251/165/251 276/184/277
f 251/165/251 78/60/77 276/184/277
f 78/60/77 80/62/79 276/184/277
f 80/62/79 281/188/282 276/184/277
f 253/167/253 319/196/290 320/166/252
f 319/196/290 289/195/324 320/166/252
f 292/198/292 287/193/288 321/218/325
f 287/193/288 319/196/290 321/218/325
f 319/196/290 253/167/253 321/218/325
f 253/167/253 254/168/254 321/218/325
f 321/218/325 310/213/314 308/212/312
f 292/198/292 321/218/325 308/212/312
f 322/197/291 292/198/292 308/212/312
f 307/211/311 322/197/291 308/212/312
f 304/208/326 322/197/291 307/211/311
f 323/209/308 304/208/326 307/211/311
f 324/200/327 311/214/315 296/202/296
f 311/214/315 325/219/328 296/202/296
f 325/219/328 311/214/315 256/169/255
f 311/214/315 214/139/216 256/169/255
f 296/202/296 325/219/328 297/203/297
f 325/219/328 37/25/37 297/203/297
f 37/25/37 325/219/328 35/23/35
f 325/219/328 256/169/255 35/23/35
f 321/218/325 254/168/254 310/213/314
f 254/168/254 213/138/215 310/213/314
f 36/24/36 298/171/257 37/25/37
f 298/171/257 297/203/297 37/25/37
f 301/186/329 316/205/301 278/182/275
f 316/205/301 275/183/276 278/182/275
f 302/206/305 303/207/306 285/191/286
f 303/207/306 326/192/287 285/191/286
f 304/208/307 302/206/305 291/197/291
f 302/206/305 285/191/286 291/197/291
f 306/210/310 293/199/293 312/215/317
f 293/199/293 295/201/295 312/215/317
f 312/215/317 295/201/295 270/180/272
f 295/201/295 269/179/270 270/180/272
f 313/177/330 261/174/260 314/216/319
f 261/174/260 260/173/259 314/216/319
f 314/216/319 260/173/259 315/217/320
f 260/173/259 318/204/322 315/217/320
f 327/220/331 92/73/90 90/71/88
f 92/73/90 87/68/85 90/71/88
f 328/221/332 329/78/333 330/222/334
f 329/78/333 331/77/94 330/222/334
f 328/221/332 332/223/335 329/78/333
f 332/223/335 99/80/336 329/78/333
f 333/224/337 334/225/338 335/77/339
f 334/225/338 103/78/101 335/77/339
f 336/226/340 106/80/104 334/225/338
f 106/80/104 103/78/101 334/225/338
f 337/227/341 338/228/342 339/85/110
f 338/228/342 110/84/108 339/85/110
f 340/229/343 114/87/112 338/228/342
f 114/87/112 110/84/108 338/228/342
f 341/227/344 342/228/345 119/85/346
f 342/228/345 343/84/347 119/85/346
f 344/229/348 121/87/349 342/228/345
f 121/87/349 343/84/347 342/228/345
f 345/227/350 346/228/351 347/85/352
f 346/228/351 125/84/123 347/85/352
f 348/229/353 128/87/126 346/228/351
f 128/87/126 125/84/123 346/228/351
f 349/230/354 132/90/130 350/69/355
f 132/90/130 131/89/129 350/69/355
f 131/89/129 2/2/2 350/69/355
f 2/2/2 1/1/1 350/69/355
f 351/230/356 137/90/135 352/69/357
f 137/90/135 136/89/134 352/69/357
f 136/89/134 5/2/5 352/69/357
f 5/2/5 4/1/4 352/69/357
f 353/230/358 142/90/140 354/69/359
f 142/90/140 141/89/139 354/69/359
f 141/89/139 8/2/8 354/69/359
f 8/2/8 7/1/7 354/69/359
f 355/231/360 356/232/361 357/233/362
f 356/232/361 358/234/363 357/233/362
f 358/234/363 359/235/364 357/233/362
f 359/235/364 360/236/365 357/233/362
f 358/234/363 361/237/366 359/235/364
f 361/237/366 362/238/367 359/235/364
f 363/239/368 361/237/366 356/232/361
f 361/237/366 358/234/363 356/232/361
f 364/231/369 365/232/370 366/233/371
f 365/232/370 367/234/372 366/233/371
f 367/234/372 368/235/373 366/233/371
f 368/235/373 369/236/374 366/233/371
f 367/234/372 370/237/375 368/235/373
f 370/237/375 371/238/376 368/235/373
f 372/239/377 370/237/375 365/232/370
f 370/237/375 367/234/372 365/232/370
f 373/231/378 374/232/379 375/233/380
f 374/232/379 376/234/381 375/233/380
f 375/233/382 377/234/383 378/236/384
f 377/234/383 379/235/385 378/236/384
f 380/237/386 381/238/387 377/234/383
f 381/238/387 379/235/385 377/234/383
f 382/239/388 383/237/386 374/232/379
f 383/237/386 376/234/381 374/232/379
f 384/232/389 385/234/390 386/231/391
f 385/234/390 387/233/392 386/231/391
f 385/234/390 388/235/393 387/233/392
f 388/235/393 389/236/394 387/233/392
f 385/234/390 390/237/395 388/235/393
f 390/237/395 391/238/396 388/235/393
f 384/232/389 392/239/397 385/234/390
f 392/239/397 390/237/395 385/234/390
f 393/232/398 394/234/399 395/231/400
f 394/234/399 396/233/401 395/231/400
f 394/234/399 397/235/402 396/233/401
f 397/235/402 398/236/403 396/233/401
f 394/234/399 399/237/404 397/235/402
f 399/237/404 400/238/405 397/235/402
f 393/232/398 401/239/406 394/234/399
f 401/239/406 402/237/407 394/234/399
f 403/231/408 404/232/409 405/233/410
f 404/232/409 406/234/411 405/233/410
f 407/233/410 406/234/411 408/236/412
f 406/234/411 409/235/413 408/236/412
f 410/237/414 411/238/415 406/234/411
f 411/238/415 409/235/413 406/234/411
f 412/239/416 410/237/414 404/232/409
f 410/237/414 406/234/411 404/232/409
f 413/231/417 414/232/418 415/233/419
f 414/232/418 416/234/420 415/233/419
f 415/233/421 417/234/420 418/236/422
f 417/234/420 419/235/423 418/236/422
f 420/237/424 421/238/425 417/234/420
f 421/238/425 419/235/423 417/234/420
f 422/239/426 420/237/427 414/232/418
f 420/237/427 416/234/420 414/232/418
f 423/230/428 147/92/145 424/69/429
f 147/92/145 146/89/144 424/69/429
f 146/89/144 11/2/11 424/69/429
f 11/2/11 10/1/10 424/69/429
f 425/240/430 426/241/431 154/77/152
f 426/241/431 152/78/150 154/77/152
f 427/242/432 428/80/433 426/241/431
f 428/80/433 152/78/150 426/241/431
f 429/230/434 160/90/158 430/69/435
f 160/90/158 159/89/157 430/69/435
f 159/89/157 14/2/14 430/69/435
f 14/2/14 13/1/13 430/69/435
f 431/99/436 16/4/16 432/243/437
f 431/99/436 432/243/437 167/98/438
f 432/243/437 433/244/439 167/98/438
f 433/244/439 434/245/440 167/98/438
f 434/245/440 435/97/244 167/98/438
f 245/164/245 203/128/247 435/97/244
f 434/245/440 245/164/245 435/97/244
o Object_8
v -0.309014 0.607277 0.203207
v -0.360219 0.609896 0.214546
v -0.300860 0.526373 0.258710
v -0.352066 0.528992 0.270050
v -0.293416 0.443512 0.311465
v -0.344621 0.446131 0.322805
v 0.240212 0.526551 0.314597
v 0.289208 0.541707 0.325873
v 0.281479 0.615176 0.260704
v 0.232483 0.600020 0.249428
v 0.274969 0.686487 0.193139
v 0.225973 0.671331 0.181864
v 0.312078 0.639339 -0.135391
v 0.332228 0.675446 -0.167759
v 0.253560 0.732808 -0.152743
v 0.233411 0.696700 -0.120375
v 0.173391 0.788605 -0.140406
v 0.153241 0.752498 -0.108038
v -0.287848 0.736192 -0.032792
v -0.328776 0.761549 -0.053752
v -0.348959 0.669094 0.005365
v -0.389887 0.694451 -0.015596
v -0.409778 0.600101 0.040656
v -0.450706 0.625458 0.019696
v -0.097163 0.792450 -0.153569
v -0.104818 0.830577 -0.188856
v -0.187760 0.758100 -0.171031
v -0.195414 0.796227 -0.206318
v -0.277104 0.721707 -0.190971
v -0.284759 0.759834 -0.226258
v -0.171956 0.611514 0.115795
v -0.213877 0.610986 0.143077
v -0.138870 0.528416 0.165028
v -0.180791 0.527888 0.192309
v -0.111650 0.437825 0.205101
v -0.153571 0.437296 0.232382
v 0.067413 0.467047 0.209719
v 0.107307 0.479632 0.237143
v 0.116741 0.566710 0.183458
v 0.076847 0.554125 0.156034
v 0.134838 0.645466 0.120989
v 0.094944 0.632881 0.093566
v 0.179824 0.500806 -0.047688
v 0.213399 0.531776 -0.068073
v 0.147188 0.609757 -0.058653
v 0.113613 0.578787 -0.038268
v 0.077620 0.684456 -0.059747
v 0.044045 0.653487 -0.039362
v -0.140107 0.669363 -0.020536
v -0.185291 0.690578 -0.023749
v -0.181478 0.588241 0.025602
v -0.226661 0.609456 0.022389
v -0.224468 0.502118 0.061495
v -0.269651 0.523333 0.058281
v -0.022649 0.673138 -0.071985
v -0.045482 0.710374 -0.096361
v -0.108916 0.618615 -0.074467
v -0.131749 0.655850 -0.098843
v -0.191978 0.559478 -0.087000
v -0.214811 0.596713 -0.111375
v -0.350592 0.598167 0.224096
v -0.397420 0.593657 0.233857
v -0.336012 0.524863 0.274626
v -0.379980 0.520629 0.283791
v -0.445169 0.584413 0.237013
v -0.337398 0.450022 0.328484
v -0.427729 0.511385 0.286947
v -0.362540 0.447601 0.333725
v -0.410289 0.438357 0.336882
v 0.267597 0.674582 0.204336
v 0.268924 0.608856 0.266298
v 0.313871 0.681685 0.215142
v 0.309905 0.615147 0.275868
v 0.285952 0.545541 0.331927
v 0.362316 0.683404 0.220189
v 0.305939 0.548609 0.336594
v 0.358350 0.616866 0.280915
v 0.354384 0.550328 0.341641
v -0.332679 0.748560 -0.042025
v -0.372672 0.765465 -0.062598
v -0.386234 0.686099 -0.004553
v -0.420770 0.700697 -0.022319
v -0.411435 0.777461 -0.089596
v -0.449303 0.627659 0.028024
v -0.459533 0.712693 -0.049317
v -0.468868 0.635929 0.017960
v -0.507631 0.647925 -0.009038
v -0.119288 0.821052 -0.184236
v -0.129524 0.851104 -0.220300
v -0.202210 0.787283 -0.196317
v -0.211250 0.813825 -0.228169
v -0.136776 0.875744 -0.261720
v -0.289152 0.765323 -0.222568
v -0.218501 0.838466 -0.269589
v -0.292976 0.776547 -0.236038
v -0.300227 0.801188 -0.277458
v -0.276799 0.621258 0.179025
v -0.322237 0.614010 0.201381
v -0.237034 0.524829 0.228581
v -0.282472 0.517580 0.250937
v -0.338324 0.609334 0.205192
v -0.197268 0.428399 0.278137
v -0.329238 0.508010 0.269842
v -0.242707 0.421151 0.300493
v -0.289472 0.411581 0.319398
v 0.192625 0.674268 0.155458
v 0.171741 0.580340 0.219311
v 0.237569 0.680361 0.179120
v 0.216685 0.586433 0.242973
v 0.150858 0.486412 0.283164
v 0.254097 0.679854 0.183780
v 0.195801 0.492505 0.306825
v 0.263559 0.590040 0.263609
v 0.242675 0.496112 0.327462
v 0.119112 0.738371 -0.086741
v 0.193381 0.649946 -0.085798
v 0.151778 0.765504 -0.115265
v 0.226047 0.677079 -0.114323
v 0.267650 0.561521 -0.084856
v 0.160544 0.772729 -0.128154
v 0.300316 0.588654 -0.113380
v 0.256869 0.702623 -0.146471
v 0.331138 0.614199 -0.145528
v -0.245499 0.731547 -0.031070
v -0.293070 0.747415 -0.041176
v -0.287844 0.636496 0.019010
v -0.335415 0.652364 0.008904
v -0.308399 0.750493 -0.048296
v -0.330188 0.541445 0.069090
v -0.382863 0.666156 -0.005040
v -0.377760 0.557314 0.058984
v -0.425208 0.571105 0.045041
v -0.069547 0.771395 -0.128829
v -0.091860 0.804233 -0.161090
v -0.163852 0.704793 -0.131397
v -0.186165 0.737631 -0.163659
v -0.097458 0.812693 -0.174956
v -0.258156 0.638191 -0.133966
v -0.206827 0.768263 -0.199306
v -0.280469 0.671029 -0.166227
v -0.301131 0.701661 -0.201875
v -0.251853 0.519692 0.235102
v -0.217809 0.417898 0.289246
v -0.172982 0.422173 0.268540
v -0.207026 0.523967 0.214397
v -0.130551 0.423113 0.243627
v -0.286911 0.620075 0.179179
v -0.164595 0.524906 0.189484
v -0.243155 0.622859 0.156593
v -0.213032 0.623526 0.138907
v 0.172638 0.482349 0.295996
v 0.187011 0.579534 0.226708
v 0.128841 0.473768 0.274442
v 0.143213 0.570953 0.205153
v 0.202745 0.675301 0.155896
v 0.088261 0.461835 0.249287
v 0.160386 0.665221 0.132731
v 0.102633 0.559020 0.179998
v 0.131577 0.656749 0.114873
v 0.286218 0.568505 -0.101044
v 0.204467 0.656548 -0.096846
v 0.256350 0.539814 -0.073819
v 0.174598 0.627857 -0.069621
v 0.121922 0.743815 -0.094873
v 0.224604 0.509290 -0.051855
v 0.091214 0.714304 -0.070001
v 0.142853 0.597333 -0.047657
v 0.068677 0.692635 -0.054408
v -0.304080 0.639065 0.014732
v -0.355337 0.542303 0.064355
v -0.310413 0.524283 0.075014
v -0.259157 0.621045 0.025391
v -0.266091 0.503601 0.080467
v -0.253078 0.734700 -0.037093
v -0.214835 0.600363 0.030844
v -0.208424 0.715490 -0.028762
v -0.176959 0.700807 -0.024891
v -0.171987 0.713342 -0.143615
v -0.273005 0.648707 -0.151980
v -0.253688 0.614998 -0.121207
v -0.152669 0.679633 -0.112842
v -0.232626 0.578744 -0.095439
v -0.070230 0.776901 -0.137366
v -0.131607 0.643380 -0.087073
v -0.050133 0.742055 -0.108831
v -0.035180 0.716318 -0.090537
v 0.325470 0.662825 0.227919
v 0.360050 0.602622 0.190171
v 0.297705 0.673513 0.211921
v 0.359779 0.631700 0.232943
v 0.393998 0.583460 0.213831
v 0.394030 0.544580 0.167771
v 0.309696 0.595754 0.137337
v 0.297705 0.673513 0.211921
v 0.273722 0.679886 0.198050
v 0.351144 0.512814 0.102240
v 0.204177 0.676259 0.157427
v 0.253666 0.582789 0.099255
v 0.302779 0.484731 0.063783
v 0.145019 0.658398 0.122603
v 0.253861 0.470367 0.036045
v 0.203569 0.570924 0.070544
v 0.095674 0.625335 0.093225
v 0.182853 0.464230 0.009463
v 0.143355 0.551317 0.042647
v 0.054710 0.588928 0.068674
v 0.103361 0.477259 -0.000941
v 0.077170 0.538785 0.029945
v 0.224126 0.792452 -0.182012
v 0.209840 0.751226 -0.247901
v 0.199660 0.788495 -0.159059
v 0.244140 0.780245 -0.222281
v 0.244881 0.750925 -0.277081
v 0.209439 0.712801 -0.307471
v 0.148403 0.718839 -0.224432
v 0.199660 0.788495 -0.159059
v 0.179067 0.782520 -0.140392
v 0.143082 0.660549 -0.304449
v 0.123538 0.745419 -0.095227
v 0.100684 0.679582 -0.193780
v 0.100107 0.611161 -0.286539
v 0.079099 0.700643 -0.062798
v 0.064275 0.574575 -0.259221
v 0.063115 0.644633 -0.164765
v 0.045469 0.647046 -0.043114
v 0.022140 0.535624 -0.209283
v 0.025302 0.598342 -0.129898
v 0.019246 0.594538 -0.030405
v -0.010869 0.511226 -0.139196
v -0.001169 0.556846 -0.082187
v -0.392806 0.749712 -0.062693
v -0.360038 0.754008 -0.055699
v -0.404036 0.697492 -0.120936
v -0.426750 0.726626 -0.084737
v -0.447819 0.686358 -0.127139
v -0.424464 0.647536 -0.166894
v -0.333573 0.679198 -0.129563
v -0.360038 0.754008 -0.055699
v -0.332190 0.754924 -0.050052
v -0.355502 0.606255 -0.193024
v -0.254970 0.735966 -0.036732
v -0.269588 0.654013 -0.124137
v -0.299525 0.567906 -0.194672
v -0.191642 0.705395 -0.027441
v -0.247779 0.543041 -0.186137
v -0.215909 0.631324 -0.115273
v -0.141718 0.662137 -0.022200
v -0.179068 0.521576 -0.161552
v -0.156619 0.598949 -0.100274
v -0.101704 0.617466 -0.019087
v -0.111360 0.517343 -0.116890
v -0.101620 0.572502 -0.069057
v -0.149500 0.844742 -0.234929
v -0.128715 0.836045 -0.209761
v -0.141219 0.797570 -0.297789
v -0.168803 0.835718 -0.276367
v -0.172804 0.804471 -0.329948
v -0.146087 0.756970 -0.355695
v -0.092145 0.752105 -0.267810
v -0.128715 0.836045 -0.209761
v -0.111848 0.826134 -0.189134
v -0.095787 0.689912 -0.344931
v -0.071349 0.778839 -0.137919
v -0.058603 0.703876 -0.231662
v -0.068430 0.632372 -0.321532
v -0.042520 0.726209 -0.100100
v -0.045398 0.589536 -0.289855
v -0.033609 0.662279 -0.198199
v -0.025383 0.667063 -0.075620
v -0.018647 0.544109 -0.235019
v -0.011741 0.609996 -0.158491
v -0.014565 0.610444 -0.058782
v 0.001487 0.516187 -0.161452
v -0.000562 0.565940 -0.107178
v -0.404866 0.571009 0.243083
v -0.379856 0.589653 0.230122
v -0.425482 0.511694 0.195105
v -0.431816 0.533020 0.241797
v -0.454805 0.482366 0.214065
v -0.446120 0.452153 0.162637
v -0.374310 0.523956 0.144064
v -0.379856 0.589653 0.230122
v -0.357644 0.603007 0.218438
v -0.396826 0.440846 0.094925
v -0.288529 0.620458 0.180775
v -0.316438 0.529174 0.106897
v -0.343225 0.429936 0.054742
v -0.226592 0.621087 0.146210
v -0.292104 0.430679 0.027267
v -0.264688 0.532729 0.078895
v -0.171061 0.604134 0.114272
v -0.221162 0.443784 0.003146
v -0.201415 0.530793 0.050947
v -0.123055 0.581440 0.086225
v -0.146164 0.474585 -0.001702
v -0.133958 0.534516 0.039341
v -0.122614 0.591430 0.074597
v -0.151408 0.597904 0.105674
v -0.092378 0.523877 0.117212
v -0.122193 0.529177 0.147060
v -0.185091 0.598760 0.130872
v -0.155876 0.530032 0.172258
v -0.098959 0.453577 0.181255
v -0.069144 0.448277 0.151407
v -0.132642 0.454432 0.206453
v 0.052698 0.596695 0.055604
v 0.034896 0.536807 0.106178
v 0.078141 0.613826 0.085536
v 0.063100 0.551587 0.133944
v 0.109787 0.625675 0.110603
v 0.094745 0.563436 0.159012
v 0.055733 0.481682 0.176884
v 0.026029 0.468179 0.150294
v 0.087379 0.493531 0.201951
v 0.004788 0.599614 -0.029781
v 0.062925 0.537204 -0.025930
v 0.036065 0.628419 -0.035139
v 0.094202 0.566009 -0.031288
v 0.065441 0.654898 -0.049497
v 0.123578 0.592488 -0.045646
v 0.148334 0.498698 -0.046397
v 0.117056 0.469892 -0.041039
v 0.177710 0.525176 -0.060755
v -0.090360 0.624396 -0.026735
v -0.125732 0.647049 -0.018226
v -0.123491 0.557251 0.014296
v -0.158863 0.579904 0.022806
v -0.163415 0.665762 -0.018032
v -0.196546 0.598616 0.023000
v -0.196864 0.504456 0.046319
v -0.161492 0.481803 0.037810
v -0.234547 0.523168 0.046514
v 0.000619 0.611731 -0.057051
v -0.021715 0.647150 -0.066188
v -0.071696 0.566349 -0.056203
v -0.094030 0.601767 -0.065339
v -0.042119 0.679329 -0.084031
v -0.114434 0.633947 -0.083183
v -0.162279 0.549562 -0.082833
v -0.139945 0.514144 -0.073697
v -0.182683 0.581741 -0.100677
v -0.027391 0.453004 0.035448
v -0.050032 0.388137 0.023325
v -0.027836 0.382701 0.016792
v -0.008208 0.447537 0.029416
v -0.054129 0.394825 0.001678
v 0.006340 0.511525 0.055109
v 0.024124 0.502633 0.049271
v 0.068435 0.564609 0.076237
v -0.029863 0.459756 0.017008
v 0.055751 0.575352 0.081879
v 0.106149 0.602200 0.098914
v 0.005392 0.520336 0.038668
v -0.012494 0.453468 0.009903
v -0.033170 0.388662 -0.005590
v -0.027836 0.382701 0.016792
v -0.008208 0.447537 0.029416
v 0.020304 0.511960 0.031164
v 0.024124 0.502633 0.049271
v 0.068435 0.564609 0.076237
v 0.066927 0.575700 0.062715
v 0.106149 0.602200 0.098914
v 0.054710 0.588928 0.068674
v 0.106725 0.611870 0.089112
v 0.152965 0.638257 0.126871
v 0.097751 0.611591 0.104500
v 0.152965 0.638257 0.126871
v 0.095674 0.625335 0.093225
v 0.154016 0.646407 0.118829
v 0.207460 0.656140 0.158976
v 0.146356 0.646168 0.131963
v 0.207460 0.656140 0.158976
v 0.145019 0.658398 0.122603
v 0.204177 0.676259 0.157427
v 0.210102 0.663635 0.152424
v 0.277441 0.665352 0.193113
v 0.274421 0.657212 0.198046
v 0.273722 0.679886 0.198050
v 0.202942 0.663413 0.164702
v 0.271487 0.665167 0.203322
v 0.274421 0.657212 0.198046
v 0.297705 0.673513 0.211921
v 0.294444 0.662088 0.215710
v 0.295821 0.654778 0.210482
v 0.299576 0.662248 0.206910
v 0.295821 0.654778 0.210482
v 0.325470 0.662825 0.227919
v 0.321915 0.655018 0.230658
v 0.324111 0.649238 0.226880
v 0.338749 0.647533 0.233700
v 0.326225 0.655152 0.223267
v 0.324111 0.649238 0.226880
v -0.005235 0.434254 -0.024950
v -0.009129 0.365376 -0.035341
v -0.008449 0.369883 -0.058668
v -0.004853 0.437434 -0.045542
v -0.031998 0.367927 -0.036120
v 0.009943 0.502942 -0.024187
v 0.010854 0.502457 -0.044884
v 0.034943 0.579466 -0.049470
v -0.024671 0.437821 -0.026065
v 0.034780 0.583852 -0.032473
v 0.058315 0.631451 -0.059518
v -0.007638 0.509173 -0.025145
v -0.025600 0.439384 -0.045774
v -0.032180 0.371183 -0.058912
v -0.008449 0.369883 -0.058668
v -0.004853 0.437434 -0.045542
v -0.009146 0.507751 -0.043706
v 0.010854 0.502457 -0.044884
v 0.034943 0.579466 -0.049470
v 0.019502 0.587701 -0.048095
v 0.058315 0.631451 -0.059518
v 0.019246 0.594538 -0.030405
v 0.047215 0.639617 -0.059304
v 0.089334 0.686496 -0.076293
v 0.059483 0.636527 -0.046759
v 0.089334 0.686496 -0.076293
v 0.045469 0.647046 -0.043114
v 0.080332 0.693644 -0.076527
v 0.130000 0.729021 -0.105586
v 0.090803 0.691007 -0.065820
v 0.130000 0.729021 -0.105586
v 0.079099 0.700643 -0.062798
v 0.123538 0.745419 -0.095227
v 0.122950 0.736403 -0.106967
v 0.178366 0.770824 -0.150982
v 0.183923 0.762579 -0.150054
v 0.179067 0.782520 -0.140392
v 0.132738 0.733937 -0.096959
v 0.186505 0.768773 -0.142659
v 0.183923 0.762579 -0.150054
v 0.199660 0.788495 -0.159059
v 0.204753 0.777125 -0.159606
v 0.201683 0.770820 -0.165392
v 0.197737 0.778893 -0.166780
v 0.201683 0.770820 -0.165392
v 0.224126 0.792452 -0.182012
v 0.227405 0.784105 -0.181199
v 0.225599 0.779637 -0.186609
v 0.236163 0.785114 -0.197659
v 0.221514 0.785589 -0.187223
v 0.225599 0.779637 -0.186609
v -0.036983 0.469834 -0.037411
v -0.022726 0.401855 -0.043963
v -0.042286 0.397560 -0.031163
v -0.053893 0.465294 -0.026110
v -0.010936 0.403585 -0.024263
v -0.065034 0.534305 -0.035039
v -0.081266 0.526323 -0.024926
v -0.120941 0.596732 -0.025173
v -0.027716 0.472441 -0.020118
v -0.109105 0.607009 -0.033074
v -0.157130 0.641840 -0.027477
v -0.057484 0.539479 -0.018758
v -0.042728 0.466698 -0.008569
v -0.029229 0.398305 -0.011317
v -0.042286 0.397560 -0.031163
v -0.053893 0.465294 -0.026110
v -0.070420 0.531365 -0.008004
v -0.081266 0.526323 -0.024926
v -0.120941 0.596732 -0.025173
v -0.113415 0.604657 -0.011437
v -0.157130 0.641840 -0.027477
v -0.101704 0.617466 -0.019087
v -0.152964 0.649346 -0.016696
v -0.203747 0.687466 -0.031802
v -0.149503 0.651236 -0.034071
v -0.203747 0.687466 -0.031802
v -0.141718 0.662137 -0.022200
v -0.200832 0.693894 -0.022726
v -0.261855 0.717025 -0.040163
v -0.197878 0.695507 -0.037555
v -0.261855 0.717025 -0.040163
v -0.191642 0.705395 -0.027441
v -0.254970 0.735966 -0.036732
v -0.261007 0.723282 -0.032025
v -0.336505 0.740162 -0.046456
v -0.336593 0.732912 -0.053323
v -0.332190 0.754924 -0.050052
v -0.258246 0.724790 -0.045887
v -0.334209 0.741416 -0.057984
v -0.336593 0.732912 -0.053323
v -0.360038 0.754008 -0.055699
v -0.360082 0.743303 -0.062096
v -0.360922 0.735275 -0.057912
v -0.362062 0.742223 -0.052160
v -0.360922 0.735275 -0.057912
v -0.392806 0.749712 -0.062693
v -0.391644 0.742289 -0.067656
v -0.393454 0.736128 -0.064300
v -0.409569 0.737366 -0.065882
v -0.393306 0.741381 -0.059312
v -0.393454 0.736128 -0.064300
v -0.009957 0.448381 -0.064616
v -0.020093 0.380096 -0.074705
v -0.043309 0.384847 -0.076531
v -0.030464 0.451749 -0.066166
v -0.022863 0.378292 -0.051919
v -0.008438 0.518690 -0.066434
v -0.028974 0.518560 -0.069202
v -0.032081 0.598767 -0.078628
v -0.012775 0.448225 -0.045026
v -0.015198 0.602901 -0.076173
v -0.040492 0.654312 -0.092545
v -0.010960 0.521499 -0.048142
v -0.032502 0.449751 -0.045523
v -0.045611 0.381647 -0.053093
v -0.043309 0.384847 -0.076531
v -0.030464 0.451749 -0.066166
v -0.029571 0.519974 -0.048536
v -0.028974 0.518560 -0.069202
v -0.032081 0.598767 -0.078628
v -0.032111 0.603929 -0.061849
v -0.040492 0.654312 -0.092545
v -0.014565 0.610444 -0.058782
v -0.041302 0.660235 -0.080127
v -0.054967 0.714361 -0.113947
v -0.027720 0.659409 -0.091629
v -0.054967 0.714361 -0.113947
v -0.025383 0.667063 -0.075620
v -0.056034 0.719685 -0.103812
v -0.080980 0.764044 -0.148229
v -0.044443 0.718980 -0.113629
v -0.080980 0.764044 -0.148229
v -0.042520 0.726209 -0.100100
v -0.071349 0.778839 -0.137919
v -0.083024 0.769973 -0.140058
v -0.122365 0.814605 -0.191569
v -0.120894 0.807550 -0.198482
v -0.111848 0.826134 -0.189134
v -0.072188 0.769314 -0.149235
v -0.113354 0.814057 -0.199200
v -0.120894 0.807550 -0.198482
v -0.128715 0.836045 -0.209761
v -0.128729 0.825846 -0.216937
v -0.134707 0.819124 -0.215623
v -0.136495 0.826318 -0.210359
v -0.134707 0.819124 -0.215623
v -0.149500 0.844742 -0.234929
v -0.148341 0.837157 -0.239642
v -0.153851 0.832474 -0.239185
v -0.163991 0.839939 -0.249439
v -0.154863 0.837554 -0.234118
v -0.153851 0.832474 -0.239185
v -0.028010 0.474061 0.010356
v 0.006126 0.418292 -0.013972
v 0.001966 0.407873 0.006981
v -0.031125 0.464344 0.028527
v 0.025224 0.427455 -0.004950
v -0.072703 0.520292 0.038889
v -0.074627 0.507620 0.055172
v -0.131365 0.553908 0.089375
v -0.012445 0.482622 0.019082
v -0.132120 0.567073 0.077789
v -0.176430 0.578720 0.115893
v -0.059987 0.530294 0.048223
v -0.013603 0.472663 0.036147
v 0.022434 0.416710 0.015221
v 0.001966 0.407873 0.006981
v -0.031125 0.464344 0.028527
v -0.059198 0.518982 0.063065
v -0.074627 0.507620 0.055172
v -0.131365 0.553908 0.089375
v -0.121312 0.566025 0.097137
v -0.176430 0.578720 0.115893
v -0.123055 0.581440 0.086225
v -0.170276 0.588647 0.123209
v -0.230113 0.599316 0.146998
v -0.178955 0.589489 0.107672
v -0.230113 0.599316 0.146998
v -0.171061 0.604134 0.114272
v -0.225387 0.607520 0.153521
v -0.287472 0.600112 0.179083
v -0.232794 0.608238 0.140261
v -0.287472 0.600112 0.179083
v -0.226592 0.621087 0.146210
v -0.288529 0.620458 0.180775
v -0.284660 0.607163 0.186044
v -0.352381 0.588431 0.221486
v -0.353504 0.580981 0.214932
v -0.357644 0.603007 0.218438
v -0.291584 0.607835 0.173648
v -0.358139 0.588989 0.211178
v -0.353504 0.580981 0.214932
v -0.379856 0.589653 0.230122
v -0.379239 0.579187 0.223369
v -0.374016 0.572194 0.225914
v -0.374276 0.578706 0.232254
v -0.374016 0.572194 0.225914
v -0.404866 0.571009 0.243083
v -0.403926 0.564185 0.237282
v -0.400637 0.558345 0.240035
v -0.413225 0.552427 0.248415
v -0.399758 0.563781 0.244744
v -0.400637 0.558345 0.240035
v 0.254492 0.718773 -0.138787
v 0.275210 0.746516 -0.172271
v 0.184516 0.775531 -0.135231
v 0.335048 0.676183 -0.159442
v 0.205182 0.803205 -0.168631
v 0.345237 0.689828 -0.175910
v 0.222084 0.826605 -0.207901
v 0.362140 0.713228 -0.215180
v 0.292112 0.769917 -0.211541
vn 0.2056 0.5679 0.7970
vn 0.2056 0.5676 0.7972
vn 0.2074 0.5538 0.8064
vn 0.2073 0.5537 0.8065
vn 0.2078 0.5386 0.8166
vn 0.2077 0.5386 0.8165
vn -0.3504 0.6009 0.7184
vn -0.3525 0.6130 0.7071
vn -0.3525 0.6131 0.7070
vn -0.3539 0.6261 0.6948
vn -0.3543 0.6262 0.6945
vn 0.4636 0.4340 0.7725
vn 0.4497 0.4439 0.7751
vn 0.4363 0.4541 0.7768
vn -0.0841 0.5495 0.8312
vn -0.0841 0.5496 0.8312
vn -0.0957 0.5378 0.8376
vn -0.1057 0.5264 0.8436
vn -0.3639 0.5931 0.7182
vn -0.3641 0.5928 0.7183
vn -0.3793 0.5863 0.7158
vn -0.3955 0.5794 0.7126
vn -0.3952 0.5800 0.7124
vn 0.4385 0.5814 0.6854
vn 0.4386 0.5817 0.6851
vn 0.4580 0.5265 0.7162
vn 0.4579 0.5264 0.7164
vn 0.4773 0.4715 0.7415
vn 0.4772 0.4715 0.7416
vn -0.5962 0.4671 0.6529
vn -0.5880 0.5274 0.6133
vn -0.5773 0.5853 0.5693
vn -0.5773 0.5851 0.5695
vn 0.3661 0.2014 0.9085
vn 0.3661 0.2011 0.9086
vn 0.3290 0.2430 0.9125
vn 0.3290 0.2427 0.9126
vn 0.2914 0.2854 0.9130
vn 0.2913 0.2855 0.9130
vn 0.1409 0.4341 0.8898
vn 0.1406 0.4343 0.8897
vn 0.1177 0.3890 0.9137
vn 0.1174 0.3892 0.9136
vn 0.0940 0.3425 0.9348
vn 0.0940 0.3424 0.9348
vn -0.2779 0.4011 0.8728
vn -0.2780 0.4010 0.8729
vn -0.3247 0.3698 0.8705
vn -0.3247 0.3696 0.8706
vn -0.3713 0.3383 0.8647
vn -0.3716 0.3385 0.8645
vn 0.1134 0.5787 0.8076
vn 0.0273 0.5694 0.8216
vn 0.0235 0.5681 0.8226
vn -0.0528 0.5557 0.8297
vn 0.0176 0.5672 0.8234
vn -0.2662 0.6577 0.7046
vn -0.2661 0.6578 0.7046
vn -0.1802 0.6698 0.7204
vn -0.1742 0.6693 0.7223
vn -0.0999 0.6737 0.7322
vn -0.1664 0.6694 0.7240
vn -0.0998 0.6736 0.7324
vn -0.0998 0.6737 0.7322
vn -0.1507 0.6010 0.7849
vn -0.2231 0.6279 0.7456
vn -0.1507 0.6009 0.7850
vn -0.2272 0.6306 0.7422
vn -0.2874 0.6514 0.7022
vn -0.2874 0.6514 0.7021
vn -0.2331 0.6327 0.7385
vn -0.2875 0.6513 0.7023
vn -0.3640 0.6615 0.6557
vn -0.3814 0.7143 0.5868
vn -0.3641 0.6616 0.6555
vn -0.3834 0.7179 0.5810
vn -0.3951 0.7571 0.5203
vn -0.3641 0.6614 0.6557
vn -0.3951 0.7572 0.5202
vn -0.3852 0.7236 0.5727
vn 0.3033 0.5321 0.7905
vn 0.2563 0.5302 0.8082
vn 0.3034 0.5321 0.7905
vn 0.2606 0.5270 0.8089
vn 0.1820 0.5246 0.8317
vn 0.3033 0.5322 0.7904
vn 0.2112 0.5203 0.8274
vn 0.2663 0.5247 0.8086
vn 0.2271 0.5188 0.8242
vn -0.4424 0.5696 0.6927
vn -0.4421 0.5694 0.6931
vn -0.3951 0.5809 0.7117
vn -0.3992 0.5773 0.7123
vn -0.3229 0.5952 0.7358
vn -0.4049 0.5734 0.7122
vn -0.3506 0.5837 0.7324
vn -0.3658 0.5775 0.7299
vn 0.4231 0.3637 0.8299
vn 0.4226 0.3638 0.8301
vn 0.4498 0.3971 0.8000
vn 0.4502 0.3914 0.8026
vn 0.4227 0.3642 0.8298
vn 0.4894 0.4421 0.7517
vn 0.4499 0.3852 0.8057
vn 0.4790 0.4207 0.7704
vn 0.4760 0.4073 0.7794
vn -0.0274 0.4759 0.8791
vn -0.0724 0.4969 0.8648
vn -0.0704 0.4932 0.8670
vn -0.1391 0.5272 0.8383
vn -0.1176 0.5092 0.8526
vn -0.0683 0.4888 0.8697
vn -0.1075 0.5008 0.8589
vn -0.3781 0.5056 0.7755
vn -0.3937 0.5423 0.7422
vn -0.3780 0.5053 0.7758
vn -0.3953 0.5363 0.7457
vn -0.4149 0.5944 0.6889
vn -0.4148 0.5713 0.7082
vn -0.3955 0.5329 0.7480
vn -0.4129 0.5575 0.7202
vn 0.3230 0.5402 0.7771
vn 0.3148 0.5261 0.7900
vn 0.3676 0.5298 0.7643
vn 0.3681 0.5443 0.7538
vn 0.4200 0.5317 0.7355
vn 0.3288 0.5537 0.7651
vn 0.4149 0.5482 0.7261
vn 0.3655 0.5610 0.7428
vn 0.4070 0.5674 0.7158
vn -0.4521 0.5617 0.6929
vn -0.4616 0.5712 0.6788
vn -0.5028 0.5497 0.6671
vn -0.5049 0.5636 0.6537
vn -0.4700 0.5815 0.6641
vn -0.5535 0.5360 0.6375
vn -0.5069 0.5773 0.6401
vn -0.5501 0.5521 0.6265
vn -0.5480 0.5697 0.6124
vn 0.4225 0.3521 0.8352
vn 0.4030 0.3561 0.8431
vn 0.3854 0.3170 0.8666
vn 0.3719 0.3268 0.8689
vn 0.3855 0.3601 0.8495
vn 0.3483 0.2819 0.8940
vn 0.3545 0.3389 0.8715
vn 0.3365 0.2954 0.8941
vn 0.3192 0.3114 0.8950
vn -0.0039 0.4736 0.8807
vn -0.0235 0.4658 0.8846
vn 0.0313 0.4439 0.8956
vn 0.0430 0.4562 0.8888
vn 0.0843 0.4190 0.9041
vn 0.0137 0.4813 0.8765
vn 0.0920 0.4343 0.8961
vn 0.0547 0.4675 0.8823
vn 0.1017 0.4519 0.8863
vn -0.3622 0.4934 0.7908
vn -0.3815 0.4949 0.7807
vn -0.3581 0.4539 0.8159
vn -0.3406 0.4598 0.8201
vn -0.3326 0.4107 0.8489
vn -0.3445 0.4932 0.7988
vn -0.3172 0.4210 0.8498
vn -0.3230 0.4657 0.8239
vn -0.2975 0.4323 0.8512
vn 0.5751 0.6454 -0.5027
vn 0.5616 0.5929 -0.5772
vn 0.5516 0.6473 -0.5261
vn 0.6442 0.6345 -0.4270
vn 0.6576 0.5951 -0.4620
vn 0.5658 0.5541 -0.6106
vn 0.4363 0.5812 -0.6869
vn 0.5146 0.6340 -0.5772
vn 0.4086 0.6354 -0.6552
vn 0.4483 0.5186 -0.7281
vn 0.3108 0.6235 -0.7174
vn 0.3347 0.5579 -0.7594
vn 0.3604 0.4780 -0.8010
vn 0.2055 0.6048 -0.7694
vn 0.3074 0.4505 -0.8382
vn 0.2546 0.5307 -0.8084
vn 0.0920 0.5916 -0.8010
vn 0.2292 0.4408 -0.8679
vn 0.1566 0.5108 -0.8453
vn 0.0117 0.5890 -0.8081
vn 0.1409 0.4442 -0.8848
vn 0.0783 0.5173 -0.8522
vn -0.4598 0.7942 -0.3974
vn -0.5220 0.7354 -0.4321
vn -0.4875 0.7832 -0.3858
vn -0.3681 0.8208 -0.4368
vn -0.3895 0.7886 -0.4758
vn -0.5439 0.7007 -0.4618
vn -0.6548 0.6626 -0.3636
vn -0.5440 0.7513 -0.3736
vn -0.6438 0.7009 -0.3072
vn -0.6790 0.6084 -0.4109
vn -0.7256 0.6417 -0.2485
vn -0.7455 0.5904 -0.3093
vn -0.7617 0.5263 -0.3779
vn -0.7987 0.5735 -0.1820
vn -0.8050 0.4757 -0.3545
vn -0.8077 0.5261 -0.2661
vn -0.8536 0.5110 -0.1017
vn -0.8514 0.4307 -0.2995
vn -0.8625 0.4635 -0.2033
vn -0.8810 0.4719 -0.0353
vn -0.8905 0.3933 -0.2289
vn -0.8905 0.4345 -0.1350
vn 0.0156 0.7432 -0.6689
vn 0.0469 0.7397 -0.6712
vn 0.0627 0.6867 -0.7242
vn -0.0881 0.7480 -0.6578
vn -0.0822 0.7104 -0.6990
vn 0.0744 0.6493 -0.7569
vn 0.2250 0.6478 -0.7279
vn 0.1055 0.7178 -0.6882
vn 0.2350 0.6950 -0.6795
vn 0.2330 0.5893 -0.7736
vn 0.3447 0.6619 -0.6657
vn 0.3447 0.6015 -0.7207
vn 0.3385 0.5283 -0.7787
vn 0.4538 0.6202 -0.6398
vn 0.3970 0.4890 -0.7767
vn 0.4309 0.5583 -0.7090
vn 0.5557 0.5831 -0.5927
vn 0.4733 0.4633 -0.7492
vn 0.5229 0.5171 -0.6776
vn 0.6183 0.5634 -0.5480
vn 0.5479 0.4480 -0.7064
vn 0.5867 0.5066 -0.6318
vn 0.6775 0.6287 -0.3819
vn 0.7001 0.6122 -0.3676
vn 0.7247 0.5543 -0.4093
vn 0.5988 0.6753 -0.4305
vn 0.6143 0.6356 -0.4676
vn 0.7402 0.5129 -0.4347
vn 0.8290 0.4539 -0.3267
vn 0.7454 0.5673 -0.3502
vn 0.8242 0.4955 -0.2743
vn 0.8417 0.3933 -0.3700
vn 0.8826 0.4228 -0.2054
vn 0.8938 0.3639 -0.2620
vn 0.8979 0.2951 -0.3267
vn 0.9303 0.3426 -0.1312
vn 0.9249 0.2369 -0.2973
vn 0.9334 0.2899 -0.2113
vn 0.9613 0.2722 -0.0431
vn 0.9540 0.1839 -0.2370
vn 0.9654 0.2193 -0.1411
vn 0.9726 0.2310 0.0275
vn 0.9763 0.1429 -0.1625
vn 0.9800 0.1860 -0.0705
vn -0.6943 0.5827 -0.4225
vn -0.6715 0.5931 -0.4443
vn -0.6697 0.5463 -0.5031
vn -0.7598 0.5462 -0.3526
vn -0.7648 0.5104 -0.3931
vn -0.6655 0.5129 -0.5423
vn -0.5442 0.5795 -0.6067
vn -0.6318 0.5966 -0.4948
vn -0.5282 0.6320 -0.5671
vn -0.5423 0.5229 -0.6577
vn -0.4291 0.6504 -0.6268
vn -0.4383 0.5890 -0.6790
vn -0.4461 0.5126 -0.7337
vn -0.3211 0.6638 -0.6755
vn -0.3880 0.5036 -0.7719
vn -0.3525 0.5875 -0.7284
vn -0.2092 0.6786 -0.7040
vn -0.3092 0.5167 -0.7984
vn -0.2542 0.5945 -0.7629
vn -0.1293 0.6933 -0.7089
vn -0.2248 0.5396 -0.8114
vn -0.1781 0.6185 -0.7653
vn 0.6378 0.5867 0.4990
vn 0.5675 0.5928 0.5714
vn 0.6535 0.5283 0.5421
vn 0.5863 0.5355 0.6078
vn 0.4913 0.5931 0.6379
vn 0.5146 0.5362 0.6691
vn 0.6022 0.4752 0.6415
vn 0.6655 0.4677 0.5817
vn 0.5342 0.4794 0.6963
vn -0.7474 0.5282 0.4030
vn -0.7369 0.4789 0.4770
vn -0.6931 0.5482 0.4681
vn -0.6927 0.4930 0.5264
vn -0.6318 0.5652 0.5304
vn -0.6444 0.5053 0.5739
vn -0.6876 0.4370 0.5798
vn -0.7207 0.4269 0.5463
vn -0.6520 0.4465 0.6128
vn 0.0607 0.1175 0.9912
vn 0.1389 0.0332 0.9898
vn 0.1411 0.1919 0.9712
vn 0.2191 0.1057 0.9700
vn 0.2211 0.2639 0.9389
vn 0.2995 0.1763 0.9377
vn 0.2915 0.0197 0.9564
vn 0.2113 -0.0488 0.9762
vn 0.3703 0.0901 0.9246
vn 0.4112 0.3193 0.8538
vn 0.3169 0.3757 0.8708
vn 0.3620 0.2269 0.9041
vn 0.2702 0.2838 0.9200
vn 0.2174 0.4286 0.8769
vn 0.1702 0.3344 0.9269
vn 0.2212 0.1860 0.9573
vn 0.3133 0.1352 0.9400
vn 0.1233 0.2386 0.9633
vn -0.1056 0.1861 0.9768
vn -0.1625 0.2766 0.9471
vn -0.2018 0.1234 0.9716
vn -0.2585 0.2134 0.9421
vn -0.2173 0.3639 0.9057
vn -0.3151 0.2993 0.9006
vn -0.3500 0.1468 0.9252
vn -0.2916 0.0624 0.9545
vn -0.4049 0.2327 0.8842
vn -0.5422 0.0332 0.8396
vn -0.4973 0.0156 0.8674
vn 0.8144 -0.3407 0.4698
vn 0.7755 -0.4485 0.4444
vn -0.7965 0.3972 -0.4560
vn -0.5326 0.0234 0.8460
vn 0.6966 -0.5988 0.3952
vn 0.6378 -0.6810 0.3599
vn -0.7612 0.4814 -0.4345
vn -0.5405 0.0469 0.8401
vn 0.5285 -0.7966 0.2935
vn -0.6825 0.6199 -0.3872
vn 0.4618 0.0647 -0.8846
vn 0.5090 0.0470 -0.8595
vn 0.8143 -0.3407 0.4699
vn 0.7755 -0.4484 0.4445
vn 0.4737 0.0548 -0.8790
vn 0.6966 -0.5987 0.3953
vn 0.6378 -0.6809 0.3600
vn 0.4638 0.0782 -0.8825
vn 0.5285 -0.7965 0.2936
vn -0.5945 0.7313 -0.3344
vn 0.5068 0.0469 -0.8608
vn 0.3736 -0.9055 0.2015
vn -0.4988 0.0156 0.8666
vn 0.3736 -0.9055 0.2014
vn -0.4735 0.8415 -0.2602
vn 0.4931 0.0744 -0.8668
vn 0.1352 -0.9889 0.0609
vn -0.5105 0.0431 0.8588
vn 0.1351 -0.9890 0.0608
vn -0.3402 0.9226 -0.1818
vn -0.1253 0.9906 -0.0549
vn 0.5010 0.0625 -0.8632
vn 0.5144 0.0355 -0.8568
vn 0.0098 -0.9999 -0.0118
vn 0.0157 0.9995 0.0271
vn -0.5048 0.0313 0.8627
vn -0.4928 0.0019 0.8702
vn 0.0098 -0.9999 -0.0119
vn 0.2055 0.9690 0.1370
vn -0.4697 0.0038 0.8828
vn -0.1058 -0.9912 -0.0802
vn 0.5360 0.0353 -0.8435
vn -0.1057 -0.9912 -0.0801
vn 0.3064 0.9291 0.2069
vn -0.4290 -0.0353 0.9026
vn -0.1351 -0.9871 -0.0860
vn 0.8771 -0.0292 0.4795
vn 0.5534 -0.0000 -0.8329
vn -0.1352 -0.9871 -0.0860
vn 0.6455 -0.1486 0.7492
vn 0.6872 -0.1410 0.7127
vn 0.7234 0.0920 -0.6843
vn 0.7118 -0.0235 -0.7020
vn -0.7184 -0.0313 0.6949
vn 0.6565 -0.1528 0.7387
vn 0.6766 -0.1955 -0.7099
vn 0.6437 -0.2993 -0.7043
vn -0.7068 0.0588 0.7049
vn 0.6437 -0.1350 0.7532
vn 0.5773 -0.4561 -0.6773
vn -0.6697 0.2213 0.7089
vn -0.7284 0.1978 -0.6560
vn -0.6891 0.2055 -0.6949
vn 0.7234 0.0920 -0.6842
vn -0.7187 0.1938 -0.6678
vn 0.6767 -0.1955 -0.7099
vn 0.6438 -0.2993 -0.7043
vn -0.7292 0.2111 -0.6510
vn 0.5774 -0.4560 -0.6772
vn -0.6191 0.3645 0.6956
vn -0.6904 0.2033 -0.6943
vn 0.4739 -0.6284 -0.6168
vn 0.6849 -0.1448 0.7141
vn 0.4739 -0.6285 -0.6168
vn -0.5421 0.5207 0.6595
vn -0.7057 0.2228 -0.6725
vn 0.2954 -0.8194 -0.4912
vn 0.6696 -0.1234 0.7324
vn 0.2953 -0.8195 -0.4912
vn -0.4499 0.6592 0.6025
vn -0.2894 0.8254 0.4847
vn -0.6982 0.2153 -0.6828
vn -0.6835 0.1955 -0.7033
vn 0.1976 -0.8900 -0.4108
vn -0.1779 0.9012 0.3951
vn 0.6771 -0.1313 0.7240
vn 0.6929 -0.1530 0.7046
vn 0.1975 -0.8900 -0.4109
vn -0.0176 0.9669 0.2544
vn 0.7110 -0.1389 0.6893
vn 0.1018 -0.9381 -0.3311
vn -0.6649 0.2075 -0.7176
vn 0.1019 -0.9381 -0.3311
vn 0.0828 0.9811 0.1747
vn 0.7477 -0.1545 0.6458
vn 0.0860 -0.9485 -0.3050
vn 0.6845 0.3989 -0.6102
vn -0.6434 0.1839 -0.7431
vn 0.2464 0.1448 -0.9583
vn 0.1920 0.1391 -0.9715
vn -0.9659 -0.1526 -0.2091
vn -0.9395 -0.2663 -0.2153
vn 0.9534 0.2133 0.2133
vn 0.2329 0.1370 -0.9628
vn -0.8750 -0.4307 -0.2210
vn -0.8222 -0.5246 -0.2211
vn 0.9283 0.3016 0.2174
vn 0.2464 0.1583 -0.9562
vn -0.7184 -0.6615 -0.2153
vn 0.8631 0.4541 0.2211
vn -0.1408 -0.0666 0.9878
vn -0.1956 -0.0724 0.9780
vn -0.9659 -0.1526 -0.2092
vn -0.9395 -0.2662 -0.2154
vn -0.1547 -0.0744 0.9852
vn -0.8750 -0.4307 -0.2211
vn -0.8222 -0.5245 -0.2211
vn -0.1410 -0.0528 0.9886
vn -0.7184 -0.6615 -0.2154
vn 0.7825 0.5829 0.2192
vn -0.1937 -0.0744 0.9782
vn -0.5619 -0.8028 -0.1997
vn 0.1939 0.1371 -0.9714
vn -0.5619 -0.8028 -0.1996
vn 0.6655 0.7164 0.2094
vn -0.1740 -0.0489 0.9835
vn -0.3091 -0.9370 -0.1625
vn 0.2134 0.1625 -0.9634
vn -0.3090 -0.9371 -0.1624
vn 0.5262 0.8276 0.1955
vn 0.2974 0.9409 0.1623
vn -0.1860 -0.0588 0.9808
vn -0.2037 -0.0863 0.9752
vn -0.1703 -0.9753 -0.1409
vn 0.1428 0.9805 0.1350
vn 0.2036 0.1527 -0.9671
vn 0.1859 0.1272 -0.9743
vn -0.0744 0.9928 0.0940
vn 0.1604 0.1329 -0.9781
vn -0.0392 -0.9925 -0.1156
vn -0.2270 -0.0782 0.9707
vn -0.1974 0.9787 0.0570
vn 0.1096 0.1038 -0.9885
vn -0.0099 -0.9928 -0.1194
vn -0.9758 0.1602 -0.1486
vn -0.2525 -0.1097 0.9614
vn -0.0098 -0.9928 -0.1194
vn 0.8036 -0.0313 -0.5944
vn 0.7703 -0.0158 -0.6374
vn -0.6201 0.2329 -0.7492
vn -0.6379 0.1175 -0.7611
vn 0.6300 -0.1722 0.7572
vn 0.7944 -0.0313 -0.6065
vn -0.6479 -0.0588 -0.7594
vn -0.6435 -0.1664 -0.7471
vn 0.6415 -0.0801 0.7629
vn 0.8064 -0.0176 -0.5911
vn -0.6203 -0.3326 -0.7103
vn 0.6476 0.0860 0.7571
vn -0.7184 0.0628 0.6928
vn -0.7532 0.0762 0.6534
vn -0.6200 0.2328 -0.7493
vn -0.6378 0.1175 -0.7612
vn -0.7279 0.0607 0.6830
vn -0.6479 -0.0587 -0.7595
vn -0.6435 -0.1663 -0.7472
vn -0.7129 0.0744 0.6973
vn 0.6366 0.2350 0.7345
vn -0.7532 0.0744 0.6536
vn -0.5697 -0.5224 -0.6345
vn 0.7713 -0.0176 -0.6362
vn -0.5697 -0.5225 -0.6344
vn 0.6050 0.4053 0.6853
vn -0.7330 0.0898 0.6742
vn -0.4579 -0.7436 -0.4873
vn 0.7888 -0.0019 -0.6146
vn -0.4579 -0.7436 -0.4872
vn 0.5559 0.5574 0.6166
vn 0.4522 0.7520 0.4796
vn -0.7416 0.0858 0.6654
vn -0.7618 0.0686 0.6442
vn -0.3855 -0.8338 -0.3952
vn 0.3720 0.8480 0.3776
vn 0.7801 -0.0080 -0.6256
vn 0.7632 -0.0237 -0.6457
vn 0.2447 0.9440 0.2212
vn 0.7497 -0.0081 -0.6618
vn -0.3134 -0.8991 -0.3055
vn -0.7734 0.0843 0.6283
vn -0.3134 -0.8991 -0.3056
vn 0.1728 0.9778 0.1186
vn 0.7090 -0.0157 -0.7050
vn -0.2898 -0.9121 -0.2899
vn -0.5521 0.5271 -0.6461
vn -0.7968 0.0645 0.6008
vn -0.4579 0.1057 -0.8827
vn -0.4991 0.0763 -0.8632
vn -0.7280 -0.5734 0.3758
vn -0.6669 -0.6649 0.3363
vn 0.6969 0.6226 -0.3561
vn -0.4655 0.0937 -0.8801
vn -0.5580 -0.7852 0.2684
vn -0.4813 -0.8477 0.2231
vn 0.6463 0.6912 -0.3233
vn -0.4619 0.1194 -0.8789
vn -0.3501 -0.9254 0.1448
vn 0.5395 0.8015 -0.2581
vn 0.5148 0.0119 0.8572
vn 0.4736 -0.0175 0.8806
vn -0.7281 -0.5734 0.3757
vn -0.6669 -0.6649 0.3362
vn 0.5073 -0.0000 0.8618
vn -0.5581 -0.7852 0.2683
vn -0.4814 -0.8476 0.2231
vn 0.5109 0.0253 0.8593
vn -0.3502 -0.9254 0.1447
vn 0.4287 0.8828 -0.1919
vn 0.4759 -0.0197 0.8793
vn -0.1741 -0.9838 0.0431
vn -0.4969 0.0763 -0.8645
vn -0.1740 -0.9838 0.0431
vn 0.2878 0.9514 -0.1097
vn 0.4813 0.0137 0.8764
vn 0.0782 -0.9921 -0.0976
vn -0.4910 0.1076 -0.8645
vn 0.0784 -0.9921 -0.0976
vn 0.1370 0.9903 -0.0235
vn -0.0881 0.9907 0.1037
vn 0.4776 -0.0000 0.8786
vn 0.4733 -0.0332 0.8803
vn 0.2035 -0.9648 -0.1665
vn -0.2272 0.9574 0.1781
vn -0.4955 0.0940 -0.8635
vn -0.5011 0.0625 -0.8631
vn -0.4086 0.8701 0.2758
vn -0.5246 0.0568 -0.8495
vn 0.3152 -0.9220 -0.2251
vn 0.4500 -0.0372 0.8922
vn 0.3151 -0.9220 -0.2250
vn -0.5090 0.8005 0.3164
vn -0.5520 0.0059 -0.8338
vn 0.3345 -0.9096 -0.2464
vn -0.8282 -0.2898 0.4797
vn 0.4403 -0.0782 0.8945
vn 0.4599 0.5223 0.7181
vn 0.4970 0.5730 0.6516
vn 0.4598 0.5224 0.7181
vn 0.4954 0.5696 0.6558
vn 0.4991 0.5754 0.6479
vn 0.5261 0.6119 0.5906
vn 0.5260 0.6122 0.5904
vn 0.5261 0.6120 0.5905
vt 0.092775 0.001007
vt 0.006149 0.001007
vt 0.092775 0.177432
vt 0.006149 0.177432
vt 0.092775 0.348257
vt 0.006149 0.348257
vt 0.179263 0.001007
vt 0.092638 0.001007
vt 0.179263 0.164202
vt 0.092638 0.164202
vt 0.179263 0.321797
vt 0.092638 0.321797
vt 0.405783 0.004654
vt 0.342611 0.004654
vt 0.400412 0.124331
vt 0.342611 0.124331
vt 0.279866 0.004654
vt 0.369696 0.256794
vt 0.279866 0.124331
vt 0.342611 0.256794
vt 0.279866 0.256794
vt 0.289555 0.279118
vt 0.215244 0.279118
vt 0.289555 0.455711
vt 0.215244 0.455711
vt 0.190738 0.279118
vt 0.289555 0.635630
vt 0.140932 0.455711
vt 0.215244 0.635630
vt 0.140932 0.635630
vt 0.297185 0.479454
vt 0.297185 0.659495
vt 0.371496 0.659495
vt 0.371496 0.479454
vt 0.445808 0.659495
vt 0.297185 0.299779
vt 0.445808 0.479454
vt 0.371496 0.299779
vt 0.424262 0.299779
vt 0.423392 0.091173
vt 0.436240 0.222354
vt 0.482887 0.061387
vt 0.390738 0.175799
vt 0.381842 0.262425
vt 0.435386 0.301961
vt 0.545373 0.212314
vt 0.542382 0.031586
vt 0.548379 0.351080
vt 0.644343 0.008988
vt 0.652995 0.202914
vt 0.652537 0.364355
vt 0.742229 0.006592
vt 0.740337 0.363790
vt 0.741924 0.192981
vt 0.869551 0.041367
vt 0.867155 0.339712
vt 0.869078 0.189639
vt 0.969619 0.095918
vt 0.984939 0.278508
vt 0.988266 0.186191
vt 0.126329 0.356619
vt 0.066239 0.356619
vt 0.126329 0.481682
vt 0.066239 0.481682
vt 0.006149 0.356619
vt 0.006149 0.481682
vt 0.066239 0.599908
vt 0.126329 0.599908
vt 0.006149 0.599908
vt 0.149172 0.976776
vt 0.004791 0.976776
vt 0.004791 0.970596
vt 0.149172 0.970596
vt 0.004791 0.984771
vt 0.250080 0.976776
vt 0.250080 0.970596
vt 0.550118 0.970596
vt 0.149172 0.984771
vt 0.550118 0.976776
vt 0.600961 0.970596
vt 0.250080 0.984771
vt 0.149172 0.992279
vt 0.004791 0.992279
vt 0.004791 0.998154
vt 0.150896 0.998154
vt 0.250080 0.992279
vt 0.250080 0.998154
vt 0.550118 0.998154
vt 0.550118 0.992279
vt 0.600961 0.998154
vt 0.550118 0.984771
vt 0.600961 0.992279
vt 0.666499 0.998154
vt 0.600961 0.976776
vt 0.666499 0.970596
vt 0.600961 0.984771
vt 0.666499 0.992279
vt 0.742580 0.998154
vt 0.666499 0.976776
vt 0.742580 0.970596
vt 0.666499 0.984771
vt 0.742580 0.984771
vt 0.742580 0.992279
vt 0.833097 0.992279
vt 0.833097 0.998154
vt 0.833097 0.984771
vt 0.742580 0.976776
vt 0.833097 0.976776
vt 0.833097 0.970596
vt 0.865629 0.984771
vt 0.865629 0.976776
vt 0.865629 0.970596
vt 0.865629 0.992279
vt 0.865629 0.998154
vt 0.916869 0.984771
vt 0.916869 0.976776
vt 0.916869 0.970596
vt 0.996750 0.988067
vt 0.920439 0.992279
vt 0.920439 0.998154
vt 0.149111 0.976776
vt 0.149111 0.970596
vt 0.249928 0.976776
vt 0.249928 0.970596
vt 0.549874 0.970596
vt 0.149111 0.984771
vt 0.549874 0.976776
vt 0.600748 0.970596
vt 0.249928 0.984771
vt 0.149111 0.992279
vt 0.150820 0.998154
vt 0.249928 0.992279
vt 0.249928 0.998154
vt 0.549874 0.998154
vt 0.549874 0.992279
vt 0.600748 0.998154
vt 0.549874 0.984771
vt 0.600748 0.992279
vt 0.666331 0.998154
vt 0.600748 0.976776
vt 0.666331 0.970596
vt 0.600748 0.984771
vt 0.666331 0.992279
vt 0.742473 0.998154
vt 0.666331 0.976776
vt 0.742473 0.970596
vt 0.666331 0.984771
vt 0.742473 0.984771
vt 0.742473 0.992279
vt 0.833021 0.992279
vt 0.833021 0.998154
vt 0.833021 0.984771
vt 0.742473 0.976776
vt 0.833021 0.976776
vt 0.833021 0.970596
vt 0.865553 0.984771
vt 0.865553 0.976776
vt 0.865553 0.970596
vt 0.865553 0.992279
vt 0.865553 0.998154
vt 0.916854 0.984771
vt 0.916854 0.976776
vt 0.916854 0.970596
vt 0.920424 0.992279
vt 0.920424 0.998154
vt 0.250050 0.976776
vt 0.250050 0.970596
vt 0.550072 0.970596
vt 0.550072 0.976776
vt 0.600931 0.970596
vt 0.250050 0.984771
vt 0.150881 0.998154
vt 0.250050 0.992279
vt 0.250050 0.998154
vt 0.550072 0.998154
vt 0.550072 0.992279
vt 0.600931 0.998154
vt 0.550072 0.984771
vt 0.600931 0.992279
vt 0.666468 0.998154
vt 0.600931 0.976776
vt 0.666468 0.970596
vt 0.600931 0.984771
vt 0.666468 0.992279
vt 0.742550 0.998154
vt 0.666468 0.976776
vt 0.742550 0.970596
vt 0.666468 0.984771
vt 0.742550 0.984771
vt 0.742550 0.992279
vt 0.833082 0.992279
vt 0.833082 0.998154
vt 0.833082 0.984771
vt 0.742550 0.976776
vt 0.833082 0.976776
vt 0.833082 0.970596
vt 0.149126 0.976776
vt 0.149126 0.970596
vt 0.249973 0.976776
vt 0.249973 0.970596
vt 0.549950 0.970596
vt 0.149126 0.984771
vt 0.549950 0.976776
vt 0.600824 0.970596
vt 0.249973 0.984771
vt 0.149126 0.992279
vt 0.150835 0.998154
vt 0.249973 0.992279
vt 0.249973 0.998154
vt 0.549950 0.998154
vt 0.549950 0.992279
vt 0.600824 0.998154
vt 0.549950 0.984771
vt 0.600824 0.992279
vt 0.666377 0.998154
vt 0.600824 0.976776
vt 0.666377 0.970596
vt 0.600824 0.984771
vt 0.666377 0.992279
vt 0.666377 0.976776
vt 0.666377 0.984771
vt 0.833036 0.992279
vt 0.833036 0.998154
vt 0.833036 0.984771
vt 0.833036 0.976776
vt 0.833036 0.970596
vt 0.865583 0.984771
vt 0.865583 0.976776
vt 0.865583 0.970596
vt 0.865583 0.992279
vt 0.865583 0.998154
vt 0.916838 0.984771
vt 0.916838 0.976776
vt 0.916838 0.970596
vt 0.920409 0.992279
vt 0.920409 0.998154
vt 0.249958 0.976776
vt 0.249958 0.970596
vt 0.549935 0.970596
vt 0.549935 0.976776
vt 0.600793 0.970596
vt 0.249958 0.984771
vt 0.249958 0.992279
vt 0.249958 0.998154
vt 0.549935 0.998154
vt 0.549935 0.992279
vt 0.600793 0.998154
vt 0.549935 0.984771
vt 0.600793 0.992279
vt 0.666362 0.998154
vt 0.600793 0.976776
vt 0.666362 0.970596
vt 0.600793 0.984771
vt 0.666362 0.992279
vt 0.666362 0.976776
vt 0.666362 0.984771
vt 0.916823 0.984771
vt 0.916823 0.976776
vt 0.916823 0.970596
s 1
usemtl mIdrTreePalmLeaf
f 436/246/441 437/247/442 438/248/443
f 437/247/442 439/249/444 438/248/443
f 438/248/443 439/249/444 440/250/445
f 439/249/444 441/251/446 440/250/445
f 442/250/447 443/251/447 444/249/448
f 445/248/449 442/250/447 444/249/448
f 445/248/449 444/249/448 446/247/450
f 447/246/451 445/248/449 446/247/450
f 448/250/452 449/251/452 450/249/453
f 451/248/453 448/250/452 450/249/453
f 451/248/453 450/249/453 452/247/454
f 453/246/454 451/248/453 452/247/454
f 454/246/455 455/247/456 456/248/457
f 455/247/456 457/249/457 456/248/457
f 456/248/457 457/249/457 458/250/458
f 457/249/457 459/251/458 458/250/458
f 460/246/459 461/247/460 462/248/461
f 461/247/460 463/249/461 462/248/461
f 462/248/461 463/249/461 464/250/462
f 463/249/461 465/251/463 464/250/462
f 466/252/464 467/253/465 468/254/466
f 467/253/465 469/255/467 468/254/466
f 468/254/466 469/255/467 470/256/468
f 469/255/467 471/257/469 470/256/468
f 472/256/470 473/257/470 474/255/471
f 475/254/471 472/256/470 474/255/471
f 475/254/471 474/255/471 476/253/472
f 477/252/473 475/254/471 476/253/472
f 478/256/474 479/257/475 480/255/476
f 481/254/477 478/256/474 480/255/476
f 481/254/477 480/255/476 482/253/478
f 483/252/479 481/254/477 482/253/478
f 484/252/480 485/253/481 486/254/482
f 485/253/481 487/255/483 486/254/482
f 486/254/482 487/255/483 488/256/484
f 487/255/483 489/257/485 488/256/484
f 490/252/486 491/253/487 492/254/488
f 491/253/487 493/255/489 492/254/488
f 492/254/488 493/255/489 494/256/490
f 493/255/489 495/257/491 494/256/490
f 496/258/492 497/259/493 498/260/492
f 497/259/493 499/261/494 498/260/492
f 499/261/494 497/259/493 500/262/495
f 498/260/492 499/261/494 501/263/492
f 502/264/495 499/261/494 500/262/495
f 499/261/494 503/265/496 501/263/492
f 499/261/494 502/264/495 504/266/495
f 503/265/496 499/261/494 504/266/495
f 505/258/497 506/260/498 507/259/499
f 506/260/498 508/261/500 507/259/499
f 506/260/498 509/263/497 508/261/500
f 510/262/501 507/259/499 508/261/500
f 509/263/497 511/265/502 508/261/500
f 512/264/503 510/262/501 508/261/500
f 511/265/502 513/266/504 508/261/500
f 513/266/504 512/264/503 508/261/500
f 514/258/505 515/259/506 516/260/507
f 515/259/506 517/261/508 516/260/507
f 517/261/508 515/259/506 518/262/509
f 516/260/507 517/261/508 519/263/507
f 520/264/510 517/261/508 518/262/509
f 517/261/508 521/265/511 519/263/507
f 517/261/508 520/264/510 522/266/512
f 521/265/511 517/261/508 522/266/512
f 523/258/513 524/259/514 525/260/515
f 524/259/514 526/261/516 525/260/515
f 526/261/516 524/259/514 527/262/517
f 525/260/515 526/261/516 528/263/518
f 529/264/519 526/261/516 527/262/517
f 526/261/516 530/265/520 528/263/518
f 526/261/516 529/264/519 531/266/517
f 530/265/520 526/261/516 531/266/517
f 532/267/521 533/268/522 534/269/523
f 533/268/522 535/270/524 534/269/523
f 535/270/524 533/268/522 536/271/525
f 534/269/523 535/270/524 537/272/526
f 538/273/527 535/270/524 536/271/525
f 535/270/524 539/274/528 537/272/526
f 535/270/524 538/273/527 540/275/529
f 539/274/528 535/270/524 540/275/529
f 541/267/530 542/269/531 543/268/532
f 542/269/531 544/270/533 543/268/532
f 542/269/531 545/272/531 544/270/533
f 546/271/534 543/268/532 544/270/533
f 545/272/531 547/274/535 544/270/533
f 548/273/536 546/271/534 544/270/533
f 547/274/535 549/275/537 544/270/533
f 549/275/537 548/273/536 544/270/533
f 550/267/538 551/269/539 552/268/540
f 551/269/539 553/270/541 552/268/540
f 551/269/539 554/272/542 553/270/541
f 555/271/543 552/268/540 553/270/541
f 554/272/542 556/274/544 553/270/541
f 557/273/545 555/271/543 553/270/541
f 556/274/544 558/275/546 553/270/541
f 558/275/546 557/273/545 553/270/541
f 559/267/547 560/268/548 561/269/547
f 560/268/548 562/270/549 561/269/547
f 562/270/549 560/268/548 563/271/550
f 561/269/547 562/270/549 564/272/547
f 565/273/551 562/270/549 563/271/550
f 562/270/549 566/274/552 564/272/547
f 562/270/549 565/273/551 567/275/553
f 566/274/552 562/270/549 567/275/553
f 568/267/554 569/268/555 570/269/556
f 569/268/555 571/270/557 570/269/556
f 571/270/557 569/268/555 572/271/558
f 570/269/556 571/270/557 573/272/556
f 574/273/559 571/270/557 572/271/558
f 571/270/557 575/274/560 573/272/556
f 571/270/557 574/273/559 576/275/561
f 575/274/560 571/270/557 576/275/561
f 577/276/562 578/277/563 579/278/564
f 580/279/565 577/276/562 579/278/564
f 580/279/565 579/278/564 581/280/566
f 577/276/562 580/279/565 582/281/567
f 583/282/568 580/279/565 581/280/566
f 580/279/565 584/283/569 582/281/567
f 580/279/565 583/282/568 585/284/570
f 584/283/569 580/279/565 585/284/570
f 586/277/571 587/276/572 588/278/573
f 587/276/572 589/279/574 588/278/573
f 587/276/572 590/281/575 589/279/574
f 591/280/576 588/278/573 589/279/574
f 590/281/575 592/283/577 589/279/574
f 593/282/578 591/280/576 589/279/574
f 589/279/574 592/283/577 594/284/579
f 593/282/578 589/279/574 594/284/579
f 595/277/580 596/276/581 597/278/582
f 596/276/581 598/279/583 597/278/582
f 596/276/581 599/281/584 598/279/583
f 600/280/585 597/278/582 598/279/583
f 599/281/584 601/283/586 598/279/583
f 602/282/587 600/280/585 598/279/583
f 598/279/583 601/283/586 603/284/588
f 602/282/587 598/279/583 603/284/588
f 604/276/589 605/277/590 606/278/591
f 607/279/592 604/276/589 606/278/591
f 607/279/592 606/278/591 608/280/593
f 604/276/589 607/279/592 609/281/594
f 610/282/595 607/279/592 608/280/593
f 607/279/592 611/283/596 609/281/594
f 607/279/592 610/282/595 612/284/597
f 611/283/596 607/279/592 612/284/597
f 613/276/598 614/277/599 615/278/600
f 616/279/601 613/276/598 615/278/600
f 616/279/601 615/278/600 617/280/602
f 613/276/598 616/279/601 618/281/603
f 619/282/604 616/279/601 617/280/602
f 616/279/601 620/283/605 618/281/603
f 616/279/601 619/282/604 621/284/606
f 620/283/605 616/279/601 621/284/606
f 622/285/607 623/286/608 624/287/609
f 623/286/608 622/285/607 625/288/610
f 625/288/610 626/289/611 623/286/608
f 626/289/611 627/290/612 623/286/608
f 623/286/608 627/290/612 628/291/613
f 623/286/608 628/291/613 629/287/614
f 628/291/613 630/292/615 629/287/614
f 627/290/612 631/293/616 628/291/613
f 630/292/615 628/291/613 632/294/617
f 628/291/613 631/293/616 633/295/618
f 628/291/613 633/295/618 632/294/617
f 631/293/616 634/296/619 633/295/618
f 632/294/617 633/295/618 635/297/620
f 634/296/619 636/298/621 633/295/618
f 633/295/618 637/299/622 635/297/620
f 636/298/621 637/299/622 633/295/618
f 635/297/620 637/299/622 638/300/623
f 636/298/621 639/301/624 637/299/622
f 637/299/622 640/302/625 638/300/623
f 639/301/624 640/302/625 637/299/622
f 641/303/626 638/300/623 640/302/625
f 639/301/624 642/304/627 640/302/625
f 643/305/628 641/303/626 640/302/625
f 642/304/627 643/305/628 640/302/625
f 644/285/629 645/286/630 646/287/631
f 645/286/630 644/285/629 647/288/632
f 647/288/632 648/289/633 645/286/630
f 648/289/633 649/290/634 645/286/630
f 645/286/630 649/290/634 650/291/635
f 645/286/630 650/291/635 651/287/636
f 650/291/635 652/292/637 651/287/636
f 649/290/634 653/293/638 650/291/635
f 652/292/637 650/291/635 654/294/639
f 650/291/635 653/293/638 655/295/640
f 650/291/635 655/295/640 654/294/639
f 653/293/638 656/296/641 655/295/640
f 654/294/639 655/295/640 657/297/642
f 656/296/641 658/298/643 655/295/640
f 655/295/640 659/299/644 657/297/642
f 658/298/643 659/299/644 655/295/640
f 657/297/642 659/299/644 660/300/645
f 658/298/643 661/301/646 659/299/644
f 659/299/644 662/302/647 660/300/645
f 661/301/646 662/302/647 659/299/644
f 663/303/648 660/300/645 662/302/647
f 661/301/646 664/304/649 662/302/647
f 665/305/650 663/303/648 662/302/647
f 664/304/649 665/305/650 662/302/647
f 666/285/651 667/287/652 668/286/653
f 668/286/653 669/288/654 666/285/651
f 669/288/654 668/286/653 670/289/655
f 670/289/655 668/286/653 671/290/656
f 668/286/653 672/291/657 671/290/656
f 668/286/653 673/287/658 672/291/657
f 673/287/658 674/292/659 672/291/657
f 672/291/657 675/293/660 671/290/656
f 672/291/657 674/292/659 676/294/661
f 672/291/657 677/295/662 675/293/660
f 677/295/662 672/291/657 676/294/661
f 677/295/662 678/296/663 675/293/660
f 677/295/662 676/294/661 679/297/664
f 678/296/663 677/295/662 680/298/665
f 681/299/666 677/295/662 679/297/664
f 677/295/662 681/299/666 680/298/665
f 679/297/664 682/300/667 681/299/666
f 683/301/668 680/298/665 681/299/666
f 682/300/667 684/302/669 681/299/666
f 684/302/669 683/301/668 681/299/666
f 684/302/669 682/300/667 685/303/670
f 683/301/668 684/302/669 686/304/671
f 687/305/672 684/302/669 685/303/670
f 684/302/669 687/305/672 686/304/671
f 688/285/673 689/287/674 690/286/675
f 690/286/675 691/288/676 688/285/673
f 691/288/676 690/286/675 692/289/677
f 692/289/677 690/286/675 693/290/678
f 690/286/675 694/291/679 693/290/678
f 690/286/675 695/287/680 694/291/679
f 695/287/680 696/292/681 694/291/679
f 694/291/679 697/293/682 693/290/678
f 694/291/679 696/292/681 698/294/683
f 694/291/679 699/295/684 697/293/682
f 699/295/684 694/291/679 698/294/683
f 699/295/684 700/296/685 697/293/682
f 699/295/684 698/294/683 701/297/686
f 700/296/685 699/295/684 702/298/687
f 703/299/688 699/295/684 701/297/686
f 699/295/684 703/299/688 702/298/687
f 701/297/686 704/300/689 703/299/688
f 705/301/690 702/298/687 703/299/688
f 704/300/689 706/302/691 703/299/688
f 706/302/691 705/301/690 703/299/688
f 706/302/691 704/300/689 707/303/692
f 705/301/690 706/302/691 708/304/693
f 709/305/694 706/302/691 707/303/692
f 706/302/691 709/305/694 708/304/693
f 710/285/695 711/287/696 712/286/697
f 712/286/697 713/288/698 710/285/695
f 713/288/698 712/286/697 714/289/699
f 714/289/699 712/286/697 715/290/700
f 712/286/697 716/291/701 715/290/700
f 712/286/697 717/287/702 716/291/701
f 717/287/702 718/292/703 716/291/701
f 716/291/701 719/293/704 715/290/700
f 716/291/701 718/292/703 720/294/705
f 716/291/701 721/295/706 719/293/704
f 721/295/706 716/291/701 720/294/705
f 721/295/706 722/296/707 719/293/704
f 721/295/706 720/294/705 723/297/708
f 722/296/707 721/295/706 724/298/709
f 725/299/710 721/295/706 723/297/708
f 721/295/706 725/299/710 724/298/709
f 723/297/708 726/300/711 725/299/710
f 727/301/712 724/298/709 725/299/710
f 726/300/711 728/302/713 725/299/710
f 728/302/713 727/301/712 725/299/710
f 728/302/713 726/300/711 729/303/714
f 727/301/712 728/302/713 730/304/715
f 731/305/716 728/302/713 729/303/714
f 728/302/713 731/305/716 730/304/715
f 732/306/717 733/307/718 734/308/719
f 733/307/718 735/309/720 734/308/719
f 735/309/720 733/307/718 736/310/721
f 737/311/722 735/309/720 736/310/721
f 735/309/720 738/312/723 734/308/719
f 735/309/720 737/311/722 738/312/723
f 738/312/723 739/313/724 734/308/719
f 737/311/722 740/314/725 738/312/723
f 741/306/726 742/308/727 743/307/728
f 742/308/727 744/309/729 743/307/728
f 745/310/730 743/307/728 744/309/729
f 746/311/731 745/310/730 744/309/729
f 747/312/732 744/309/729 742/308/727
f 746/311/731 744/309/729 747/312/732
f 748/313/733 747/312/732 742/308/727
f 749/314/734 746/311/731 747/312/732
f 750/306/735 751/308/736 752/307/737
f 751/308/736 753/309/738 752/307/737
f 754/310/739 752/307/737 753/309/738
f 755/311/740 754/310/739 753/309/738
f 756/312/741 753/309/738 751/308/736
f 755/311/740 753/309/738 756/312/741
f 757/313/742 756/312/741 751/308/736
f 758/314/743 755/311/740 756/312/741
f 759/306/744 760/307/745 761/308/746
f 760/307/745 762/309/747 761/308/746
f 762/309/747 760/307/745 763/310/748
f 764/311/749 762/309/747 763/310/748
f 762/309/747 765/312/750 761/308/746
f 762/309/747 764/311/749 765/312/750
f 765/312/750 766/313/751 761/308/746
f 764/311/749 767/314/752 765/312/750
f 768/306/753 769/307/754 770/308/755
f 769/307/754 771/309/756 770/308/755
f 771/309/756 769/307/754 772/310/757
f 773/311/758 771/309/756 772/310/757
f 771/309/756 774/312/759 770/308/755
f 771/309/756 773/311/758 774/312/759
f 774/312/759 775/313/760 770/308/755
f 773/311/758 776/314/761 774/312/759
f 777/315/762 778/316/763 779/317/764
f 780/318/765 777/315/762 779/317/764
f 781/319/766 778/316/763 777/315/762
f 777/315/762 780/318/765 782/320/767
f 780/318/765 783/321/768 782/320/767
f 782/320/767 783/321/768 784/322/769
f 785/323/770 781/319/766 777/315/762
f 785/323/770 777/315/762 782/320/767
f 786/324/771 782/320/767 784/322/769
f 786/324/771 784/322/769 787/325/772
f 788/326/773 785/323/770 782/320/767
f 788/326/773 782/320/767 786/324/771
f 781/319/766 785/323/770 789/327/774
f 790/328/775 781/319/766 789/327/774
f 790/328/775 789/327/774 791/329/776
f 789/327/774 792/330/777 791/329/776
f 789/327/774 785/323/770 793/331/778
f 789/327/774 793/331/778 792/330/777
f 785/323/770 788/326/773 793/331/778
f 793/331/778 794/332/779 792/330/777
f 794/332/779 793/331/778 795/333/780
f 793/331/778 796/334/781 795/333/780
f 793/331/778 788/326/773 796/334/781
f 797/335/782 795/333/780 796/334/781
f 788/326/773 798/336/783 796/334/781
f 798/336/783 788/326/773 786/324/771
f 799/337/784 797/335/782 796/334/781
f 799/337/784 796/334/781 798/336/783
f 797/335/782 799/337/784 800/338/785
f 798/336/783 786/324/771 801/339/786
f 801/339/786 786/324/771 787/325/772
f 787/325/772 802/340/787 801/339/786
f 803/341/788 799/337/784 798/336/783
f 803/341/788 798/336/783 801/339/786
f 799/337/784 804/342/789 800/338/785
f 799/337/784 803/341/788 804/342/789
f 800/338/785 804/342/789 805/343/790
f 802/340/787 806/344/791 801/339/786
f 803/341/788 801/339/786 806/344/791
f 802/340/787 807/345/792 806/344/791
f 803/341/788 808/346/793 804/342/789
f 808/346/793 803/341/788 806/344/791
f 804/342/789 808/346/793 809/347/794
f 808/346/793 806/344/791 809/347/794
f 804/342/789 810/348/795 805/343/790
f 810/348/795 804/342/789 809/347/794
f 810/348/795 811/349/796 805/343/790
f 811/349/796 812/350/797 805/343/790
f 810/348/795 809/347/794 813/351/798
f 811/349/796 810/348/795 813/351/798
f 806/344/791 814/352/799 809/347/794
f 809/347/794 814/352/799 813/351/798
f 807/345/792 814/352/799 806/344/791
f 815/353/800 814/352/799 807/345/792
f 814/352/799 815/353/800 813/351/798
f 816/354/801 815/353/800 807/345/792
f 811/349/796 813/351/798 817/355/802
f 817/355/802 813/351/798 815/353/800
f 815/353/800 816/354/801 818/356/803
f 818/356/803 817/355/802 815/353/800
f 816/354/801 819/357/804 818/356/803
f 820/358/805 811/349/796 817/355/802
f 811/349/796 820/358/805 812/350/797
f 820/358/805 821/359/806 812/350/797
f 817/355/802 818/356/803 822/360/807
f 820/358/805 817/355/802 822/360/807
f 818/356/803 819/357/804 823/361/808
f 818/356/803 823/361/808 822/360/807
f 819/357/804 824/362/809 823/361/808
f 825/363/810 823/361/808 824/362/809
f 825/363/810 822/360/807 823/361/808
f 820/358/805 826/364/811 821/359/806
f 826/364/811 820/358/805 822/360/807
f 825/363/810 826/364/811 822/360/807
f 826/364/811 827/365/812 821/359/806
f 825/363/810 827/365/812 826/364/811
f 828/366/813 829/316/814 830/317/815
f 831/367/816 828/366/813 830/317/815
f 832/319/817 829/316/814 828/366/813
f 828/366/813 831/367/816 833/368/818
f 831/367/816 834/369/819 833/368/818
f 833/368/818 834/369/819 835/370/820
f 836/371/821 832/319/817 828/366/813
f 836/371/821 828/366/813 833/368/818
f 837/372/822 833/368/818 835/370/820
f 837/372/822 835/370/820 838/373/823
f 839/374/824 836/371/821 833/368/818
f 839/374/824 833/368/818 837/372/822
f 832/319/817 836/371/821 840/375/825
f 841/328/826 832/319/817 840/375/825
f 841/328/826 840/375/825 842/329/827
f 840/375/825 843/376/816 842/329/827
f 840/375/825 836/371/821 844/377/828
f 840/375/825 844/377/828 843/376/816
f 836/371/821 839/374/824 844/377/828
f 844/377/828 845/378/829 843/376/816
f 845/378/829 844/377/828 846/379/830
f 844/377/828 847/380/831 846/379/830
f 844/377/828 839/374/824 847/380/831
f 848/381/832 846/379/830 847/380/831
f 839/374/824 849/382/833 847/380/831
f 849/382/833 839/374/824 837/372/822
f 850/383/834 848/381/832 847/380/831
f 850/383/834 847/380/831 849/382/833
f 848/381/832 850/383/834 851/384/835
f 849/382/833 837/372/822 852/385/836
f 852/385/836 837/372/822 838/373/823
f 838/373/823 853/386/837 852/385/836
f 854/387/838 850/383/834 849/382/833
f 854/387/838 849/382/833 852/385/836
f 850/383/834 855/388/839 851/384/835
f 850/383/834 854/387/838 855/388/839
f 851/384/835 855/388/839 856/389/840
f 853/386/837 857/390/841 852/385/836
f 854/387/838 852/385/836 857/390/841
f 853/386/837 858/391/842 857/390/841
f 854/387/838 859/392/843 855/388/839
f 859/392/843 854/387/838 857/390/841
f 855/388/839 859/392/843 860/393/844
f 859/392/843 857/390/841 860/393/844
f 855/388/839 861/394/845 856/389/840
f 861/394/845 855/388/839 860/393/844
f 861/394/845 862/395/846 856/389/840
f 862/395/846 863/396/847 856/389/840
f 861/394/845 860/393/844 864/397/848
f 862/395/846 861/394/845 864/397/848
f 857/390/841 865/398/849 860/393/844
f 860/393/844 865/398/849 864/397/848
f 858/391/842 865/398/849 857/390/841
f 866/399/850 865/398/849 858/391/842
f 865/398/849 866/399/850 864/397/848
f 867/400/851 866/399/850 858/391/842
f 862/395/846 864/397/848 868/401/852
f 868/401/852 864/397/848 866/399/850
f 866/399/850 867/400/851 869/402/853
f 869/402/853 868/401/852 866/399/850
f 867/400/851 870/403/854 869/402/853
f 871/404/855 862/395/846 868/401/852
f 862/395/846 871/404/855 863/396/847
f 871/404/855 872/405/856 863/396/847
f 868/401/852 869/402/853 873/406/857
f 871/404/855 868/401/852 873/406/857
f 869/402/853 870/403/854 874/407/858
f 869/402/853 874/407/858 873/406/857
f 870/403/854 875/408/859 874/407/858
f 876/363/860 874/407/858 875/408/859
f 876/363/860 873/406/857 874/407/858
f 871/404/855 877/409/861 872/405/856
f 877/409/861 871/404/855 873/406/857
f 876/363/860 877/409/861 873/406/857
f 877/409/861 878/410/859 872/405/856
f 876/363/860 878/410/859 877/409/861
f 879/315/862 880/316/863 881/317/864
f 882/318/865 879/315/862 881/317/864
f 883/319/866 880/316/863 879/315/862
f 879/315/862 882/318/865 884/411/867
f 882/318/865 885/412/868 884/411/867
f 884/411/867 885/412/868 886/413/869
f 887/323/870 883/319/866 879/315/862
f 887/323/870 879/315/862 884/411/867
f 888/414/871 884/411/867 886/413/869
f 888/414/871 886/413/869 889/415/872
f 890/416/873 887/323/870 884/411/867
f 890/416/873 884/411/867 888/414/871
f 883/319/866 887/323/870 891/327/874
f 892/328/875 883/319/866 891/327/874
f 892/328/875 891/327/874 893/329/876
f 891/327/874 894/417/877 893/329/876
f 891/327/874 887/323/870 895/418/878
f 891/327/874 895/418/878 894/417/877
f 887/323/870 890/416/873 895/418/878
f 895/418/878 896/419/879 894/417/877
f 896/419/879 895/418/878 897/420/880
f 895/418/878 898/421/881 897/420/880
f 895/418/878 890/416/873 898/421/881
f 899/422/882 897/420/880 898/421/881
f 890/416/873 900/423/883 898/421/881
f 900/423/883 890/416/873 888/414/871
f 901/424/884 899/422/882 898/421/881
f 901/424/884 898/421/881 900/423/883
f 899/422/882 901/424/884 902/425/885
f 900/423/883 888/414/871 903/426/886
f 903/426/886 888/414/871 889/415/872
f 889/415/872 904/427/887 903/426/886
f 905/428/888 901/424/884 900/423/883
f 905/428/888 900/423/883 903/426/886
f 901/424/884 906/429/889 902/425/885
f 901/424/884 905/428/888 906/429/889
f 902/425/885 906/429/889 907/430/890
f 904/427/887 908/431/891 903/426/886
f 905/428/888 903/426/886 908/431/891
f 904/427/887 909/432/892 908/431/891
f 905/428/888 910/433/893 906/429/889
f 910/433/893 905/428/888 908/431/891
f 906/429/889 910/433/893 911/434/894
f 910/433/893 908/431/891 911/434/894
f 906/429/889 912/435/895 907/430/890
f 912/435/895 906/429/889 911/434/894
f 912/435/895 913/436/896 907/430/890
f 913/436/896 914/437/897 907/430/890
f 912/435/895 911/434/894 915/438/898
f 913/436/896 912/435/895 915/438/898
f 908/431/891 916/439/899 911/434/894
f 911/434/894 916/439/899 915/438/898
f 909/432/892 916/439/899 908/431/891
f 917/440/900 916/439/899 909/432/892
f 916/439/899 917/440/900 915/438/898
f 918/441/897 917/440/900 909/432/892
f 913/436/896 915/438/898 919/355/901
f 919/355/901 915/438/898 917/440/900
f 917/440/900 918/441/897 920/356/902
f 920/356/902 919/355/901 917/440/900
f 918/441/897 921/357/903 920/356/902
f 922/358/904 913/436/896 919/355/901
f 913/436/896 922/358/904 914/437/897
f 922/358/904 923/359/903 914/437/897
f 919/355/901 920/356/902 924/406/905
f 922/358/904 919/355/901 924/406/905
f 920/356/902 921/357/903 925/407/906
f 920/356/902 925/407/906 924/406/905
f 921/357/903 926/408/907 925/407/906
f 927/363/908 925/407/906 926/408/907
f 927/363/908 924/406/905 925/407/906
f 922/358/904 928/409/909 923/359/903
f 928/409/909 922/358/904 924/406/905
f 927/363/908 928/409/909 924/406/905
f 928/409/909 929/410/910 923/359/903
f 927/363/908 929/410/910 928/409/909
f 930/442/911 931/316/912 932/317/913
f 933/443/914 930/442/911 932/317/913
f 934/319/915 931/316/912 930/442/911
f 930/442/911 933/443/914 935/444/916
f 933/443/914 936/445/917 935/444/916
f 935/444/916 936/445/917 937/446/918
f 938/447/919 934/319/915 930/442/911
f 938/447/919 930/442/911 935/444/916
f 939/448/920 935/444/916 937/446/918
f 939/448/920 937/446/918 940/449/921
f 941/450/922 938/447/919 935/444/916
f 941/450/922 935/444/916 939/448/920
f 934/319/915 938/447/919 942/451/923
f 943/328/924 934/319/915 942/451/923
f 943/328/924 942/451/923 944/329/925
f 942/451/923 945/452/926 944/329/925
f 942/451/923 938/447/919 946/453/927
f 942/451/923 946/453/927 945/452/926
f 938/447/919 941/450/922 946/453/927
f 946/453/927 947/454/928 945/452/926
f 947/454/928 946/453/927 948/455/929
f 946/453/927 949/456/930 948/455/929
f 946/453/927 941/450/922 949/456/930
f 950/457/921 948/455/929 949/456/930
f 941/450/922 951/458/931 949/456/930
f 951/458/931 941/450/922 939/448/920
f 952/459/932 950/457/921 949/456/930
f 952/459/932 949/456/930 951/458/931
f 950/457/921 952/459/932 953/460/933
f 951/458/931 939/448/920 954/461/934
f 954/461/934 939/448/920 940/449/921
f 940/449/921 955/462/935 954/461/934
f 956/463/936 952/459/932 951/458/931
f 956/463/936 951/458/931 954/461/934
f 952/459/932 957/464/937 953/460/933
f 952/459/932 956/463/936 957/464/937
f 953/460/933 957/464/937 958/389/938
f 955/462/935 959/465/939 954/461/934
f 956/463/936 954/461/934 959/465/939
f 955/462/935 960/391/940 959/465/939
f 956/463/936 961/466/941 957/464/937
f 961/466/941 956/463/936 959/465/939
f 957/464/937 961/466/941 962/393/942
f 961/466/941 959/465/939 962/393/942
f 957/464/937 963/394/943 958/389/938
f 963/394/943 957/464/937 962/393/942
f 963/394/943 964/467/944 958/389/938
f 964/467/944 965/468/945 958/389/938
f 963/394/943 962/393/942 966/469/946
f 964/467/944 963/394/943 966/469/946
f 959/465/939 967/398/947 962/393/942
f 962/393/942 967/398/947 966/469/946
f 960/391/940 967/398/947 959/465/939
f 968/470/948 967/398/947 960/391/940
f 967/398/947 968/470/948 966/469/946
f 969/471/945 968/470/948 960/391/940
f 964/467/944 966/469/946 970/472/949
f 970/472/949 966/469/946 968/470/948
f 968/470/948 969/471/945 971/473/950
f 971/473/950 970/472/949 968/470/948
f 969/471/945 972/474/951 971/473/950
f 973/475/952 964/467/944 970/472/949
f 964/467/944 973/475/952 965/468/945
f 973/475/952 974/476/953 965/468/945
f 970/472/949 971/473/950 975/477/954
f 973/475/952 970/472/949 975/477/954
f 971/473/950 972/474/951 976/478/955
f 971/473/950 976/478/955 975/477/954
f 972/474/951 977/479/956 976/478/955
f 978/363/957 976/478/955 977/479/956
f 978/363/957 975/477/954 976/478/955
f 973/475/952 979/480/958 974/476/953
f 979/480/958 973/475/952 975/477/954
f 978/363/957 979/480/958 975/477/954
f 979/480/958 980/481/956 974/476/953
f 978/363/957 980/481/956 979/480/958
f 981/442/959 982/316/960 983/317/961
f 984/443/962 981/442/959 983/317/961
f 985/319/963 982/316/960 981/442/959
f 981/442/959 984/443/962 986/482/964
f 984/443/962 987/483/965 986/482/964
f 986/482/964 987/483/965 988/484/966
f 989/447/967 985/319/963 981/442/959
f 989/447/967 981/442/959 986/482/964
f 990/485/968 986/482/964 988/484/966
f 990/485/968 988/484/966 991/486/969
f 992/487/970 989/447/967 986/482/964
f 992/487/970 986/482/964 990/485/968
f 985/319/963 989/447/967 993/451/971
f 994/328/972 985/319/963 993/451/971
f 994/328/972 993/451/971 995/329/973
f 993/451/971 996/452/974 995/329/973
f 993/451/971 989/447/967 997/488/975
f 993/451/971 997/488/975 996/452/974
f 989/447/967 992/487/970 997/488/975
f 997/488/975 998/489/976 996/452/974
f 998/489/976 997/488/975 999/490/977
f 997/488/975 1000/491/978 999/490/977
f 997/488/975 992/487/970 1000/491/978
f 1001/492/979 999/490/977 1000/491/978
f 992/487/970 1002/493/980 1000/491/978
f 1002/493/980 992/487/970 990/485/968
f 1003/494/981 1001/492/979 1000/491/978
f 1003/494/981 1000/491/978 1002/493/980
f 1001/492/979 1003/494/981 1004/495/982
f 1002/493/980 990/485/968 1005/496/983
f 1005/496/983 990/485/968 991/486/969
f 991/486/969 1006/497/984 1005/496/983
f 1007/498/985 1003/494/981 1002/493/980
f 1007/498/985 1002/493/980 1005/496/983
f 1003/494/981 1008/499/986 1004/495/982
f 1003/494/981 1007/498/985 1008/499/986
f 1004/495/982 1008/499/986 1009/389/987
f 1006/497/984 1010/500/988 1005/496/983
f 1007/498/985 1005/496/983 1010/500/988
f 1006/497/984 1011/391/989 1010/500/988
f 1007/498/985 1012/501/990 1008/499/986
f 1012/501/990 1007/498/985 1010/500/988
f 1008/499/986 1012/501/990 1013/393/991
f 1012/501/990 1010/500/988 1013/393/991
f 1008/499/986 1014/394/992 1009/389/987
f 1014/394/992 1008/499/986 1013/393/991
f 1014/394/992 1015/467/993 1009/389/987
f 1015/467/993 1016/468/994 1009/389/987
f 1014/394/992 1013/393/991 1017/469/995
f 1015/467/993 1014/394/992 1017/469/995
f 1010/500/988 1018/398/996 1013/393/991
f 1013/393/991 1018/398/996 1017/469/995
f 1011/391/989 1018/398/996 1010/500/988
f 1019/470/997 1018/398/996 1011/391/989
f 1018/398/996 1019/470/997 1017/469/995
f 1020/471/994 1019/470/997 1011/391/989
f 1015/467/993 1017/469/995 1021/472/998
f 1021/472/998 1017/469/995 1019/470/997
f 1019/470/997 1020/471/994 1022/473/999
f 1022/473/999 1021/472/998 1019/470/997
f 1020/471/994 1023/474/1000 1022/473/999
f 1024/475/1001 1015/467/993 1021/472/998
f 1015/467/993 1024/475/1001 1016/468/994
f 1024/475/1001 1025/476/1002 1016/468/994
f 1021/472/998 1022/473/999 1026/502/1003
f 1024/475/1001 1021/472/998 1026/502/1003
f 1022/473/999 1023/474/1000 1027/503/1004
f 1022/473/999 1027/503/1004 1026/502/1003
f 1023/474/1000 1028/504/1005 1027/503/1004
f 1029/363/1006 1027/503/1004 1028/504/1005
f 1029/363/1006 1026/502/1003 1027/503/1004
f 1024/475/1001 1030/480/1007 1025/476/1002
f 1030/480/1007 1024/475/1001 1026/502/1003
f 1029/363/1006 1030/480/1007 1026/502/1003
f 1030/480/1007 1031/481/1005 1025/476/1002
f 1029/363/1006 1031/481/1005 1030/480/1007
f 1032/260/1008 1033/261/1009 1034/258/1010
f 1032/260/1008 1035/263/1008 1033/261/1009
f 1033/261/1009 1036/259/1011 1034/258/1010
f 1035/263/1008 1037/265/1012 1033/261/1009
f 1038/262/1013 1036/259/1011 1033/261/1009
f 1037/265/1012 1039/266/1014 1033/261/1009
f 1040/264/1015 1038/262/1013 1033/261/1009
f 1039/266/1014 1040/264/1015 1033/261/1009
