# Blender 5.1.0
# www.blender.org
mtllib house.mtl
o House5_Medieval_0
v 1.986958 -0.000000 -0.645885
v -1.992056 0.000000 0.002182
v 0.782798 -0.000000 -1.488572
v -2.058102 -0.000000 -1.159379
v -2.058102 -0.000000 -1.488572
v -1.992056 -0.000000 -1.161775
v -0.783517 -0.000000 -1.488572
v 2.254493 -0.000000 -1.488572
v 2.254493 -0.000000 -0.645885
v 1.986958 0.000000 0.650249
v 0.782798 0.000000 1.492936
v -2.058102 0.000000 1.163743
v -1.992056 0.000000 1.166139
v -2.058102 0.000000 1.492936
v -0.783517 0.000000 1.492936
v 2.254493 0.000000 1.492936
v 2.254493 0.000000 0.650249
v 0.760858 2.365236 -1.139990
v 0.548686 2.602105 -1.154841
v 0.538972 2.608684 -0.835130
v 0.756868 2.367467 1.144219
v 0.521441 2.617210 0.842072
v 0.521202 2.617463 1.158285
v -0.751132 2.367467 1.144219
v -0.515462 2.617468 1.158285
v -0.511668 2.621493 0.836890
v -0.258442 2.932346 -2.185271
v -0.259295 2.959388 -2.186555
v -0.278899 2.895688 -2.180836
v -0.542981 2.671567 -2.149604
v -0.592142 2.672515 -2.145458
v -0.529067 2.649371 -2.149744
v 0.263553 2.980288 -2.188370
v 0.260800 2.933434 -2.182291
v 0.273371 2.914123 -2.186199
v 0.571471 2.709011 -2.156379
v 0.562822 2.654592 -2.150894
v 0.529924 2.654251 -2.152730
v 0.278960 2.953816 2.190577
v 0.266771 2.995976 2.194743
v 0.261170 2.943986 2.192660
v 0.539083 2.687237 2.156571
v 0.547859 2.729322 2.160727
v 0.519323 2.677742 2.158649
v -0.260908 2.995970 2.194742
v -0.273220 2.953822 2.190578
v -0.255435 2.943986 2.192660
v -0.541996 2.729317 2.160727
v -0.533343 2.687242 2.156571
v -0.513588 2.677742 2.158649
v 2.929016 3.395804 0.002180
v 2.874621 3.074389 0.002180
v 2.859609 3.239977 -0.179756
v -2.953970 3.414358 0.002180
v -2.884564 3.258531 -0.179756
v -2.899575 3.092943 0.002180
v 2.929016 3.395804 0.002180
v 2.859609 3.239977 0.184115
v 2.874621 3.074389 0.002180
v -2.953970 3.414358 0.002180
v -2.899575 3.092943 0.002180
v -2.884564 3.258531 0.184115
v 0.009866 3.110311 2.457776
v 0.009866 2.788897 2.403381
v 0.191801 2.954484 2.388369
v 0.009866 3.097398 -2.382468
v 0.191801 2.941571 -2.313061
v 0.009866 2.775983 -2.328073
v 0.009866 3.110311 2.457776
v -0.172069 2.954484 2.388369
v 0.009866 2.788897 2.403381
v 0.009866 3.097398 -2.382468
v 0.009866 2.775983 -2.328073
v -0.172069 2.941571 -2.313061
v 0.828597 1.980511 -1.810772
v 2.226197 2.226690 -1.632387
v 2.515886 2.093539 -1.867059
v -0.676276 2.525370 1.981098
v -0.758104 2.385754 1.402386
v -0.777609 2.436912 2.124638
v -0.542357 2.660342 -2.000827
v -0.704069 2.486537 -1.855464
v -0.538791 2.596109 -1.149419
v -0.704069 2.486537 -1.855464
v -0.746213 2.377674 -1.135568
v -0.538791 2.596109 -1.149419
v -2.099525 2.368058 -1.172817
v -2.058102 -0.000000 -1.159379
v -1.992056 -0.000000 -1.161775
v -2.033479 2.368024 -1.175213
v 0.782798 -0.000000 -1.488572
v 0.807755 1.941597 -1.517846
v 2.323208 2.066229 -1.548820
v 2.254493 -0.000000 -1.488572
v -2.058102 -0.000000 -1.488572
v -2.126817 2.066229 -1.548820
v -0.808474 1.941597 -1.517846
v -0.783517 -0.000000 -1.488572
v -0.783517 -0.000000 -1.488572
v -0.808474 1.941597 -1.517846
v 0.807755 1.941597 -1.517846
v 0.782798 -0.000000 -1.488572
v 2.233037 1.470398 -0.365930
v 2.231809 1.563398 0.002182
v 1.964275 1.561491 0.002182
v 1.965502 1.468492 -0.365930
v 2.239740 0.993764 -0.621646
v 2.235451 1.246649 -0.550848
v 1.967916 1.244742 -0.550848
v 1.972205 0.991857 -0.621646
v 2.235451 1.246649 -0.550848
v 2.233037 1.470398 -0.365930
v 1.965502 1.468492 -0.365930
v 1.967916 1.244742 -0.550848
v 2.254493 -0.000000 -0.645885
v 2.239740 0.993764 -0.621646
v 1.972205 0.991857 -0.621646
v 1.986958 -0.000000 -0.645885
v -1.992056 0.000000 0.002182
v -1.948195 3.311228 0.002181
v -2.033479 2.368024 -1.175213
v -1.992056 -0.000000 -1.161775
v -2.058102 -0.000000 -1.159379
v -2.099525 2.368058 -1.172817
v -2.126817 2.066229 -1.548820
v -2.058102 -0.000000 -1.488572
v 1.986958 0.000000 0.002182
v -2.099525 2.368058 1.177179
v -2.033479 2.368025 1.179576
v -1.992056 0.000000 1.166139
v -2.058102 0.000000 1.163743
v 0.782798 0.000000 1.492936
v 2.254493 0.000000 1.492936
v 2.323208 2.066230 1.553183
v 0.807755 1.941598 1.522208
v -2.058102 0.000000 1.492936
v -0.783517 0.000000 1.492936
v -0.808474 1.941598 1.522208
v -2.126817 2.066230 1.553183
v -0.783517 0.000000 1.492936
v 0.782798 0.000000 1.492936
v 0.807755 1.941598 1.522208
v -0.808474 1.941598 1.522208
v 2.233037 1.470399 0.370293
v 1.965502 1.468492 0.370293
v 1.964275 1.561491 0.002182
v 2.231809 1.563398 0.002182
v 2.239740 0.993764 0.626010
v 1.972205 0.991858 0.626010
v 1.967916 1.244743 0.555211
v 2.235451 1.246649 0.555211
v 2.235451 1.246649 0.555211
v 1.967916 1.244743 0.555211
v 1.965502 1.468492 0.370293
v 2.233037 1.470399 0.370293
v 2.254493 0.000000 0.650249
v 1.986958 0.000000 0.650249
v 1.972205 0.991858 0.626010
v 2.239740 0.993764 0.626010
v -1.992056 0.000000 0.002182
v -1.992056 0.000000 1.166139
v -2.033479 2.368025 1.179576
v -1.948195 3.311228 0.002181
v -2.058102 0.000000 1.163743
v -2.058102 0.000000 1.492936
v -2.126817 2.066230 1.553183
v -2.099525 2.368058 1.177179
v 0.330827 1.587466 -1.811498
v 0.002868 1.586236 -1.816651
v 0.002868 1.588423 -1.770499
v 0.334187 1.589653 -1.765346
v 0.641907 1.020869 -1.786446
v 0.641907 1.020869 -1.076253
v 0.002868 1.020869 -1.076253
v 0.002868 1.020869 -1.786446
v 0.641907 1.020869 -1.786446
v 0.667734 2.363938 -1.902006
v 0.654456 2.294494 -1.122427
v 0.641907 1.020869 -1.076253
v 0.501309 1.009173 -1.817395
v 0.533797 2.580828 -1.945335
v 0.695008 2.460800 -1.938087
v 0.660170 1.002856 -1.819331
v 0.662121 1.013575 -1.694190
v 0.696959 2.471519 -1.812946
v 0.535748 2.591547 -1.820194
v 0.503260 1.019892 -1.692254
v 0.660170 1.002856 -1.819331
v 0.662121 1.013575 -1.694190
v 0.503260 1.019892 -1.692254
v 0.501309 1.009173 -1.817395
v 0.695008 2.460800 -1.938087
v 0.696959 2.471519 -1.812946
v 0.662121 1.013575 -1.694190
v 0.660170 1.002856 -1.819331
v 0.501309 1.009173 -1.817395
v 0.503260 1.019892 -1.692254
v 0.535748 2.591547 -1.820194
v 0.533797 2.580828 -1.945335
v 0.472204 1.039538 -1.880526
v 0.481673 1.076830 -1.422421
v 0.704387 1.087782 -1.465645
v 0.694232 1.053167 -1.890606
v 0.715595 0.907238 -1.894730
v 0.706338 0.962642 -1.454926
v 0.483624 0.951689 -1.411701
v 0.474155 0.914397 -1.869807
v 0.694232 1.053167 -1.890606
v 0.715595 0.907238 -1.894730
v 0.474155 0.914397 -1.869807
v 0.472204 1.039538 -1.880526
v 0.704387 1.087782 -1.465645
v 0.706338 0.962642 -1.454926
v 0.715595 0.907238 -1.894730
v 0.694232 1.053167 -1.890606
v 0.472204 1.039538 -1.880526
v 0.474155 0.914397 -1.869807
v 0.483624 0.951689 -1.411701
v 0.481673 1.076830 -1.422421
v 0.078222 1.041468 -1.881150
v 0.086658 1.074946 -1.422730
v 0.309931 1.072105 -1.464335
v 0.300736 1.041115 -1.889597
v 0.308147 0.904945 -1.906386
v 0.303902 0.947021 -1.454517
v 0.080629 0.949861 -1.412912
v 0.072192 0.916384 -1.871332
v 0.300736 1.041115 -1.889597
v 0.308147 0.904945 -1.906386
v 0.072192 0.916384 -1.871332
v 0.078222 1.041468 -1.881150
v 0.309931 1.072105 -1.464335
v 0.303902 0.947021 -1.454517
v 0.308147 0.904945 -1.906386
v 0.300736 1.041115 -1.889597
v 0.078222 1.041468 -1.881150
v 0.072192 0.916384 -1.871332
v 0.080629 0.949861 -1.412912
v 0.086658 1.074946 -1.422730
v 0.238396 1.633174 -1.873796
v 0.002868 1.635227 -1.849907
v 0.002868 1.636263 -1.748792
v 0.238396 1.634211 -1.748711
v 0.242093 2.411894 -1.770360
v 0.002868 2.413947 -1.770441
v 0.002868 2.405000 -1.863226
v 0.242093 2.402948 -1.895445
v 0.363402 1.532320 -1.748715
v 0.357372 1.532319 -1.873799
v 0.352767 2.496209 -1.898183
v 0.358796 2.506027 -1.773098
v 0.242093 2.411894 -1.770360
v 0.242093 2.402948 -1.895445
v 0.238396 1.633174 -1.873796
v 0.238396 1.634211 -1.748711
v 0.352767 2.496209 -1.898183
v 0.357372 1.532319 -1.873799
v 0.238396 1.633174 -1.873796
v 0.242093 2.402948 -1.895445
v 0.242093 2.411894 -1.770360
v 0.238396 1.634211 -1.748711
v 0.363402 1.532320 -1.748715
v 0.358796 2.506027 -1.773098
v 0.352767 2.496209 -1.898183
v 0.002868 2.489815 -1.865612
v 0.002868 2.499632 -1.772826
v 0.358796 2.506027 -1.773098
v 0.242093 2.402948 -1.895445
v 0.002868 2.405000 -1.863226
v 0.002868 2.489815 -1.865612
v 0.352767 2.496209 -1.898183
v 0.358796 2.506027 -1.773098
v 0.002868 2.499632 -1.772826
v 0.002868 2.413947 -1.770441
v 0.242093 2.411894 -1.770360
v 0.357372 1.532319 -1.873799
v 0.002868 1.534372 -1.847071
v 0.002868 1.635227 -1.849907
v 0.238396 1.633174 -1.873796
v 0.363402 1.532320 -1.748715
v 0.002868 1.534372 -1.745956
v 0.002868 1.534372 -1.847071
v 0.357372 1.532319 -1.873799
v 0.238396 1.634211 -1.748711
v 0.002868 1.636263 -1.748792
v 0.002868 1.534372 -1.745956
v 0.363402 1.532320 -1.748715
v 0.344108 2.447703 -1.882303
v 0.002868 2.447703 -1.828377
v 0.002868 3.057665 -1.839280
v 0.667734 2.363938 -1.902006
v 0.330827 1.587466 -1.811498
v 0.344108 2.447703 -1.882303
v 0.667734 2.363938 -1.902006
v 0.641907 1.020869 -1.786446
v 0.002868 1.586236 -1.816651
v 0.330827 1.587466 -1.811498
v 0.641907 1.020869 -1.786446
v 0.002868 1.020869 -1.786446
v 0.002868 1.588423 -1.770499
v 0.002868 2.449890 -1.782225
v 0.347467 2.449890 -1.836152
v 0.334187 1.589653 -1.765346
v 0.002868 2.447703 -1.828377
v 0.344108 2.447703 -1.882303
v 0.347467 2.449890 -1.836152
v 0.002868 2.449890 -1.782225
v 0.344108 2.447703 -1.882303
v 0.330827 1.587466 -1.811498
v 0.334187 1.589653 -1.765346
v 0.347467 2.449890 -1.836152
v 2.101573 1.509921 -0.086219
v 2.142857 3.137740 -0.082660
v 2.304068 3.137740 -0.075412
v 2.260434 1.503604 -0.088155
v 2.101573 1.509921 0.090581
v 2.142858 3.137740 0.087022
v 2.142857 3.137740 -0.082660
v 2.101573 1.509921 -0.086219
v 2.304069 3.137740 0.079773
v 2.260434 1.503604 0.092517
v 2.260434 1.503604 -0.088155
v 2.304068 3.137740 -0.075412
v -0.325092 1.587466 -1.811498
v -0.328452 1.589653 -1.765346
v 0.002868 1.588423 -1.770499
v 0.002868 1.586236 -1.816651
v -0.636172 1.020869 -1.786446
v -0.636172 1.020869 -1.076253
v -0.636172 1.020869 -1.786446
v -0.636172 1.020869 -1.076253
v -0.648721 2.294494 -1.122427
v -0.661999 2.363938 -1.902006
v -0.495574 1.009173 -1.817395
v -0.654435 1.002856 -1.819331
v -0.689273 2.460800 -1.938087
v -0.528062 2.580828 -1.945335
v -0.656386 1.013575 -1.694190
v -0.497525 1.019892 -1.692254
v -0.530013 2.591547 -1.820194
v -0.691224 2.471519 -1.812946
v -0.654435 1.002856 -1.819331
v -0.495574 1.009173 -1.817395
v -0.497525 1.019892 -1.692254
v -0.656386 1.013575 -1.694190
v -0.689273 2.460800 -1.938087
v -0.654435 1.002856 -1.819331
v -0.656386 1.013575 -1.694190
v -0.691224 2.471519 -1.812946
v -0.495574 1.009173 -1.817395
v -0.528062 2.580828 -1.945335
v -0.530013 2.591547 -1.820194
v -0.497525 1.019892 -1.692254
v -0.466468 1.039538 -1.880526
v -0.688497 1.053167 -1.890606
v -0.698652 1.087782 -1.465645
v -0.475938 1.076830 -1.422421
v -0.709860 0.907238 -1.894730
v -0.468420 0.914397 -1.869807
v -0.477889 0.951689 -1.411701
v -0.700603 0.962642 -1.454926
v -0.688497 1.053167 -1.890606
v -0.466468 1.039538 -1.880526
v -0.468420 0.914397 -1.869807
v -0.709860 0.907238 -1.894730
v -0.698652 1.087782 -1.465645
v -0.688497 1.053167 -1.890606
v -0.709860 0.907238 -1.894730
v -0.700603 0.962642 -1.454926
v -0.466468 1.039538 -1.880526
v -0.475938 1.076830 -1.422421
v -0.477889 0.951689 -1.411701
v -0.468420 0.914397 -1.869807
v -0.072486 1.041468 -1.881150
v -0.295001 1.041115 -1.889597
v -0.304196 1.072105 -1.464335
v -0.080923 1.074946 -1.422730
v -0.302411 0.904945 -1.906386
v -0.066457 0.916384 -1.871332
v -0.074894 0.949861 -1.412912
v -0.298166 0.947021 -1.454517
v -0.295001 1.041115 -1.889597
v -0.072486 1.041468 -1.881150
v -0.066457 0.916384 -1.871332
v -0.302411 0.904945 -1.906386
v -0.304196 1.072105 -1.464335
v -0.295001 1.041115 -1.889597
v -0.302411 0.904945 -1.906386
v -0.298166 0.947021 -1.454517
v -0.072486 1.041468 -1.881150
v -0.080923 1.074946 -1.422730
v -0.074894 0.949861 -1.412912
v -0.066457 0.916384 -1.871332
v -0.232660 1.633174 -1.873796
v -0.232660 1.634211 -1.748711
v 0.002868 1.636263 -1.748792
v 0.002868 1.635227 -1.849907
v -0.236358 2.411894 -1.770360
v -0.236358 2.402948 -1.895445
v 0.002868 2.405000 -1.863226
v 0.002868 2.413947 -1.770441
v -0.357666 1.532320 -1.748715
v -0.353061 2.506027 -1.773098
v -0.347032 2.496209 -1.898183
v -0.351637 1.532319 -1.873799
v -0.236358 2.411894 -1.770360
v -0.232660 1.634211 -1.748711
v -0.232660 1.633174 -1.873796
v -0.236358 2.402948 -1.895445
v -0.347032 2.496209 -1.898183
v -0.236358 2.402948 -1.895445
v -0.232660 1.633174 -1.873796
v -0.351637 1.532319 -1.873799
v -0.236358 2.411894 -1.770360
v -0.353061 2.506027 -1.773098
v -0.357666 1.532320 -1.748715
v -0.232660 1.634211 -1.748711
v -0.347032 2.496209 -1.898183
v -0.353061 2.506027 -1.773098
v 0.002868 2.499632 -1.772826
v 0.002868 2.489815 -1.865612
v -0.236358 2.402948 -1.895445
v -0.347032 2.496209 -1.898183
v 0.002868 2.489815 -1.865612
v 0.002868 2.405000 -1.863226
v -0.353061 2.506027 -1.773098
v -0.236358 2.411894 -1.770360
v 0.002868 2.413947 -1.770441
v 0.002868 2.499632 -1.772826
v -0.351637 1.532319 -1.873799
v -0.232660 1.633174 -1.873796
v 0.002868 1.635227 -1.849907
v 0.002868 1.534372 -1.847071
v -0.357666 1.532320 -1.748715
v -0.351637 1.532319 -1.873799
v 0.002868 1.534372 -1.847071
v 0.002868 1.534372 -1.745956
v -0.232660 1.634211 -1.748711
v -0.357666 1.532320 -1.748715
v 0.002868 1.534372 -1.745956
v 0.002868 1.636263 -1.748792
v -0.338372 2.447703 -1.882303
v -0.661999 2.363938 -1.902006
v 0.002868 3.057665 -1.839280
v 0.002868 2.447703 -1.828377
v -0.325092 1.587466 -1.811498
v -0.636172 1.020869 -1.786446
v -0.661999 2.363938 -1.902006
v -0.338372 2.447703 -1.882303
v 0.002868 1.586236 -1.816651
v 0.002868 1.020869 -1.786446
v -0.636172 1.020869 -1.786446
v -0.325092 1.587466 -1.811498
v 0.002868 1.588423 -1.770499
v -0.328452 1.589653 -1.765346
v -0.341732 2.449890 -1.836152
v 0.002868 2.449890 -1.782225
v 0.002868 2.447703 -1.828377
v 0.002868 2.449890 -1.782225
v -0.341732 2.449890 -1.836152
v -0.338372 2.447703 -1.882303
v -0.338372 2.447703 -1.882303
v -0.341732 2.449890 -1.836152
v -0.328452 1.589653 -1.765346
v -0.325092 1.587466 -1.811498
v -1.959174 1.509921 -0.099946
v -2.046801 1.503604 -0.102183
v -2.111910 3.137740 -0.075412
v -1.940396 3.137740 -0.082660
v -2.111910 3.137740 0.079773
v -2.111910 3.137740 -0.075412
v -2.046801 1.503604 -0.102183
v -2.046802 1.503604 0.106546
v 0.330828 1.587467 1.815861
v 0.334187 1.589654 1.769709
v 0.002868 1.588424 1.774862
v 0.002868 1.586237 1.821013
v 0.641908 1.020870 1.790809
v 0.002868 1.020870 1.790809
v 0.002868 1.020870 1.080616
v 0.641908 1.020870 1.080616
v 0.641908 1.020870 1.790809
v 0.641908 1.020870 1.080616
v 0.654456 2.294495 1.126789
v 0.667734 2.363939 1.906368
v 0.501309 1.009174 1.821758
v 0.660170 1.002857 1.823693
v 0.695008 2.460801 1.942449
v 0.533797 2.580829 1.949697
v 0.662121 1.013576 1.698553
v 0.503260 1.019893 1.696617
v 0.535748 2.591548 1.824556
v 0.696959 2.471520 1.817308
v 0.660170 1.002857 1.823693
v 0.501309 1.009174 1.821758
v 0.503260 1.019893 1.696617
v 0.662121 1.013576 1.698553
v 0.695008 2.460801 1.942449
v 0.660170 1.002857 1.823693
v 0.662121 1.013576 1.698553
v 0.696959 2.471520 1.817308
v 0.501309 1.009174 1.821758
v 0.533797 2.580829 1.949697
v 0.535748 2.591548 1.824556
v 0.503260 1.019893 1.696617
v 0.472204 1.039539 1.884889
v 0.694233 1.053168 1.894969
v 0.704387 1.087783 1.470008
v 0.481673 1.076831 1.426783
v 0.715595 0.907239 1.899093
v 0.474155 0.914398 1.874170
v 0.483624 0.951690 1.416064
v 0.706338 0.962642 1.459289
v 0.694233 1.053168 1.894969
v 0.472204 1.039539 1.884889
v 0.474155 0.914398 1.874170
v 0.715595 0.907239 1.899093
v 0.704387 1.087783 1.470008
v 0.694233 1.053168 1.894969
v 0.715595 0.907239 1.899093
v 0.706338 0.962642 1.459289
v 0.472204 1.039539 1.884889
v 0.481673 1.076831 1.426783
v 0.483624 0.951690 1.416064
v 0.474155 0.914398 1.874170
v 0.078222 1.041470 1.885513
v 0.300736 1.041117 1.893960
v 0.309931 1.072106 1.468698
v 0.086658 1.074947 1.427093
v 0.308147 0.904946 1.910749
v 0.072192 0.916385 1.875695
v 0.080629 0.949862 1.417275
v 0.303902 0.947022 1.458880
v 0.300736 1.041117 1.893960
v 0.078222 1.041470 1.885513
v 0.072192 0.916385 1.875695
v 0.308147 0.904946 1.910749
v 0.309931 1.072106 1.468698
v 0.300736 1.041117 1.893960
v 0.308147 0.904946 1.910749
v 0.303902 0.947022 1.458880
v 0.078222 1.041470 1.885513
v 0.086658 1.074947 1.427093
v 0.080629 0.949862 1.417275
v 0.072192 0.916385 1.875695
v 0.238396 1.633175 1.878158
v 0.238396 1.634212 1.753073
v 0.002868 1.636264 1.753155
v 0.002868 1.635228 1.854270
v 0.242093 2.411895 1.774722
v 0.242093 2.402949 1.899806
v 0.002868 2.405001 1.867588
v 0.002868 2.413948 1.774803
v 0.363402 1.532320 1.753078
v 0.358797 2.506028 1.777460
v 0.352767 2.496210 1.902545
v 0.357372 1.532321 1.878162
v 0.242093 2.411895 1.774722
v 0.238396 1.634212 1.753073
v 0.238396 1.633175 1.878158
v 0.242093 2.402949 1.899806
v 0.352767 2.496210 1.902545
v 0.242093 2.402949 1.899806
v 0.238396 1.633175 1.878158
v 0.357372 1.532321 1.878162
v 0.242093 2.411895 1.774722
v 0.358797 2.506028 1.777460
v 0.363402 1.532320 1.753078
v 0.238396 1.634212 1.753073
v 0.352767 2.496210 1.902545
v 0.358797 2.506028 1.777460
v 0.002868 2.499633 1.777189
v 0.002868 2.489815 1.869973
v 0.242093 2.402949 1.899806
v 0.352767 2.496210 1.902545
v 0.002868 2.489815 1.869973
v 0.002868 2.405001 1.867588
v 0.358797 2.506028 1.777460
v 0.242093 2.411895 1.774722
v 0.002868 2.413948 1.774803
v 0.002868 2.499633 1.777189
v 0.357372 1.532321 1.878162
v 0.238396 1.633175 1.878158
v 0.002868 1.635228 1.854270
v 0.002868 1.534373 1.851434
v 0.363402 1.532320 1.753078
v 0.357372 1.532321 1.878162
v 0.002868 1.534373 1.851434
v 0.002868 1.534373 1.750318
v 0.238396 1.634212 1.753073
v 0.363402 1.532320 1.753078
v 0.002868 1.534373 1.750318
v 0.002868 1.636264 1.753155
v 0.344108 2.447704 1.886666
v 0.667734 2.363939 1.906368
v 0.002868 3.057666 1.843642
v 0.002868 2.447704 1.832739
v 0.330828 1.587467 1.815861
v 0.641908 1.020870 1.790809
v 0.667734 2.363939 1.906368
v 0.344108 2.447704 1.886666
v 0.002868 1.586237 1.821013
v 0.002868 1.020870 1.790809
v 0.641908 1.020870 1.790809
v 0.330828 1.587467 1.815861
v 0.002868 1.588424 1.774862
v 0.334187 1.589654 1.769709
v 0.347467 2.449891 1.840514
v 0.002868 2.449891 1.786588
v 0.002868 2.447704 1.832739
v 0.002868 2.449891 1.786588
v 0.347467 2.449891 1.840514
v 0.344108 2.447704 1.886666
v 0.344108 2.447704 1.886666
v 0.347467 2.449891 1.840514
v 0.334187 1.589654 1.769709
v 0.330828 1.587467 1.815861
v 2.101573 1.509921 0.090581
v 2.260434 1.503604 0.092517
v 2.304069 3.137740 0.079773
v 2.142858 3.137740 0.087022
v -0.325092 1.587467 1.815861
v 0.002868 1.586237 1.821013
v 0.002868 1.588424 1.774862
v -0.328452 1.589654 1.769709
v -0.636172 1.020870 1.790809
v -0.636172 1.020870 1.080616
v -0.636172 1.020870 1.790809
v -0.661999 2.363939 1.906368
v -0.648721 2.294495 1.126789
v -0.636172 1.020870 1.080616
v -0.495574 1.009174 1.821758
v -0.528062 2.580829 1.949697
v -0.689273 2.460801 1.942449
v -0.654435 1.002857 1.823693
v -0.656386 1.013576 1.698553
v -0.691224 2.471520 1.817308
v -0.530013 2.591548 1.824556
v -0.497525 1.019893 1.696617
v -0.654435 1.002857 1.823693
v -0.656386 1.013576 1.698553
v -0.497525 1.019893 1.696617
v -0.495574 1.009174 1.821758
v -0.689273 2.460801 1.942449
v -0.691224 2.471520 1.817308
v -0.656386 1.013576 1.698553
v -0.654435 1.002857 1.823693
v -0.495574 1.009174 1.821758
v -0.497525 1.019893 1.696617
v -0.530013 2.591548 1.824556
v -0.528062 2.580829 1.949697
v -0.466468 1.039539 1.884889
v -0.475938 1.076831 1.426783
v -0.698652 1.087783 1.470008
v -0.688497 1.053168 1.894969
v -0.709860 0.907239 1.899093
v -0.700603 0.962642 1.459289
v -0.477889 0.951690 1.416064
v -0.468420 0.914398 1.874170
v -0.688497 1.053168 1.894969
v -0.709860 0.907239 1.899093
v -0.468420 0.914398 1.874170
v -0.466468 1.039539 1.884889
v -0.698652 1.087783 1.470008
v -0.700603 0.962642 1.459289
v -0.709860 0.907239 1.899093
v -0.688497 1.053168 1.894969
v -0.466468 1.039539 1.884889
v -0.468420 0.914398 1.874170
v -0.477889 0.951690 1.416064
v -0.475938 1.076831 1.426783
v -0.072486 1.041470 1.885513
v -0.080923 1.074947 1.427093
v -0.304196 1.072106 1.468698
v -0.295001 1.041117 1.893960
v -0.302411 0.904946 1.910749
v -0.298166 0.947022 1.458880
v -0.074894 0.949862 1.417275
v -0.066457 0.916385 1.875695
v -0.295001 1.041117 1.893960
v -0.302411 0.904946 1.910749
v -0.066457 0.916385 1.875695
v -0.072486 1.041470 1.885513
v -0.304196 1.072106 1.468698
v -0.298166 0.947022 1.458880
v -0.302411 0.904946 1.910749
v -0.295001 1.041117 1.893960
v -0.072486 1.041470 1.885513
v -0.066457 0.916385 1.875695
v -0.074894 0.949862 1.417275
v -0.080923 1.074947 1.427093
v -0.232660 1.633175 1.878158
v 0.002868 1.635228 1.854270
v 0.002868 1.636264 1.753155
v -0.232660 1.634212 1.753073
v -0.236358 2.411895 1.774722
v 0.002868 2.413948 1.774803
v 0.002868 2.405001 1.867588
v -0.236358 2.402949 1.899806
v -0.357666 1.532320 1.753078
v -0.351637 1.532321 1.878162
v -0.347032 2.496210 1.902545
v -0.353061 2.506028 1.777460
v -0.236358 2.411895 1.774722
v -0.236358 2.402949 1.899806
v -0.232660 1.633175 1.878158
v -0.232660 1.634212 1.753073
v -0.347032 2.496210 1.902545
v -0.351637 1.532321 1.878162
v -0.232660 1.633175 1.878158
v -0.236358 2.402949 1.899806
v -0.236358 2.411895 1.774722
v -0.232660 1.634212 1.753073
v -0.357666 1.532320 1.753078
v -0.353061 2.506028 1.777460
v -0.347032 2.496210 1.902545
v 0.002868 2.489815 1.869973
v 0.002868 2.499633 1.777189
v -0.353061 2.506028 1.777460
v -0.236358 2.402949 1.899806
v 0.002868 2.405001 1.867588
v 0.002868 2.489815 1.869973
v -0.347032 2.496210 1.902545
v -0.353061 2.506028 1.777460
v 0.002868 2.499633 1.777189
v 0.002868 2.413948 1.774803
v -0.236358 2.411895 1.774722
v -0.351637 1.532321 1.878162
v 0.002868 1.534373 1.851434
v 0.002868 1.635228 1.854270
v -0.232660 1.633175 1.878158
v -0.357666 1.532320 1.753078
v 0.002868 1.534373 1.750318
v 0.002868 1.534373 1.851434
v -0.351637 1.532321 1.878162
v -0.232660 1.634212 1.753073
v 0.002868 1.636264 1.753155
v 0.002868 1.534373 1.750318
v -0.357666 1.532320 1.753078
v -0.338372 2.447704 1.886666
v 0.002868 2.447704 1.832739
v 0.002868 3.057666 1.843642
v -0.661999 2.363939 1.906368
v -0.325092 1.587467 1.815861
v -0.338372 2.447704 1.886666
v -0.661999 2.363939 1.906368
v -0.636172 1.020870 1.790809
v 0.002868 1.586237 1.821013
v -0.325092 1.587467 1.815861
v -0.636172 1.020870 1.790809
v 0.002868 1.020870 1.790809
v 0.002868 1.588424 1.774862
v 0.002868 2.449891 1.786588
v -0.341732 2.449891 1.840514
v -0.328452 1.589654 1.769709
v 0.002868 2.447704 1.832739
v -0.338372 2.447704 1.886666
v -0.341732 2.449891 1.840514
v 0.002868 2.449891 1.786588
v -0.338372 2.447704 1.886666
v -0.325092 1.587467 1.815861
v -0.328452 1.589654 1.769709
v -0.341732 2.449891 1.840514
v -1.959175 1.509921 0.104310
v -1.940397 3.137740 0.087021
v -2.111910 3.137740 0.079773
v -2.046802 1.503604 0.106546
v -2.046802 1.503604 0.106546
v -2.046801 1.503604 -0.102183
v -1.959174 1.509921 -0.099946
v -1.959175 1.509921 0.104310
v 2.260434 1.503604 0.092517
v 2.101573 1.509921 0.090581
v 2.101573 1.509921 -0.086219
v 2.260434 1.503604 -0.088155
v -1.969477 -0.000000 -0.617603
v -2.046801 -0.000000 -0.619839
v -2.050568 1.392877 -0.593068
v -1.950699 1.392877 -0.600317
v -2.050568 1.392877 -0.437883
v -2.050568 1.392877 -0.593068
v -2.046801 -0.000000 -0.619839
v -2.046802 -0.000000 -0.411110
v -1.969477 -0.000000 -0.413347
v -1.950699 1.392877 -0.430635
v -2.050568 1.392877 -0.437883
v -2.046802 -0.000000 -0.411110
v -1.969477 0.000000 0.408763
v -2.046801 0.000000 0.406527
v -2.050568 1.392878 0.433298
v -1.950699 1.392878 0.426049
v -2.050568 1.392878 0.588483
v -2.050568 1.392878 0.433298
v -2.046801 0.000000 0.406527
v -2.046802 0.000000 0.615256
v -1.969477 0.000000 0.613019
v -1.950699 1.392878 0.595731
v -2.050568 1.392878 0.588483
v -2.046802 0.000000 0.615256
v 2.192650 2.523579 -1.119306
v 2.227054 2.520613 1.134947
v 2.388072 2.514120 1.134084
v 2.351710 2.524739 -1.128918
v 2.190657 2.347207 -1.249912
v 2.230448 2.350639 1.357366
v 2.227054 2.520613 1.134947
v 2.192650 2.523579 -1.119306
v 2.391659 2.357887 1.357366
v 2.349603 2.345603 -1.260030
v 2.351710 2.524739 -1.128918
v 2.388072 2.514120 1.134084
v 2.190657 2.347207 -1.249912
v 2.349603 2.345603 -1.260030
v 2.391659 2.357887 1.357366
v 2.230448 2.350639 1.357366
v 2.349603 2.345603 -1.260030
v 2.190657 2.347207 -1.249912
v 2.192650 2.523579 -1.119306
v 2.351710 2.524739 -1.128918
v 1.986831 -0.000000 -0.081428
v 1.954526 1.450376 -0.082660
v 2.020173 1.450376 -0.044496
v 2.041224 -0.000000 -0.052162
v 1.986831 0.000000 0.085791
v 1.954526 1.450376 0.087022
v 1.954526 1.450376 -0.082660
v 1.986831 -0.000000 -0.081428
v 2.020173 1.450376 0.048858
v 2.041225 0.000000 0.056524
v 2.041224 -0.000000 -0.052162
v 2.020173 1.450376 -0.044496
v 1.986831 0.000000 0.085791
v 2.041225 0.000000 0.056524
v 2.020173 1.450376 0.048858
v 1.954526 1.450376 0.087022
v 2.041225 0.000000 0.056524
v 1.986831 0.000000 0.085791
v 1.986831 -0.000000 -0.081428
v 2.041224 -0.000000 -0.052162
v 2.291153 1.489209 -0.365931
v 2.102843 1.487303 -0.365931
v 2.101505 1.580302 0.002180
v 2.289815 1.582209 0.002180
v 2.298456 0.997853 -0.640459
v 2.110146 0.995946 -0.640459
v 2.105473 1.259464 -0.565571
v 2.293783 1.261371 -0.565571
v 2.293783 1.261371 -0.565571
v 2.105473 1.259464 -0.565571
v 2.102843 1.487303 -0.365931
v 2.291153 1.489209 -0.365931
v 2.314530 -0.000000 -0.648776
v 1.986958 -0.000000 -0.645887
v 2.110146 0.995946 -0.640459
v 2.298456 0.997853 -0.640459
v 2.292648 1.345389 -0.275691
v 2.290706 1.426596 0.002180
v 1.919256 1.424689 0.002180
v 1.921197 1.343483 -0.275691
v 2.298655 0.944159 -0.484371
v 2.294888 1.144660 -0.419250
v 1.923437 1.142753 -0.419250
v 1.927204 0.942253 -0.484371
v 2.294888 1.144660 -0.419250
v 2.292648 1.345389 -0.275691
v 1.921197 1.343483 -0.275691
v 1.923437 1.142753 -0.419250
v 2.315422 -0.000000 -0.500155
v 2.298655 0.944159 -0.484371
v 1.927204 0.942253 -0.484371
v 1.983833 -0.000000 -0.500155
v 2.293783 1.261371 -0.565571
v 2.291153 1.489209 -0.365931
v 2.292648 1.345389 -0.275691
v 2.294888 1.144660 -0.419250
v 2.102843 1.487303 -0.365931
v 2.105473 1.259464 -0.565571
v 1.923437 1.142753 -0.419250
v 1.921197 1.343483 -0.275691
v 2.291153 1.489209 -0.365931
v 2.289815 1.582209 0.002180
v 2.290706 1.426596 0.002180
v 2.292648 1.345389 -0.275691
v 2.314530 -0.000000 -0.648776
v 2.298456 0.997853 -0.640459
v 2.298655 0.944159 -0.484371
v 2.315422 -0.000000 -0.500155
v 2.101505 1.580302 0.002180
v 2.102843 1.487303 -0.365931
v 1.921197 1.343483 -0.275691
v 1.919256 1.424689 0.002180
v 2.110146 0.995946 -0.640459
v 1.986958 -0.000000 -0.645887
v 1.983833 -0.000000 -0.500155
v 1.927204 0.942253 -0.484371
v 2.298456 0.997853 -0.640459
v 2.293783 1.261371 -0.565571
v 2.294888 1.144660 -0.419250
v 2.298655 0.944159 -0.484371
v 2.105473 1.259464 -0.565571
v 2.110146 0.995946 -0.640459
v 1.927204 0.942253 -0.484371
v 1.923437 1.142753 -0.419250
v 1.986958 -0.000000 -0.645887
v 2.314530 -0.000000 -0.648776
v 2.315422 -0.000000 -0.500155
v 1.983833 -0.000000 -0.500155
v 2.291153 1.489210 0.370291
v 2.289815 1.582209 0.002180
v 2.101505 1.580302 0.002180
v 2.102843 1.487303 0.370291
v 2.298456 0.997854 0.644819
v 2.293783 1.261371 0.569931
v 2.105473 1.259464 0.569931
v 2.110146 0.995947 0.644819
v 2.293783 1.261371 0.569931
v 2.291153 1.489210 0.370291
v 2.102843 1.487303 0.370291
v 2.105473 1.259464 0.569931
v 2.314530 0.000000 0.653138
v 2.298456 0.997854 0.644819
v 2.110146 0.995947 0.644819
v 1.986958 0.000000 0.650248
v 2.292648 1.345390 0.280051
v 1.921197 1.343483 0.280051
v 1.919256 1.424689 0.002180
v 2.290706 1.426596 0.002180
v 2.298655 0.944159 0.488731
v 1.927204 0.942253 0.488731
v 1.923437 1.142753 0.423611
v 2.294888 1.144660 0.423611
v 2.294888 1.144660 0.423611
v 1.923437 1.142753 0.423611
v 1.921197 1.343483 0.280051
v 2.292648 1.345390 0.280051
v 2.315422 0.000000 0.504516
v 1.983833 0.000000 0.504516
v 1.927204 0.942253 0.488731
v 2.298655 0.944159 0.488731
v 2.293783 1.261371 0.569931
v 2.294888 1.144660 0.423611
v 2.292648 1.345390 0.280051
v 2.291153 1.489210 0.370291
v 2.102843 1.487303 0.370291
v 1.921197 1.343483 0.280051
v 1.923437 1.142753 0.423611
v 2.105473 1.259464 0.569931
v 2.291153 1.489210 0.370291
v 2.292648 1.345390 0.280051
v 2.290706 1.426596 0.002180
v 2.289815 1.582209 0.002180
v 2.314530 0.000000 0.653138
v 2.315422 0.000000 0.504516
v 2.298655 0.944159 0.488731
v 2.298456 0.997854 0.644819
v 2.101505 1.580302 0.002180
v 1.919256 1.424689 0.002180
v 1.921197 1.343483 0.280051
v 2.102843 1.487303 0.370291
v 2.110146 0.995947 0.644819
v 1.927204 0.942253 0.488731
v 1.983833 0.000000 0.504516
v 1.986958 0.000000 0.650248
v 2.298456 0.997854 0.644819
v 2.298655 0.944159 0.488731
v 2.294888 1.144660 0.423611
v 2.293783 1.261371 0.569931
v 2.105473 1.259464 0.569931
v 1.923437 1.142753 0.423611
v 1.927204 0.942253 0.488731
v 2.110146 0.995947 0.644819
v 1.986958 0.000000 0.650248
v 1.983833 0.000000 0.504516
v 2.315422 0.000000 0.504516
v 2.314530 0.000000 0.653138
v -0.839755 2.840733 -0.735086
v -2.457815 2.941005 -0.768099
v -2.514373 3.176759 -0.376048
v -0.839755 3.063030 -0.363675
v -0.577345 1.933336 -1.525066
v -2.122039 2.047507 -1.565182
v -2.507375 1.915279 -1.783167
v -0.608349 1.825080 -1.699716
v -2.587837 2.506437 -1.050725
v -2.626511 2.782395 -0.712226
v -2.626981 2.900855 -0.740264
v -2.593189 2.677931 -1.123867
v 2.556564 2.518473 -1.077179
v 2.541294 2.254691 -1.389150
v 2.536379 2.398528 -1.498097
v 2.547211 2.630656 -1.126270
v -2.627228 2.796121 -0.691691
v -2.663297 3.061669 -0.362449
v -2.663357 3.186877 -0.377148
v -2.626329 2.951448 -0.771537
v 2.237792 2.568795 -0.964618
v 2.253314 2.345692 -1.247420
v 2.541294 2.254691 -1.389150
v 2.556564 2.518473 -1.077179
v 2.292992 2.078102 -1.564554
v 0.618016 1.942249 -1.518710
v 0.648524 1.835379 -1.692817
v 2.514405 1.960400 -1.746695
v -2.014241 3.311262 0.002180
v -2.095715 2.353126 -1.185866
v -2.029097 2.350849 -1.190223
v -1.948195 3.311228 0.002180
v 0.833575 2.268568 -1.441641
v -0.839122 2.263921 -1.440992
v -0.838890 2.485756 -1.069828
v 0.836928 2.489971 -1.067966
v 0.837456 2.554134 -1.087844
v -0.839256 2.551557 -1.088731
v -0.839755 2.776120 -0.715231
v 0.837982 2.776545 -0.715767
v 0.838505 2.840931 -0.735376
v -0.839755 2.840733 -0.735086
v -0.839755 3.063030 -0.363675
v 0.839036 3.063048 -0.363653
v 0.839036 3.128002 -0.383091
v -0.839755 3.128020 -0.383069
v -0.839755 3.361610 0.002180
v 0.839036 3.361610 0.002180
v 2.536379 2.398528 -1.498097
v 2.291515 2.379840 -1.489978
v 2.362488 2.615461 -1.119973
v 2.547211 2.630656 -1.126270
v 2.576025 2.684414 -1.132413
v 2.378017 2.669576 -1.127337
v 2.445955 2.892470 -0.742386
v 2.616583 2.904772 -0.745211
v 2.605518 2.974429 -0.771854
v 2.466345 2.963914 -0.768981
v 2.365609 3.172731 -0.380159
v 2.649500 3.193128 -0.383228
v 2.650367 3.258493 -0.403205
v 2.370772 3.238351 -0.400100
v 2.594369 3.479477 0.002180
v 2.700096 3.486576 0.002180
v 2.203573 3.314036 0.002180
v 2.227844 3.075424 -0.295925
v 2.664741 3.085890 -0.333528
v 2.695317 3.355049 0.002180
v 2.217119 3.057470 -0.331224
v 2.222935 2.837221 -0.620366
v 2.597862 2.818814 -0.698934
v 2.646378 3.069159 -0.370074
v 2.254165 2.802726 -0.633895
v 2.266136 2.580291 -0.919522
v 2.542978 2.547124 -1.057983
v 2.613518 2.789132 -0.717299
v -0.839755 3.128020 -0.383069
v -2.534290 3.242287 -0.395322
v -2.623025 3.480978 0.002180
v -0.839755 3.361610 0.002180
v 2.695317 3.355049 0.002180
v 2.664741 3.085890 -0.333528
v 2.650367 3.258493 -0.403205
v 2.700096 3.486576 0.002180
v 2.646378 3.069159 -0.370074
v 2.597862 2.818814 -0.698934
v 2.605518 2.974429 -0.771854
v 2.649500 3.193128 -0.383228
v 2.613518 2.789132 -0.717299
v 2.542978 2.547124 -1.057983
v 2.576025 2.684414 -1.132413
v 2.616583 2.904772 -0.745211
v 2.487763 2.252308 -1.443411
v 2.514405 1.960400 -1.746695
v 2.515886 2.093539 -1.867059
v 2.494832 2.349723 -1.498641
v -2.507375 1.915279 -1.783167
v -2.553210 2.224788 -1.411057
v -2.545179 2.293229 -1.497682
v -2.509948 2.059085 -1.895489
v -2.552185 2.231458 -1.396865
v -2.587005 2.492432 -1.071371
v -2.586827 2.599998 -1.116369
v -2.552470 2.374764 -1.502062
v -2.666311 3.084634 -0.333653
v -2.701665 3.352837 0.002180
v -2.701665 3.486242 0.002180
v -2.666150 3.251179 -0.396275
v 2.515886 2.093539 -1.867059
v 2.226197 2.226690 -1.632387
v 2.275044 2.332337 -1.489369
v 2.494832 2.349723 -1.498641
v -0.839122 2.263921 -1.440992
v -2.404987 2.365223 -1.496805
v -2.361182 2.585250 -1.110361
v -0.838890 2.485756 -1.069828
v -0.839256 2.551557 -1.088731
v -2.376140 2.662292 -1.119519
v -2.441004 2.887875 -0.737659
v -0.839755 2.776120 -0.715231
v -0.839122 2.263921 -1.440992
v 0.833575 2.268568 -1.441641
v 0.647076 2.203561 -1.420685
v -0.610403 2.200763 -1.419770
v -0.839256 2.551557 -1.088731
v 0.837456 2.554134 -1.087844
v 0.836928 2.489971 -1.067966
v -0.838890 2.485756 -1.069828
v -0.839755 2.840733 -0.735086
v 0.838505 2.840931 -0.735376
v 0.837982 2.776545 -0.715767
v -0.839755 2.776120 -0.715231
v -0.839755 3.128020 -0.383069
v 0.839036 3.128002 -0.383091
v 0.839036 3.063048 -0.363653
v -0.839755 3.063030 -0.363675
v 0.833575 2.268568 -1.441641
v 2.291515 2.379840 -1.489978
v 2.275044 2.332337 -1.489369
v 0.647076 2.203561 -1.420685
v 0.837456 2.554134 -1.087844
v 2.378017 2.669576 -1.127337
v 2.362488 2.615461 -1.119973
v 0.836928 2.489971 -1.067966
v 0.838505 2.840931 -0.735376
v 2.466345 2.963914 -0.768981
v 2.445955 2.892470 -0.742386
v 0.837982 2.776545 -0.715767
v 0.839036 3.128002 -0.383091
v 2.370772 3.238351 -0.400100
v 2.365609 3.172731 -0.380159
v 0.839036 3.063048 -0.363653
v 2.217119 3.057470 -0.331224
v 2.646378 3.069159 -0.370074
v 2.664741 3.085890 -0.333528
v 2.227844 3.075424 -0.295925
v 2.254165 2.802726 -0.633895
v 2.613518 2.789132 -0.717299
v 2.597862 2.818814 -0.698934
v 2.222935 2.837221 -0.620366
v 2.237792 2.568795 -0.964618
v 2.556564 2.518473 -1.077179
v 2.542978 2.547124 -1.057983
v 2.266136 2.580291 -0.919522
v 2.269126 2.315801 -1.270926
v 2.487763 2.252308 -1.443411
v 2.541294 2.254691 -1.389150
v 2.253314 2.345692 -1.247420
v 2.646378 3.069159 -0.370074
v 2.649500 3.193128 -0.383228
v 2.650367 3.258493 -0.403205
v 2.664741 3.085890 -0.333528
v 2.613518 2.789132 -0.717299
v 2.616583 2.904772 -0.745211
v 2.605518 2.974429 -0.771854
v 2.597862 2.818814 -0.698934
v 2.556564 2.518473 -1.077179
v 2.547211 2.630656 -1.126270
v 2.576025 2.684414 -1.132413
v 2.542978 2.547124 -1.057983
v 2.487763 2.252308 -1.443411
v 2.494832 2.349723 -1.498641
v 2.536379 2.398528 -1.498097
v 2.541294 2.254691 -1.389150
v -2.552185 2.231458 -1.396865
v -2.552470 2.374764 -1.502062
v -2.545179 2.293229 -1.497682
v -2.553210 2.224788 -1.411057
v -2.587837 2.506437 -1.050725
v -2.593189 2.677931 -1.123867
v -2.586827 2.599998 -1.116369
v -2.587005 2.492432 -1.071371
v -2.627228 2.796121 -0.691691
v -2.626329 2.951448 -0.771537
v -2.626981 2.900855 -0.740264
v -2.626511 2.782395 -0.712226
v -2.666311 3.084634 -0.333653
v -2.666150 3.251179 -0.396275
v -2.663357 3.186877 -0.377148
v -2.663297 3.061669 -0.362449
v -2.552470 2.374764 -1.502062
v -2.404987 2.365223 -1.496805
v -2.376551 2.285170 -1.490891
v -2.545179 2.293229 -1.497682
v -2.593189 2.677931 -1.123867
v -2.376140 2.662292 -1.119519
v -2.361182 2.585250 -1.110361
v -2.586827 2.599998 -1.116369
v -2.626329 2.951448 -0.771537
v -2.457815 2.941005 -0.768099
v -2.441004 2.887875 -0.737659
v -2.626981 2.900855 -0.740264
v -2.666150 3.251179 -0.396275
v -2.534290 3.242287 -0.395322
v -2.514373 3.176759 -0.376048
v -2.663357 3.186877 -0.377148
v 2.269126 2.315801 -1.270926
v 2.292992 2.078102 -1.564554
v 2.514405 1.960400 -1.746695
v 2.487763 2.252308 -1.443411
v -0.839755 2.840733 0.739446
v -0.839755 3.063030 0.368035
v -2.454108 3.172667 0.379961
v -2.307567 2.931695 0.769393
v -0.577345 1.933337 1.529426
v -0.608349 1.825081 1.704076
v -2.507375 1.915280 1.787527
v -2.122039 2.047508 1.569541
v -2.587837 2.506438 1.055085
v -2.593189 2.677931 1.128226
v -2.626981 2.900856 0.744623
v -2.626511 2.782396 0.716585
v 2.556564 2.518473 1.081539
v 2.547211 2.630656 1.130630
v 2.536379 2.398529 1.502456
v 2.541294 2.254692 1.393510
v -2.627228 2.796121 0.696051
v -2.626329 2.951448 0.775896
v -2.663357 3.186877 0.381507
v -2.663297 3.061669 0.366808
v 2.237792 2.568796 0.968977
v 2.556564 2.518473 1.081539
v 2.541294 2.254692 1.393510
v 2.253314 2.345693 1.251780
v 2.292992 2.078103 1.568914
v 2.514405 1.960401 1.751055
v 0.648524 1.835380 1.697177
v 0.618016 1.942250 1.523070
v -2.014241 3.311262 0.002180
v -1.948195 3.311228 0.002180
v -2.029097 2.350850 1.194582
v -2.095715 2.353127 1.190226
v 0.833575 2.268569 1.446001
v 0.836928 2.489972 1.072326
v -0.838890 2.485756 1.074187
v -0.839122 2.263922 1.445352
v 0.837456 2.554134 1.092203
v 0.837982 2.776546 0.720126
v -0.839755 2.776121 0.719590
v -0.839256 2.551558 1.093091
v 0.838505 2.840931 0.739735
v 0.839036 3.063048 0.368013
v -0.839755 3.063030 0.368035
v -0.839755 2.840733 0.739446
v 0.839036 3.128002 0.387450
v 0.839036 3.361610 0.002180
v -0.839755 3.361610 0.002180
v -0.839755 3.128020 0.387428
v 2.536379 2.398529 1.502456
v 2.547211 2.630656 1.130630
v 2.255507 2.606661 1.120685
v 2.328905 2.382694 1.495578
v 2.576025 2.684414 1.136772
v 2.616583 2.904772 0.749571
v 2.453630 2.893024 0.746873
v 2.288048 2.662835 1.129390
v 2.605518 2.974429 0.776213
v 2.649500 3.193128 0.387587
v 2.484002 3.181237 0.385798
v 2.478546 2.964837 0.773592
v 2.650367 3.258494 0.407564
v 2.700096 3.486576 0.002180
v 2.594369 3.479477 0.002180
v 2.514586 3.248712 0.406056
v 2.203573 3.314036 0.002180
v 2.695317 3.355049 0.002180
v 2.664741 3.085890 0.337887
v 2.227844 3.075424 0.300284
v 2.217119 3.057470 0.335583
v 2.646378 3.069159 0.374434
v 2.597862 2.818814 0.703293
v 2.222935 2.837221 0.624726
v 2.254165 2.802726 0.638254
v 2.613518 2.789132 0.721658
v 2.542978 2.547124 1.062343
v 2.266136 2.580291 0.923881
v -0.839755 3.128020 0.387428
v -0.839755 3.361610 0.002180
v -2.623025 3.480978 0.002180
v -2.474660 3.238266 0.399250
v 2.695317 3.355049 0.002180
v 2.700096 3.486576 0.002180
v 2.650367 3.258494 0.407564
v 2.664741 3.085890 0.337887
v 2.646378 3.069159 0.374434
v 2.649500 3.193128 0.387587
v 2.605518 2.974429 0.776213
v 2.597862 2.818814 0.703293
v 2.613518 2.789132 0.721658
v 2.616583 2.904772 0.749571
v 2.576025 2.684414 1.136772
v 2.542978 2.547124 1.062343
v 2.487763 2.252309 1.447771
v 2.494832 2.349724 1.503001
v 2.515886 2.093540 1.871419
v 2.514405 1.960401 1.751055
v -2.507375 1.915280 1.787527
v -2.509948 2.059086 1.899849
v -2.545179 2.293230 1.502041
v -2.553210 2.224789 1.415417
v -2.552185 2.231459 1.401225
v -2.552470 2.374765 1.506422
v -2.586827 2.599998 1.120728
v -2.587005 2.492433 1.075731
v -2.666311 3.084634 0.338013
v -2.666150 3.251179 0.400635
v -2.701665 3.486242 0.002180
v -2.701665 3.352837 0.002180
v -0.839256 2.551558 1.093091
v -0.839755 2.776121 0.719590
v -2.374861 2.883260 0.741092
v -2.251239 2.653293 1.121376
v -0.839122 2.263922 1.445352
v -0.610403 2.200764 1.424129
v 0.647076 2.203562 1.425044
v 0.833575 2.268569 1.446001
v -0.839256 2.551558 1.093091
v -0.838890 2.485756 1.074187
v 0.836928 2.489972 1.072326
v 0.837456 2.554134 1.092203
v -0.839755 2.840733 0.739446
v -0.839755 2.776121 0.719590
v 0.837982 2.776546 0.720126
v 0.838505 2.840931 0.739735
v -0.839755 3.128020 0.387428
v -0.839755 3.063030 0.368035
v 0.839036 3.063048 0.368013
v 0.839036 3.128002 0.387450
v 0.833575 2.268569 1.446001
v 0.647076 2.203562 1.425044
v 2.321099 2.335981 1.495671
v 2.328905 2.382694 1.495578
v 0.837456 2.554134 1.092203
v 0.836928 2.489972 1.072326
v 2.255507 2.606661 1.120685
v 2.288048 2.662835 1.129390
v 0.838505 2.840931 0.739735
v 0.837982 2.776546 0.720126
v 2.453630 2.893024 0.746873
v 2.478546 2.964837 0.773592
v 0.839036 3.128002 0.387450
v 0.839036 3.063048 0.368013
v 2.484002 3.181237 0.385798
v 2.514586 3.248712 0.406056
v 2.217119 3.057470 0.335583
v 2.227844 3.075424 0.300284
v 2.664741 3.085890 0.337887
v 2.646378 3.069159 0.374434
v 2.254165 2.802726 0.638254
v 2.222935 2.837221 0.624726
v 2.597862 2.818814 0.703293
v 2.613518 2.789132 0.721658
v 2.237792 2.568796 0.968977
v 2.266136 2.580291 0.923881
v 2.542978 2.547124 1.062343
v 2.556564 2.518473 1.081539
v 2.269126 2.315802 1.275286
v 2.253314 2.345693 1.251780
v 2.541294 2.254692 1.393510
v 2.487763 2.252309 1.447771
v 2.646378 3.069159 0.374434
v 2.664741 3.085890 0.337887
v 2.650367 3.258494 0.407564
v 2.649500 3.193128 0.387587
v 2.613518 2.789132 0.721658
v 2.597862 2.818814 0.703293
v 2.605518 2.974429 0.776213
v 2.616583 2.904772 0.749571
v 2.556564 2.518473 1.081539
v 2.542978 2.547124 1.062343
v 2.576025 2.684414 1.136772
v 2.547211 2.630656 1.130630
v 2.487763 2.252309 1.447771
v 2.541294 2.254692 1.393510
v 2.536379 2.398529 1.502456
v 2.494832 2.349724 1.503001
v -2.552185 2.231459 1.401225
v -2.553210 2.224789 1.415417
v -2.545179 2.293230 1.502041
v -2.552470 2.374765 1.506422
v -2.587837 2.506438 1.055085
v -2.587005 2.492433 1.075731
v -2.586827 2.599998 1.120728
v -2.593189 2.677931 1.128226
v -2.627228 2.796121 0.696051
v -2.626511 2.782396 0.716585
v -2.626981 2.900856 0.744623
v -2.626329 2.951448 0.775896
v -2.666311 3.084634 0.338013
v -2.663297 3.061669 0.366808
v -2.663357 3.186877 0.381507
v -2.666150 3.251179 0.400635
v -2.552470 2.374765 1.506422
v -2.545179 2.293230 1.502041
v -2.145514 2.274129 1.485947
v -2.154166 2.348997 1.492225
v -2.593189 2.677931 1.128226
v -2.586827 2.599998 1.120728
v -2.120067 2.569492 1.108300
v -2.251239 2.653293 1.121376
v -2.626329 2.951448 0.775896
v -2.626981 2.900856 0.744623
v -2.374861 2.883260 0.741092
v -2.307567 2.931695 0.769393
v -2.666150 3.251179 0.400635
v -2.663357 3.186877 0.381507
v -2.454108 3.172667 0.379961
v -2.474660 3.238266 0.399250
v 2.269126 2.315802 1.275286
v 2.487763 2.252309 1.447771
v 2.514405 1.960401 1.751055
v 2.292992 2.078103 1.568914
v 1.973035 0.477086 0.101933
v 1.973035 0.496826 0.094129
v 2.029024 0.502370 0.094379
v 2.037939 0.482208 0.101675
v 1.973035 0.516566 0.101933
v 2.020109 0.522533 0.102554
v 2.054904 0.549164 0.103013
v 2.070407 0.534581 0.094564
v 2.085912 0.519998 0.101485
v 2.085912 0.519998 0.143999
v 2.070407 0.534581 0.150920
v 2.029024 0.502370 0.151105
v 2.037939 0.482208 0.143809
v 2.054904 0.549164 0.142471
v 2.020109 0.522533 0.142930
v 1.973035 0.516566 0.143551
v 1.973035 0.496826 0.151355
v 1.973035 0.477086 0.143551
v 1.973035 0.736495 0.143551
v 2.037939 0.731374 0.143809
v 2.037939 0.731374 0.101675
v 1.973035 0.736495 0.101933
v 2.054904 0.664418 0.142471
v 2.020109 0.691049 0.142930
v 2.020109 0.691049 0.102554
v 2.054904 0.664418 0.103013
v 1.973035 0.697016 0.101933
v 1.973035 0.716756 0.094129
v 2.029024 0.711211 0.094379
v 2.085912 0.693584 0.101485
v 2.070407 0.679001 0.094564
v 2.070407 0.679001 0.150920
v 2.029024 0.711211 0.151105
v 2.085912 0.693584 0.143999
v 1.973035 0.716756 0.151355
v 1.973035 0.697016 0.143551
v 2.067184 0.606791 0.103175
v 2.067184 0.606791 0.142309
v 2.102843 0.606791 0.144067
v 2.102843 0.606791 0.101417
v 2.085013 0.606791 0.094629
v 2.085013 0.606791 0.150855
v 1.973035 0.477086 -0.136347
v 1.973035 0.496826 -0.144150
v 2.029024 0.502370 -0.143900
v 2.037939 0.482208 -0.136604
v 1.973035 0.516566 -0.136347
v 2.020109 0.522533 -0.135726
v 2.054904 0.549164 -0.135267
v 2.070407 0.534581 -0.143716
v 2.085912 0.519998 -0.136795
v 2.085912 0.519998 -0.094280
v 2.070407 0.534581 -0.087359
v 2.029024 0.502370 -0.087174
v 2.037939 0.482208 -0.094470
v 2.054904 0.549164 -0.095808
v 2.020109 0.522533 -0.095349
v 1.973035 0.516566 -0.094728
v 1.973035 0.496826 -0.086924
v 1.973035 0.477086 -0.094728
v 1.973035 0.736495 -0.094728
v 2.037939 0.731374 -0.094470
v 2.037939 0.731374 -0.136605
v 1.973035 0.736495 -0.136347
v 2.054904 0.664418 -0.095808
v 2.020109 0.691049 -0.095349
v 2.020109 0.691049 -0.135726
v 2.054904 0.664418 -0.135267
v 1.973035 0.697016 -0.136347
v 1.973035 0.716756 -0.144150
v 2.029024 0.711211 -0.143901
v 2.085912 0.693584 -0.136795
v 2.070407 0.679001 -0.143716
v 2.070407 0.679001 -0.087359
v 2.029024 0.711211 -0.087174
v 2.085912 0.693584 -0.094280
v 1.973035 0.716756 -0.086925
v 1.973035 0.697016 -0.094728
v 2.067184 0.606791 -0.135105
v 2.067184 0.606791 -0.095970
v 2.102843 0.606791 -0.094213
v 2.102843 0.606791 -0.136862
v 2.085013 0.606791 -0.143651
v 2.085013 0.606791 -0.087424
v 2.199959 1.767155 -1.567634
v 2.203799 2.059087 -1.571660
v 2.359841 2.059087 -1.572651
v 2.353607 1.767155 -1.567634
v 2.353607 1.767155 -1.567634
v 2.359841 2.059087 -1.572651
v 2.355111 2.059087 -1.263389
v 2.353607 1.767156 -1.260695
v 2.203799 2.059087 -1.571660
v 2.135327 2.061778 -1.488417
v 2.248657 2.061778 -1.489407
v 2.359841 2.059087 -1.572651
v 2.353607 1.767155 -1.567634
v 2.242423 1.769846 -1.484391
v 2.131488 1.769846 -1.484391
v 2.199959 1.767155 -1.567634
v 2.359841 2.059087 -1.572651
v 2.248657 2.061778 -1.489407
v 2.243928 2.061778 -1.218692
v 2.355111 2.059087 -1.263389
v 2.199959 1.767155 -1.567634
v 2.131488 1.769846 -1.484391
v 2.135327 2.061778 -1.488417
v 2.203799 2.059087 -1.571660
v 2.355111 2.059087 -1.263389
v 2.243928 2.061778 -1.218692
v 2.242423 1.769846 -1.215998
v 2.353607 1.767156 -1.260695
v 2.353607 1.767156 -1.260695
v 2.242423 1.769846 -1.215998
v 2.242423 1.769846 -1.484391
v 2.353607 1.767155 -1.567634
v 1.952445 0.293621 -1.557535
v 1.952445 0.516412 -1.559972
v 2.319339 0.517363 -1.533129
v 2.352402 0.293621 -1.557535
v 2.352402 0.293621 -1.557535
v 2.319339 0.517363 -1.533129
v 2.310685 0.503561 -0.981842
v 2.352402 0.293621 -0.969596
v 1.952445 0.516412 -1.559972
v 1.952445 0.519103 -1.476729
v 2.247453 0.519103 -1.479308
v 2.319339 0.517363 -1.533129
v 2.352402 0.293621 -1.557535
v 2.241219 0.296312 -1.474291
v 1.952445 0.296312 -1.474291
v 1.952445 0.293621 -1.557535
v 2.319339 0.517363 -1.533129
v 2.247453 0.519103 -1.479308
v 2.238394 0.519103 -0.960755
v 2.310685 0.503561 -0.981842
v 1.952445 0.293621 -1.557535
v 1.952445 0.296312 -1.474291
v 1.952445 0.519103 -1.476729
v 1.952445 0.516412 -1.559972
v 2.310685 0.503561 -0.981842
v 2.238394 0.519103 -0.960755
v 2.241219 0.296312 -0.960188
v 2.352402 0.293621 -0.969596
v 2.352402 0.293621 -0.969596
v 2.241219 0.296312 -0.960188
v 2.241219 0.296312 -1.474291
v 2.352402 0.293621 -1.557535
v 1.952445 0.887504 -1.557535
v 1.952445 1.110295 -1.559973
v 2.358636 1.110295 -1.562552
v 2.352402 0.887504 -1.557535
v 2.352402 0.887504 -1.557535
v 2.358636 1.110295 -1.562552
v 2.352888 1.110295 -1.186627
v 2.352402 0.887504 -1.184434
v 1.952445 1.110295 -1.559973
v 1.952445 1.112985 -1.476729
v 2.247453 1.112985 -1.479308
v 2.358636 1.110295 -1.562552
v 2.352402 0.887504 -1.557535
v 2.241219 0.890194 -1.474292
v 1.952445 0.890194 -1.474292
v 1.952445 0.887504 -1.557535
v 2.358636 1.110295 -1.562552
v 2.247453 1.112985 -1.479308
v 2.241704 1.112985 -1.150239
v 2.352888 1.110295 -1.186627
v 1.952445 0.887504 -1.557535
v 1.952445 0.890194 -1.474292
v 1.952445 1.112985 -1.476729
v 1.952445 1.110295 -1.559973
v 2.352888 1.110295 -1.186627
v 2.241704 1.112985 -1.150239
v 2.241219 0.890194 -1.148046
v 2.352402 0.887504 -1.184434
v 2.352402 0.887504 -1.184434
v 2.241219 0.890194 -1.148046
v 2.241219 0.890194 -1.474292
v 2.352402 0.887504 -1.557535
v 1.952445 0.001393 -1.557535
v 1.952445 0.218449 -1.559972
v 2.358636 0.218449 -1.562551
v 2.352402 0.001393 -1.557535
v 2.352402 0.001393 -1.557535
v 2.358636 0.218449 -1.562551
v 2.352888 0.218449 -1.186627
v 2.352402 0.001393 -1.184434
v 1.952445 0.218449 -1.559972
v 1.952445 0.221139 -1.476729
v 2.247453 0.221139 -1.479308
v 2.358636 0.218449 -1.562551
v 2.352402 0.001393 -1.557535
v 2.241219 0.001393 -1.474291
v 1.952445 0.001393 -1.474291
v 1.952445 0.001393 -1.557535
v 2.358636 0.218449 -1.562551
v 2.247453 0.221139 -1.479308
v 2.241704 0.221139 -1.150239
v 2.352888 0.218449 -1.186627
v 1.952445 0.001393 -1.557535
v 1.952445 0.001393 -1.474291
v 1.952445 0.221139 -1.476729
v 1.952445 0.218449 -1.559972
v 2.352888 0.218449 -1.186627
v 2.241704 0.221139 -1.150239
v 2.241219 0.001393 -1.148046
v 2.352402 0.001393 -1.184434
v 2.352402 0.001393 -1.184434
v 2.241219 0.001393 -1.148046
v 2.241219 0.001393 -1.474291
v 2.352402 0.001393 -1.557535
v 2.198755 0.594748 -1.557535
v 2.202594 0.817539 -1.561561
v 2.358636 0.817539 -1.562552
v 2.352402 0.594748 -1.557535
v 2.352402 0.594748 -1.557535
v 2.358636 0.817539 -1.562552
v 2.353907 0.817540 -1.253290
v 2.352465 0.603976 -1.265914
v 2.202594 0.817539 -1.561561
v 2.134123 0.820230 -1.478317
v 2.247453 0.820230 -1.479308
v 2.358636 0.817539 -1.562552
v 2.352402 0.594748 -1.557535
v 2.241219 0.597439 -1.474292
v 2.130284 0.597439 -1.474292
v 2.198755 0.594748 -1.557535
v 2.358636 0.817539 -1.562552
v 2.247453 0.820230 -1.479308
v 2.242724 0.820230 -1.208593
v 2.353907 0.817540 -1.253290
v 2.198755 0.594748 -1.557535
v 2.130284 0.597439 -1.474292
v 2.134123 0.820230 -1.478317
v 2.202594 0.817539 -1.561561
v 2.353907 0.817540 -1.253290
v 2.242724 0.820230 -1.208593
v 2.241281 0.606667 -1.219307
v 2.352465 0.603976 -1.265914
v 2.352465 0.603976 -1.265914
v 2.241281 0.606667 -1.219307
v 2.241219 0.597439 -1.474292
v 2.352402 0.594748 -1.557535
v 1.952445 1.466028 -1.557535
v 1.952445 1.688819 -1.559973
v 2.358636 1.688819 -1.562552
v 2.352402 1.466028 -1.557535
v 2.352402 1.466028 -1.557535
v 2.358636 1.688819 -1.562552
v 2.350642 1.688819 -1.039801
v 2.352402 1.466028 -1.038711
v 1.952445 1.688819 -1.559973
v 1.952445 1.691510 -1.476729
v 2.247453 1.691510 -1.479308
v 2.358636 1.688819 -1.562552
v 2.352402 1.466028 -1.557535
v 2.241219 1.468719 -1.474292
v 1.952445 1.468719 -1.474292
v 1.952445 1.466028 -1.557535
v 2.358636 1.688819 -1.562552
v 2.247453 1.691510 -1.479308
v 2.238959 1.691510 -0.993114
v 2.350642 1.688819 -1.039801
v 1.952445 1.466028 -1.557535
v 1.952445 1.468719 -1.474292
v 1.952445 1.691510 -1.476729
v 1.952445 1.688819 -1.559973
v 2.350642 1.688819 -1.039801
v 2.238959 1.691510 -0.993114
v 2.241219 1.468719 -0.992269
v 2.352402 1.466028 -1.038711
v 2.352402 1.466028 -1.038711
v 2.241219 1.468719 -0.992269
v 2.241219 1.468719 -1.474292
v 2.352402 1.466028 -1.557535
v 2.129349 1.168064 -1.557535
v 2.132106 1.390855 -1.561113
v 2.358636 1.390855 -1.562552
v 2.352402 1.168064 -1.557535
v 2.352402 1.168064 -1.557535
v 2.358636 1.390855 -1.562552
v 2.352824 1.361432 -1.313431
v 2.352402 1.168064 -1.311528
v 2.132106 1.390855 -1.561113
v 2.082929 1.393546 -1.477870
v 2.247453 1.393546 -1.479308
v 2.358636 1.390855 -1.562552
v 2.352402 1.168064 -1.557535
v 2.241219 1.170755 -1.474292
v 2.080172 1.170755 -1.474292
v 2.129349 1.168064 -1.557535
v 2.358636 1.390855 -1.562552
v 2.247453 1.393546 -1.479308
v 2.241640 1.364122 -1.277043
v 2.352824 1.361432 -1.313431
v 2.129349 1.168064 -1.557535
v 2.080172 1.170755 -1.474292
v 2.082929 1.393546 -1.477870
v 2.132106 1.390855 -1.561113
v 2.352824 1.361432 -1.313431
v 2.241640 1.364122 -1.277043
v 2.241219 1.170755 -1.275139
v 2.352402 1.168064 -1.311528
v 2.352402 1.168064 -1.311528
v 2.241219 1.170755 -1.275139
v 2.241219 1.170755 -1.474292
v 2.352402 1.168064 -1.557535
v -2.028880 1.767155 -1.567634
v -2.182527 1.767155 -1.567634
v -2.188092 2.027762 -1.572113
v -2.032307 2.027762 -1.571228
v -2.182527 1.767155 -1.567634
v -2.182712 1.803011 -1.283552
v -2.183813 2.016556 -1.262997
v -2.188092 2.027762 -1.572113
v -2.032307 2.027762 -1.571228
v -2.188092 2.027762 -1.572113
v -2.077578 2.061778 -1.489407
v -1.964248 2.061778 -1.488417
v -2.182527 1.767155 -1.567634
v -2.028880 1.767155 -1.567634
v -1.960409 1.769846 -1.484391
v -2.071343 1.769846 -1.484391
v -2.188092 2.027762 -1.572113
v -2.183813 2.016556 -1.262997
v -2.072629 2.019247 -1.218300
v -2.077578 2.061778 -1.489407
v -2.028880 1.767155 -1.567634
v -2.032307 2.027762 -1.571228
v -1.964248 2.061778 -1.488417
v -1.960409 1.769846 -1.484391
v -2.183813 2.016556 -1.262997
v -2.182712 1.803011 -1.283552
v -2.071528 1.805702 -1.236026
v -2.072629 2.019247 -1.218300
v -2.182712 1.803011 -1.283552
v -2.182527 1.767155 -1.567634
v -2.071343 1.769846 -1.484391
v -2.071528 1.805702 -1.236026
v -1.751099 0.293621 -1.557535
v -2.151057 0.293621 -1.557535
v -2.157291 0.516412 -1.562551
v -1.751099 0.516412 -1.559972
v -2.151057 0.293621 -1.557535
v -2.151057 0.293621 -1.144460
v -2.151366 0.501414 -1.162654
v -2.157291 0.516412 -1.562551
v -1.751099 0.516412 -1.559972
v -2.157291 0.516412 -1.562551
v -2.046107 0.519103 -1.479308
v -1.751099 0.519103 -1.476729
v -2.151057 0.293621 -1.557535
v -1.751099 0.293621 -1.557535
v -1.751099 0.296312 -1.474291
v -2.039873 0.296312 -1.474291
v -2.157291 0.516412 -1.562551
v -2.151366 0.501414 -1.162654
v -1.980949 0.519103 -1.114982
v -2.046107 0.519103 -1.479308
v -1.751099 0.293621 -1.557535
v -1.751099 0.516412 -1.559972
v -1.751099 0.519103 -1.476729
v -1.751099 0.296312 -1.474291
v -2.151366 0.501414 -1.162654
v -2.151057 0.293621 -1.144460
v -1.981080 0.296312 -1.113092
v -1.980949 0.519103 -1.114982
v -2.151057 0.293621 -1.144460
v -2.151057 0.293621 -1.557535
v -2.039873 0.296312 -1.474291
v -1.981080 0.296312 -1.113092
v -1.771677 0.906533 -1.554396
v -2.150110 0.887504 -1.557535
v -2.156344 1.110295 -1.562552
v -1.750152 1.110295 -1.559973
v -2.150110 0.887504 -1.557535
v -2.150110 0.887504 -1.211467
v -2.150596 1.110295 -1.213660
v -2.156344 1.110295 -1.562552
v -1.750152 1.110295 -1.559973
v -2.156344 1.110295 -1.562552
v -2.045161 1.112985 -1.479308
v -1.750152 1.112985 -1.476729
v -2.150110 0.887504 -1.557535
v -1.771677 0.906533 -1.554396
v -1.771677 0.909224 -1.471152
v -2.038926 0.890194 -1.474292
v -2.156344 1.110295 -1.562552
v -2.150596 1.110295 -1.213660
v -2.039412 1.112985 -1.177271
v -2.045161 1.112985 -1.479308
v -1.771677 0.906533 -1.554396
v -1.750152 1.110295 -1.559973
v -1.750152 1.112985 -1.476729
v -1.771677 0.909224 -1.471152
v -2.150596 1.110295 -1.213660
v -2.150110 0.887504 -1.211467
v -2.038926 0.890194 -1.175079
v -2.039412 1.112985 -1.177271
v -2.150110 0.887504 -1.211467
v -2.150110 0.887504 -1.557535
v -2.038926 0.890194 -1.474292
v -2.038926 0.890194 -1.175079
v -1.750152 0.001393 -1.557535
v -2.150110 0.001393 -1.557535
v -2.156344 0.218449 -1.562551
v -1.750152 0.218449 -1.559972
v -2.150110 0.001393 -1.557535
v -2.150110 0.001393 -1.184434
v -2.150596 0.218449 -1.186627
v -2.156344 0.218449 -1.562551
v -1.750152 0.218449 -1.559972
v -2.156344 0.218449 -1.562551
v -2.045161 0.221139 -1.479308
v -1.750152 0.221139 -1.476729
v -2.150110 0.001393 -1.557535
v -1.750152 0.001393 -1.557535
v -1.750152 0.001393 -1.474291
v -2.038926 0.001393 -1.474291
v -2.156344 0.218449 -1.562551
v -2.150596 0.218449 -1.186627
v -2.039412 0.221139 -1.150239
v -2.045161 0.221139 -1.479308
v -1.750152 0.001393 -1.557535
v -1.750152 0.218449 -1.559972
v -1.750152 0.221139 -1.476729
v -1.750152 0.001393 -1.474291
v -2.150596 0.218449 -1.186627
v -2.150110 0.001393 -1.184434
v -2.038926 0.001393 -1.148046
v -2.039412 0.221139 -1.150239
v -2.150110 0.001393 -1.184434
v -2.150110 0.001393 -1.557535
v -2.038926 0.001393 -1.474291
v -2.038926 0.001393 -1.148046
v -1.979734 0.594748 -1.557535
v -2.133381 0.594748 -1.557535
v -2.139615 0.817539 -1.562552
v -1.952651 0.784387 -1.563814
v -2.133381 0.594748 -1.557535
v -2.133443 0.603976 -1.265914
v -2.134886 0.817540 -1.253290
v -2.139615 0.817539 -1.562552
v -1.952651 0.784387 -1.563814
v -2.139615 0.817539 -1.562552
v -2.028431 0.820230 -1.479308
v -1.884180 0.787078 -1.480571
v -2.133381 0.594748 -1.557535
v -1.979734 0.594748 -1.557535
v -1.911262 0.597439 -1.474292
v -2.022197 0.597439 -1.474292
v -2.139615 0.817539 -1.562552
v -2.134886 0.817540 -1.253290
v -2.023702 0.820230 -1.208593
v -2.028431 0.820230 -1.479308
v -1.979734 0.594748 -1.557535
v -1.952651 0.784387 -1.563814
v -1.884180 0.787078 -1.480571
v -1.911262 0.597439 -1.474292
v -2.134886 0.817540 -1.253290
v -2.133443 0.603976 -1.265914
v -2.022260 0.606667 -1.219307
v -2.023702 0.820230 -1.208593
v -2.133443 0.603976 -1.265914
v -2.133381 0.594748 -1.557535
v -2.022197 0.597439 -1.474292
v -2.022260 0.606667 -1.219307
v -1.750941 1.466028 -1.557535
v -2.150898 1.466028 -1.557535
v -2.157133 1.688819 -1.562552
v -1.767564 1.688819 -1.560078
v -2.150898 1.466028 -1.557535
v -2.150898 1.466028 -1.160851
v -2.149139 1.688819 -1.161941
v -2.157133 1.688819 -1.562552
v -1.767564 1.688819 -1.560078
v -2.157133 1.688819 -1.562552
v -2.045949 1.691510 -1.479308
v -1.763014 1.691510 -1.476835
v -2.150898 1.466028 -1.557535
v -1.750941 1.466028 -1.557535
v -1.750941 1.468719 -1.474292
v -2.039715 1.468719 -1.474292
v -2.157133 1.688819 -1.562552
v -2.149139 1.688819 -1.161941
v -2.009877 1.691510 -1.115254
v -2.045949 1.691510 -1.479308
v -1.750941 1.466028 -1.557535
v -1.767564 1.688819 -1.560078
v -1.763014 1.691510 -1.476835
v -1.750941 1.468719 -1.474292
v -2.149139 1.688819 -1.161941
v -2.150898 1.466028 -1.160851
v -2.012137 1.468719 -1.114409
v -2.009877 1.691510 -1.115254
v -2.150898 1.466028 -1.160851
v -2.150898 1.466028 -1.557535
v -2.039715 1.468719 -1.474292
v -2.012137 1.468719 -1.114409
v -1.928204 1.168064 -1.557535
v -2.151258 1.168064 -1.557535
v -2.157491 1.390855 -1.562552
v -1.930962 1.390855 -1.561113
v -2.151258 1.168064 -1.557535
v -2.151258 1.168064 -1.311528
v -2.151679 1.361432 -1.313431
v -2.157491 1.390855 -1.562552
v -1.930962 1.390855 -1.561113
v -2.157491 1.390855 -1.562552
v -2.046308 1.393546 -1.479308
v -1.881784 1.393546 -1.477870
v -2.151258 1.168064 -1.557535
v -1.928204 1.168064 -1.557535
v -1.879027 1.170755 -1.474292
v -2.040074 1.170755 -1.474292
v -2.157491 1.390855 -1.562552
v -2.151679 1.361432 -1.313431
v -2.040495 1.364122 -1.277043
v -2.046308 1.393546 -1.479308
v -1.928204 1.168064 -1.557535
v -1.930962 1.390855 -1.561113
v -1.881784 1.393546 -1.477870
v -1.879027 1.170755 -1.474292
v -2.151679 1.361432 -1.313431
v -2.151258 1.168064 -1.311528
v -2.040074 1.170755 -1.275139
v -2.040495 1.364122 -1.277043
v -2.151258 1.168064 -1.311528
v -2.151258 1.168064 -1.557535
v -2.040074 1.170755 -1.474292
v -2.040074 1.170755 -1.275139
v -2.141353 2.129615 -1.464800
v -2.169037 2.182118 -1.186383
v -2.144964 2.403803 -1.210635
v -2.149244 2.415009 -1.278042
v -2.141353 2.129615 -1.464800
v -2.149244 2.415009 -1.278042
v -2.093432 2.417016 -1.279286
v -2.085542 2.131622 -1.466044
v -2.169037 2.182118 -1.186383
v -2.141353 2.129615 -1.464800
v -2.085542 2.131622 -1.466044
v -2.085726 2.167478 -1.181962
v -2.149244 2.415009 -1.278042
v -2.144964 2.403803 -1.210635
v -2.089153 2.405810 -1.211878
v -2.093432 2.417016 -1.279286
v -2.144964 2.403803 -1.210635
v -2.169037 2.182118 -1.186383
v -2.085726 2.167478 -1.181962
v -2.089153 2.405810 -1.211878
v 2.199959 1.767156 1.571995
v 2.353607 1.767156 1.571995
v 2.359841 2.059088 1.577011
v 2.203799 2.059088 1.576020
v 2.353607 1.767156 1.571995
v 2.353607 1.767156 1.265056
v 2.355111 2.059088 1.267749
v 2.359841 2.059088 1.577011
v 2.203799 2.059088 1.576020
v 2.359841 2.059088 1.577011
v 2.248657 2.061779 1.493768
v 2.135327 2.061779 1.492777
v 2.353607 1.767156 1.571995
v 2.199959 1.767156 1.571995
v 2.131488 1.769847 1.488751
v 2.242423 1.769847 1.488751
v 2.359841 2.059088 1.577011
v 2.355111 2.059088 1.267749
v 2.243928 2.061779 1.223052
v 2.248657 2.061779 1.493768
v 2.199959 1.767156 1.571995
v 2.203799 2.059088 1.576020
v 2.135327 2.061779 1.492777
v 2.131488 1.769847 1.488751
v 2.355111 2.059088 1.267749
v 2.353607 1.767156 1.265056
v 2.242423 1.769847 1.220359
v 2.243928 2.061779 1.223052
v 2.353607 1.767156 1.265056
v 2.353607 1.767156 1.571995
v 2.242423 1.769847 1.488751
v 2.242423 1.769847 1.220359
v 1.952445 0.293622 1.561896
v 2.352402 0.293622 1.561896
v 2.319339 0.517364 1.537490
v 1.952445 0.516413 1.564334
v 2.352402 0.293622 1.561896
v 2.352402 0.293622 0.973958
v 2.310685 0.503562 0.986203
v 2.319339 0.517364 1.537490
v 1.952445 0.516413 1.564334
v 2.319339 0.517364 1.537490
v 2.247453 0.519104 1.483669
v 1.952445 0.519104 1.481090
v 2.352402 0.293622 1.561896
v 1.952445 0.293622 1.561896
v 1.952445 0.296313 1.478652
v 2.241219 0.296313 1.478652
v 2.319339 0.517364 1.537490
v 2.310685 0.503562 0.986203
v 2.238394 0.519104 0.965117
v 2.247453 0.519104 1.483669
v 1.952445 0.293622 1.561896
v 1.952445 0.516413 1.564334
v 1.952445 0.519104 1.481090
v 1.952445 0.296313 1.478652
v 2.310685 0.503562 0.986203
v 2.352402 0.293622 0.973958
v 2.241219 0.296313 0.964550
v 2.238394 0.519104 0.965117
v 2.352402 0.293622 0.973958
v 2.352402 0.293622 1.561896
v 2.241219 0.296313 1.478652
v 2.241219 0.296313 0.964550
v 1.952445 0.887505 1.561896
v 2.352402 0.887505 1.561896
v 2.358636 1.110296 1.566912
v 1.952445 1.110296 1.564333
v 2.352402 0.887505 1.561896
v 2.352402 0.887505 1.188795
v 2.352888 1.110296 1.190988
v 2.358636 1.110296 1.566912
v 1.952445 1.110296 1.564333
v 2.358636 1.110296 1.566912
v 2.247453 1.112986 1.483669
v 1.952445 1.112986 1.481090
v 2.352402 0.887505 1.561896
v 1.952445 0.887505 1.561896
v 1.952445 0.890195 1.478652
v 2.241219 0.890195 1.478652
v 2.358636 1.110296 1.566912
v 2.352888 1.110296 1.190988
v 2.241704 1.112986 1.154600
v 2.247453 1.112986 1.483669
v 1.952445 0.887505 1.561896
v 1.952445 1.110296 1.564333
v 1.952445 1.112986 1.481090
v 1.952445 0.890195 1.478652
v 2.352888 1.110296 1.190988
v 2.352402 0.887505 1.188795
v 2.241219 0.890195 1.152407
v 2.241704 1.112986 1.154600
v 2.352402 0.887505 1.188795
v 2.352402 0.887505 1.561896
v 2.241219 0.890195 1.478652
v 2.241219 0.890195 1.152407
v 1.952445 0.001394 1.561896
v 2.352402 0.001394 1.561896
v 2.358636 0.218450 1.566913
v 1.952445 0.218450 1.564334
v 2.352402 0.001394 1.561896
v 2.352402 0.001394 1.188796
v 2.352888 0.218450 1.190988
v 2.358636 0.218450 1.566913
v 1.952445 0.218450 1.564334
v 2.358636 0.218450 1.566913
v 2.247453 0.221140 1.483669
v 1.952445 0.221140 1.481090
v 2.352402 0.001394 1.561896
v 1.952445 0.001394 1.561896
v 1.952445 0.001394 1.478653
v 2.241219 0.001394 1.478653
v 2.358636 0.218450 1.566913
v 2.352888 0.218450 1.190988
v 2.241704 0.221140 1.154600
v 2.247453 0.221140 1.483669
v 1.952445 0.001394 1.561896
v 1.952445 0.218450 1.564334
v 1.952445 0.221140 1.481090
v 1.952445 0.001394 1.478653
v 2.352888 0.218450 1.190988
v 2.352402 0.001394 1.188796
v 2.241219 0.001394 1.152408
v 2.241704 0.221140 1.154600
v 2.352402 0.001394 1.188796
v 2.241219 0.001394 1.152408
v 2.198755 0.594749 1.561896
v 2.352402 0.594749 1.561896
v 2.358636 0.817540 1.566913
v 2.202594 0.817540 1.565922
v 2.352402 0.594749 1.561896
v 2.352465 0.603977 1.270275
v 2.353907 0.817540 1.257650
v 2.358636 0.817540 1.566913
v 2.202594 0.817540 1.565922
v 2.358636 0.817540 1.566913
v 2.247453 0.820231 1.483669
v 2.134123 0.820231 1.482678
v 2.352402 0.594749 1.561896
v 2.198755 0.594749 1.561896
v 2.130284 0.597440 1.478652
v 2.241219 0.597440 1.478652
v 2.358636 0.817540 1.566913
v 2.353907 0.817540 1.257650
v 2.242724 0.820231 1.212954
v 2.247453 0.820231 1.483669
v 2.198755 0.594749 1.561896
v 2.202594 0.817540 1.565922
v 2.134123 0.820231 1.482678
v 2.130284 0.597440 1.478652
v 2.353907 0.817540 1.257650
v 2.352465 0.603977 1.270275
v 2.241281 0.606668 1.223668
v 2.242724 0.820231 1.212954
v 2.352465 0.603977 1.270275
v 2.352402 0.594749 1.561896
v 2.241219 0.597440 1.478652
v 2.241281 0.606668 1.223668
v 1.952445 1.466029 1.561896
v 2.352402 1.466029 1.561896
v 2.358636 1.688820 1.566912
v 1.952445 1.688820 1.564333
v 2.352402 1.466029 1.561896
v 2.352402 1.466029 1.043072
v 2.350642 1.688820 1.044161
v 2.358636 1.688820 1.566912
v 1.952445 1.688820 1.564333
v 2.358636 1.688820 1.566912
v 2.247453 1.691511 1.483669
v 1.952445 1.691511 1.481090
v 2.352402 1.466029 1.561896
v 1.952445 1.466029 1.561896
v 1.952445 1.468720 1.478652
v 2.241219 1.468720 1.478652
v 2.358636 1.688820 1.566912
v 2.350642 1.688820 1.044161
v 2.238959 1.691511 0.997474
v 2.247453 1.691511 1.483669
v 1.952445 1.466029 1.561896
v 1.952445 1.688820 1.564333
v 1.952445 1.691511 1.481090
v 1.952445 1.468720 1.478652
v 2.350642 1.688820 1.044161
v 2.352402 1.466029 1.043072
v 2.241219 1.468720 0.996630
v 2.238959 1.691511 0.997474
v 2.352402 1.466029 1.043072
v 2.352402 1.466029 1.561896
v 2.241219 1.468720 1.478652
v 2.241219 1.468720 0.996630
v 2.129349 1.168065 1.561896
v 2.352402 1.168065 1.561896
v 2.358636 1.390856 1.566912
v 2.132106 1.390857 1.565474
v 2.352402 1.168065 1.561896
v 2.352402 1.168065 1.315888
v 2.352824 1.361432 1.317792
v 2.358636 1.390856 1.566912
v 2.132106 1.390857 1.565474
v 2.358636 1.390856 1.566912
v 2.247453 1.393547 1.483669
v 2.082929 1.393547 1.482231
v 2.352402 1.168065 1.561896
v 2.129349 1.168065 1.561896
v 2.080172 1.170756 1.478652
v 2.241219 1.170756 1.478652
v 2.358636 1.390856 1.566912
v 2.352824 1.361432 1.317792
v 2.241640 1.364123 1.281403
v 2.247453 1.393547 1.483669
v 2.129349 1.168065 1.561896
v 2.132106 1.390857 1.565474
v 2.082929 1.393547 1.482231
v 2.080172 1.170756 1.478652
v 2.352824 1.361432 1.317792
v 2.352402 1.168065 1.315888
v 2.241219 1.170756 1.279500
v 2.241640 1.364123 1.281403
v 2.352402 1.168065 1.315888
v 2.352402 1.168065 1.561896
v 2.241219 1.170756 1.478652
v 2.241219 1.170756 1.279500
v -2.028880 1.767156 1.571995
v -2.032307 2.027763 1.575588
v -2.188092 2.027763 1.576473
v -2.182527 1.767156 1.571995
v -2.182527 1.767156 1.571995
v -2.188092 2.027763 1.576473
v -2.183813 2.016557 1.267357
v -2.182712 1.803012 1.287912
v -2.032307 2.027763 1.575588
v -1.964248 2.061779 1.492777
v -2.077578 2.061779 1.493768
v -2.188092 2.027763 1.576473
v -2.182527 1.767156 1.571995
v -2.071343 1.769847 1.488751
v -1.960409 1.769847 1.488751
v -2.028880 1.767156 1.571995
v -2.188092 2.027763 1.576473
v -2.077578 2.061779 1.493768
v -2.072629 2.019248 1.222660
v -2.183813 2.016557 1.267357
v -2.028880 1.767156 1.571995
v -1.960409 1.769847 1.488751
v -1.964248 2.061779 1.492777
v -2.032307 2.027763 1.575588
v -2.183813 2.016557 1.267357
v -2.072629 2.019248 1.222660
v -2.071528 1.805703 1.240386
v -2.182712 1.803012 1.287912
v -2.182712 1.803012 1.287912
v -2.071528 1.805703 1.240386
v -2.071343 1.769847 1.488751
v -2.182527 1.767156 1.571995
v -1.751099 0.293622 1.561896
v -1.751099 0.516413 1.564334
v -2.157291 0.516413 1.566913
v -2.151057 0.293622 1.561896
v -2.151057 0.293622 1.561896
v -2.157291 0.516413 1.566913
v -2.151366 0.501415 1.167015
v -2.151057 0.293622 1.148821
v -1.751099 0.516413 1.564334
v -1.751099 0.519104 1.481090
v -2.046107 0.519104 1.483669
v -2.157291 0.516413 1.566913
v -2.151057 0.293622 1.561896
v -2.039873 0.296313 1.478652
v -1.751099 0.296313 1.478652
v -1.751099 0.293622 1.561896
v -2.157291 0.516413 1.566913
v -2.046107 0.519104 1.483669
v -1.980949 0.519104 1.119343
v -2.151366 0.501415 1.167015
v -1.751099 0.293622 1.561896
v -1.751099 0.296313 1.478652
v -1.751099 0.519104 1.481090
v -1.751099 0.516413 1.564334
v -2.151366 0.501415 1.167015
v -1.980949 0.519104 1.119343
v -1.981080 0.296313 1.117453
v -2.151057 0.293622 1.148821
v -2.151057 0.293622 1.148821
v -1.981080 0.296313 1.117453
v -2.039873 0.296313 1.478652
v -2.151057 0.293622 1.561896
v -1.771677 0.906534 1.558756
v -1.750152 1.110296 1.564333
v -2.156344 1.110296 1.566912
v -2.150110 0.887505 1.561896
v -2.150110 0.887505 1.561896
v -2.156344 1.110296 1.566912
v -2.150596 1.110296 1.218020
v -2.150110 0.887505 1.215828
v -1.750152 1.110296 1.564333
v -1.750152 1.112986 1.481090
v -2.045161 1.112986 1.483669
v -2.156344 1.110296 1.566912
v -2.150110 0.887505 1.561896
v -2.038926 0.890195 1.478652
v -1.771677 0.909225 1.475513
v -1.771677 0.906534 1.558756
v -2.156344 1.110296 1.566912
v -2.045161 1.112986 1.483669
v -2.039412 1.112986 1.181632
v -2.150596 1.110296 1.218020
v -1.771677 0.906534 1.558756
v -1.771677 0.909225 1.475513
v -1.750152 1.112986 1.481090
v -1.750152 1.110296 1.564333
v -2.150596 1.110296 1.218020
v -2.039412 1.112986 1.181632
v -2.038926 0.890195 1.179439
v -2.150110 0.887505 1.215828
v -2.150110 0.887505 1.215828
v -2.038926 0.890195 1.179439
v -2.038926 0.890195 1.478652
v -2.150110 0.887505 1.561896
v -1.750152 0.001394 1.561896
v -1.750152 0.218450 1.564334
v -2.156344 0.218450 1.566913
v -2.150110 0.001394 1.561896
v -2.150110 0.001394 1.561896
v -2.156344 0.218450 1.566913
v -2.150596 0.218450 1.190988
v -2.150110 0.001394 1.188796
v -1.750152 0.218450 1.564334
v -1.750152 0.221140 1.481090
v -2.045161 0.221140 1.483669
v -2.156344 0.218450 1.566913
v -2.150110 0.001394 1.561896
v -2.038926 0.001394 1.478653
v -1.750152 0.001394 1.478653
v -1.750152 0.001394 1.561896
v -2.156344 0.218450 1.566913
v -2.045161 0.221140 1.483669
v -2.039412 0.221140 1.154600
v -2.150596 0.218450 1.190988
v -1.750152 0.001394 1.561896
v -1.750152 0.001394 1.478653
v -1.750152 0.221140 1.481090
v -1.750152 0.218450 1.564334
v -2.150596 0.218450 1.190988
v -2.039412 0.221140 1.154600
v -2.038926 0.001394 1.152408
v -2.150110 0.001394 1.188796
v -2.150110 0.001394 1.188796
v -2.038926 0.001394 1.152408
v -1.979734 0.594749 1.561896
v -1.952651 0.784388 1.568175
v -2.139615 0.817540 1.566913
v -2.133381 0.594749 1.561896
v -2.133381 0.594749 1.561896
v -2.139615 0.817540 1.566913
v -2.134886 0.817540 1.257650
v -2.133443 0.603977 1.270275
v -1.952651 0.784388 1.568175
v -1.884180 0.787079 1.484931
v -2.028431 0.820231 1.483669
v -2.139615 0.817540 1.566913
v -2.133381 0.594749 1.561896
v -2.022197 0.597440 1.478652
v -1.911262 0.597440 1.478652
v -1.979734 0.594749 1.561896
v -2.139615 0.817540 1.566913
v -2.028431 0.820231 1.483669
v -2.023702 0.820231 1.212954
v -2.134886 0.817540 1.257650
v -1.979734 0.594749 1.561896
v -1.911262 0.597440 1.478652
v -1.884180 0.787079 1.484931
v -1.952651 0.784388 1.568175
v -2.134886 0.817540 1.257650
v -2.023702 0.820231 1.212954
v -2.022260 0.606668 1.223668
v -2.133443 0.603977 1.270275
v -2.133443 0.603977 1.270275
v -2.022260 0.606668 1.223668
v -2.022197 0.597440 1.478652
v -2.133381 0.594749 1.561896
v -1.750941 1.466029 1.561896
v -1.767564 1.688820 1.564439
v -2.157133 1.688820 1.566912
v -2.150898 1.466029 1.561896
v -2.150898 1.466029 1.561896
v -2.157133 1.688820 1.566912
v -2.149139 1.688820 1.166302
v -2.150898 1.466029 1.165211
v -1.767564 1.688820 1.564439
v -1.763014 1.691511 1.481195
v -2.045949 1.691511 1.483669
v -2.157133 1.688820 1.566912
v -2.150898 1.466029 1.561896
v -2.039715 1.468720 1.478652
v -1.750941 1.468720 1.478652
v -1.750941 1.466029 1.561896
v -2.157133 1.688820 1.566912
v -2.045949 1.691511 1.483669
v -2.009877 1.691511 1.119614
v -2.149139 1.688820 1.166302
v -1.750941 1.466029 1.561896
v -1.750941 1.468720 1.478652
v -1.763014 1.691511 1.481195
v -1.767564 1.688820 1.564439
v -2.149139 1.688820 1.166302
v -2.009877 1.691511 1.119614
v -2.012137 1.468720 1.118770
v -2.150898 1.466029 1.165211
v -2.150898 1.466029 1.165211
v -2.012137 1.468720 1.118770
v -2.039715 1.468720 1.478652
v -2.150898 1.466029 1.561896
v -1.928204 1.168065 1.561896
v -1.930962 1.390857 1.565474
v -2.157491 1.390856 1.566912
v -2.151258 1.168065 1.561896
v -2.151258 1.168065 1.561896
v -2.157491 1.390856 1.566912
v -2.151679 1.361432 1.317792
v -2.151258 1.168065 1.315888
v -1.930962 1.390857 1.565474
v -1.881784 1.393547 1.482231
v -2.046308 1.393547 1.483669
v -2.157491 1.390856 1.566912
v -2.151258 1.168065 1.561896
v -2.040074 1.170756 1.478652
v -1.879027 1.170756 1.478652
v -1.928204 1.168065 1.561896
v -2.157491 1.390856 1.566912
v -2.046308 1.393547 1.483669
v -2.040495 1.364123 1.281403
v -2.151679 1.361432 1.317792
v -1.928204 1.168065 1.561896
v -1.879027 1.170756 1.478652
v -1.881784 1.393547 1.482231
v -1.930962 1.390857 1.565474
v -2.151679 1.361432 1.317792
v -2.040495 1.364123 1.281403
v -2.040074 1.170756 1.279500
v -2.151258 1.168065 1.315888
v -2.151258 1.168065 1.315888
v -2.040074 1.170756 1.279500
v -2.040074 1.170756 1.478652
v -2.151258 1.168065 1.561896
v -2.141353 2.129616 1.469160
v -2.149244 2.415010 1.282402
v -2.144964 2.403804 1.214995
v -2.169037 2.182119 1.190743
v -2.141353 2.129616 1.469160
v -2.085542 2.131623 1.470404
v -2.093432 2.417017 1.283646
v -2.149244 2.415010 1.282402
v -2.169037 2.182119 1.190743
v -2.085726 2.167479 1.186321
v -2.085542 2.131623 1.470404
v -2.141353 2.129616 1.469160
v -2.149244 2.415010 1.282402
v -2.093432 2.417017 1.283646
v -2.089153 2.405811 1.216238
v -2.144964 2.403804 1.214995
v -2.144964 2.403804 1.214995
v -2.089153 2.405811 1.216238
v -2.085726 2.167479 1.186321
v -2.169037 2.182119 1.190743
v 0.635375 -0.000000 -1.593624
v 0.632585 1.941597 -1.597539
v 0.813315 1.941597 -1.597539
v 0.810524 -0.000000 -1.593624
v 0.810524 -0.000000 -1.487500
v 0.813315 1.943748 -1.471943
v 0.632585 1.943748 -1.471943
v 0.635375 -0.000000 -1.487500
v 0.810524 -0.000000 -1.593624
v 0.810524 -0.000000 -1.487500
v 0.635375 -0.000000 -1.487500
v 0.635375 -0.000000 -1.593624
v 0.813315 1.941597 -1.597539
v 0.813315 1.943748 -1.471943
v 0.810524 -0.000000 -1.487500
v 0.810524 -0.000000 -1.593624
v 0.635375 -0.000000 -1.593624
v 0.635375 -0.000000 -1.487500
v 0.632585 1.943748 -1.471943
v 0.632585 1.941597 -1.597539
v -0.798986 -0.000000 -1.593624
v -0.801776 1.941597 -1.597539
v -0.621046 1.941597 -1.597539
v -0.623837 -0.000000 -1.593624
v -0.623837 -0.000000 -1.488251
v -0.621046 1.943748 -1.471943
v -0.801776 1.943748 -1.471943
v -0.798986 -0.000000 -1.488251
v -0.623837 -0.000000 -1.593624
v -0.623837 -0.000000 -1.488251
v -0.798986 -0.000000 -1.488251
v -0.798986 -0.000000 -1.593624
v -0.621046 1.941597 -1.597539
v -0.621046 1.943748 -1.471943
v -0.623837 -0.000000 -1.488251
v -0.623837 -0.000000 -1.593624
v -0.798986 -0.000000 -1.593624
v -0.798986 -0.000000 -1.488251
v -0.801776 1.943748 -1.471943
v -0.801776 1.941597 -1.597539
v 2.281260 0.781556 -1.549254
v -2.080558 0.778765 -1.553169
v -2.080558 0.942987 -1.553169
v 2.281260 0.940196 -1.549254
v 2.281260 0.940196 -1.549254
v 2.279109 0.940196 -1.468028
v 2.279109 0.781556 -1.468028
v 2.281260 0.781556 -1.549254
v -2.080558 0.942987 -1.553169
v -2.082709 0.942987 -1.471943
v 2.279109 0.940196 -1.468028
v 2.281260 0.940196 -1.549254
v 2.281260 0.781556 -1.549254
v 2.279109 0.781556 -1.468028
v -2.082709 0.778765 -1.471943
v -2.080558 0.778765 -1.553169
v -2.080558 0.778765 -1.553169
v -2.082709 0.778765 -1.471943
v -2.082709 0.942987 -1.471943
v -2.080558 0.942987 -1.553169
v -0.834281 0.882632 -1.528605
v -2.206913 2.093071 -1.613564
v -1.951521 2.089880 -1.617347
v -0.731687 1.004102 -1.545860
v -0.731687 1.004102 -1.545860
v -0.732049 1.015829 -1.465456
v -0.834642 0.894360 -1.448201
v -0.834281 0.882632 -1.528605
v -1.951521 2.089880 -1.617347
v -1.951883 2.101607 -1.536943
v -0.732049 1.015829 -1.465456
v -0.731687 1.004102 -1.545860
v -0.834281 0.882632 -1.528605
v -0.834642 0.894360 -1.448201
v -2.207274 2.104798 -1.533161
v -2.206913 2.093071 -1.613564
v -2.206913 2.093071 -1.613564
v -2.207274 2.104798 -1.533161
v -1.951883 2.101607 -1.536943
v -1.951521 2.089880 -1.617347
v 0.779165 0.837665 -1.535238
v 0.676572 0.959135 -1.552493
v 1.896405 2.044914 -1.623980
v 2.151797 2.048104 -1.620197
v 0.676572 0.959135 -1.552493
v 0.779165 0.837665 -1.535238
v 0.779527 0.849393 -1.454835
v 0.676934 0.970862 -1.472090
v 1.896405 2.044914 -1.623980
v 0.676572 0.959135 -1.552493
v 0.676934 0.970862 -1.472090
v 1.896767 2.056640 -1.543576
v 0.779165 0.837665 -1.535238
v 2.151797 2.048104 -1.620197
v 2.152159 2.059831 -1.539794
v 0.779527 0.849393 -1.454835
v 2.151797 2.048104 -1.620197
v 1.896405 2.044914 -1.623980
v 1.896767 2.056640 -1.543576
v 2.152159 2.059831 -1.539794
v 0.635375 0.000000 1.597985
v 0.810524 0.000000 1.597985
v 0.813315 1.941598 1.601899
v 0.632585 1.941598 1.601899
v 0.810524 0.000000 1.491862
v 0.635375 0.000000 1.491862
v 0.632585 1.943749 1.476303
v 0.813315 1.943749 1.476303
v 0.810524 0.000000 1.597985
v 0.635375 0.000000 1.597985
v 0.635375 0.000000 1.491862
v 0.810524 0.000000 1.491862
v 0.813315 1.941598 1.601899
v 0.810524 0.000000 1.597985
v 0.810524 0.000000 1.491862
v 0.813315 1.943749 1.476303
v 0.635375 0.000000 1.597985
v 0.632585 1.941598 1.601899
v 0.632585 1.943749 1.476303
v 0.635375 0.000000 1.491862
v -0.798986 0.000000 1.597985
v -0.623837 0.000000 1.597985
v -0.621046 1.941598 1.601899
v -0.801776 1.941598 1.601899
v -0.623837 0.000000 1.492612
v -0.798986 0.000000 1.492612
v -0.801776 1.943749 1.476303
v -0.621046 1.943749 1.476303
v -0.623837 0.000000 1.597985
v -0.798986 0.000000 1.597985
v -0.798986 0.000000 1.492612
v -0.623837 0.000000 1.492612
v -0.621046 1.941598 1.601899
v -0.623837 0.000000 1.597985
v -0.623837 0.000000 1.492612
v -0.621046 1.943749 1.476303
v -0.798986 0.000000 1.597985
v -0.801776 1.941598 1.601899
v -0.801776 1.943749 1.476303
v -0.798986 0.000000 1.492612
v 2.281260 0.781557 1.553615
v 2.281260 0.940197 1.553615
v -2.080558 0.942988 1.557530
v -2.080558 0.778766 1.557530
v 2.281260 0.940197 1.553615
v 2.281260 0.781557 1.553615
v 2.279109 0.781557 1.472389
v 2.279109 0.940197 1.472389
v -2.080558 0.942988 1.557530
v 2.281260 0.940197 1.553615
v 2.279109 0.940197 1.472389
v -2.082709 0.942988 1.476304
v 2.281260 0.781557 1.553615
v -2.080558 0.778766 1.557530
v -2.082709 0.778766 1.476304
v 2.279109 0.781557 1.472389
v -2.080558 0.778766 1.557530
v -2.080558 0.942988 1.557530
v -2.082709 0.942988 1.476304
v -2.082709 0.778766 1.476304
v -0.834281 0.882633 1.532965
v -0.731687 1.004103 1.550220
v -1.951521 2.089881 1.621706
v -2.206913 2.093071 1.617924
v -0.731687 1.004103 1.550220
v -0.834281 0.882633 1.532965
v -0.834642 0.894360 1.452562
v -0.732049 1.015830 1.469817
v -1.951521 2.089881 1.621706
v -0.731687 1.004103 1.550220
v -0.732049 1.015830 1.469817
v -1.951883 2.101608 1.541303
v -0.834281 0.882633 1.532965
v -2.206913 2.093071 1.617924
v -2.207274 2.104799 1.537521
v -0.834642 0.894360 1.452562
v -2.206913 2.093071 1.617924
v -1.951521 2.089881 1.621706
v -1.951883 2.101608 1.541303
v -2.207274 2.104799 1.537521
v 0.779165 0.837666 1.539598
v 2.151797 2.048105 1.624557
v 1.896405 2.044914 1.628340
v 0.676572 0.959136 1.556853
v 0.676572 0.959136 1.556853
v 0.676934 0.970863 1.476450
v 0.779527 0.849393 1.459196
v 0.779165 0.837666 1.539598
v 1.896405 2.044914 1.628340
v 1.896767 2.056641 1.547936
v 0.676934 0.970863 1.476450
v 0.676572 0.959136 1.556853
v 0.779165 0.837666 1.539598
v 0.779527 0.849393 1.459196
v 2.152159 2.059832 1.544154
v 2.151797 2.048105 1.624557
v 2.151797 2.048105 1.624557
v 2.152159 2.059832 1.544154
v 1.896767 2.056641 1.547936
v 1.896405 2.044914 1.628340
v 0.676555 2.282144 -1.123165
v 0.671252 2.357322 -1.901618
v 0.824591 2.263539 -2.122706
v 0.756329 2.219459 -1.140772
v 0.561026 2.642212 -1.156848
v 0.570140 2.700498 -2.028989
v 0.269230 2.914774 -1.901323
v 0.291203 2.866137 -1.168981
v 0.244271 2.815057 -1.860815
v 0.011926 3.020292 -1.836068
v -0.000349 3.056464 -2.219357
v 0.276963 2.792952 -2.187446
v 0.547645 2.650991 -0.794577
v 0.561026 2.642212 -1.156848
v 0.291203 2.866137 -1.168981
v 0.284082 2.873041 -0.523025
v -0.787517 2.334177 -1.132810
v -0.746213 2.377674 -1.135568
v -0.704069 2.486537 -1.855464
v -0.842940 2.377138 -2.107624
v -0.684456 2.261800 -1.115507
v -0.734631 2.224303 -1.137640
v -0.820600 2.236021 -2.105840
v -0.726998 2.303790 -1.889344
v -0.734631 2.224303 -1.137640
v -0.787517 2.334177 -1.132810
v -0.842940 2.377138 -2.107624
v -0.820600 2.236021 -2.105840
v -0.547770 2.637705 -1.151015
v -0.271606 2.872672 -1.166981
v -0.259625 2.926981 -2.093737
v -0.577545 2.690820 -2.024622
v -0.249521 2.787680 -1.853078
v -0.271367 2.773247 -2.180685
v -0.000349 3.056464 -2.219357
v 0.011926 3.020292 -1.836068
v -0.547770 2.637705 -1.151015
v -0.574086 2.611729 -0.826313
v -0.277868 2.870708 -0.520338
v -0.271606 2.872672 -1.166981
v 0.756868 2.367467 1.144219
v 0.521202 2.617463 1.158285
v 0.536393 2.676741 2.006400
v 0.774572 2.413904 1.799819
v 0.654456 2.294495 1.126789
v 0.728917 2.234778 1.144219
v 0.751792 2.304223 2.124638
v 0.667734 2.363939 1.906368
v 0.529038 2.660206 1.160155
v 0.269900 2.884047 1.173285
v 0.277837 2.945170 2.064503
v 0.544264 2.716117 1.969561
v 0.224490 2.826424 1.864551
v 0.252509 2.821962 2.192660
v 0.002868 3.080832 2.226671
v 0.002868 3.057666 1.843642
v 0.529038 2.660206 1.160155
v 0.529332 2.659918 0.801898
v 0.292005 2.860597 0.547615
v 0.269900 2.884047 1.173285
v -0.648721 2.294495 1.126789
v -0.661999 2.363939 1.906368
v -0.746057 2.304223 2.124638
v -0.723182 2.234778 1.144219
v -0.523175 2.660201 1.160155
v -0.540765 2.724795 2.095263
v -0.272078 2.945032 2.062411
v -0.264159 2.884053 1.173285
v -0.218754 2.826424 1.864551
v 0.002868 3.057666 1.843642
v 0.002868 3.080832 2.226671
v -0.246774 2.821962 2.192660
v -0.518533 2.664759 0.796041
v -0.523175 2.660201 1.160155
v -0.264159 2.884053 1.173285
v -0.283090 2.863971 0.543533
v -0.726998 2.303790 -1.889344
v -0.820600 2.236021 -2.105840
v -0.532160 2.518144 -2.146033
v -0.438566 2.592503 -1.880977
v -0.438566 2.592503 -1.880977
v -0.532160 2.518144 -2.146033
v -0.271367 2.773247 -2.180685
v -0.249521 2.787680 -1.853078
v -0.787517 2.334177 -1.132810
v -0.549296 2.583124 -0.865148
v -0.538791 2.596109 -1.149419
v -0.746213 2.377674 -1.135568
v -0.247441 2.921988 -1.170665
v 0.000370 3.137446 -1.181377
v 0.007305 3.201857 -2.122085
v -0.258366 2.956456 -2.106924
v 0.671252 2.357322 -1.901618
v 0.469704 2.563215 -1.879842
v 0.550996 2.525180 -2.154763
v 0.824591 2.263539 -2.122706
v 0.469704 2.563215 -1.879842
v 0.244271 2.815057 -1.860815
v 0.276963 2.792952 -2.187446
v 0.550996 2.525180 -2.154763
v 0.760858 2.365236 -1.139990
v 0.797409 2.396150 -1.754323
v 0.560917 2.647517 -2.016634
v 0.548686 2.602105 -1.154841
v 0.262454 2.915777 -1.170058
v 0.263279 2.964190 -1.934250
v 0.007305 3.201857 -2.122085
v 0.000370 3.137446 -1.181377
v 0.667734 2.363939 1.906368
v 0.751792 2.304223 2.124638
v 0.502151 2.563093 2.158649
v 0.446112 2.595182 1.885460
v -0.247441 2.921988 -1.170665
v -0.263283 2.915759 -0.481122
v 0.002868 3.167316 -0.172174
v 0.000370 3.137446 -1.181377
v 0.266077 2.919050 -0.483077
v 0.262454 2.915777 -1.170058
v 0.000370 3.137446 -1.181377
v 0.002868 3.167316 -0.172174
v 0.446112 2.595182 1.885460
v 0.502151 2.563093 2.158649
v 0.252509 2.821962 2.192660
v 0.224490 2.826424 1.864551
v 0.257490 2.926855 1.175159
v 0.002868 3.167317 1.189223
v 0.002868 3.232373 2.161114
v 0.265709 2.988072 2.078152
v -0.661999 2.363939 1.906368
v -0.440376 2.595182 1.885460
v -0.496415 2.563093 2.158649
v -0.746057 2.304223 2.124638
v -0.440376 2.595182 1.885460
v -0.218754 2.826424 1.864551
v -0.246774 2.821962 2.192660
v -0.496415 2.563093 2.158649
v -0.251627 2.926849 1.175158
v -0.259823 2.987890 2.075554
v 0.002868 3.232373 2.161114
v 0.002868 3.167317 1.189223
v -0.273396 2.905474 0.504817
v -0.251627 2.926849 1.175158
v 0.002868 3.167317 1.189223
v 0.002868 3.167316 0.176536
v 0.257490 2.926855 1.175159
v 0.282909 2.901895 0.509147
v 0.002868 3.167316 0.176536
v 0.002868 3.167317 1.189223
v -0.547770 2.637705 -1.151015
v -0.577545 2.690820 -2.024622
v -0.542357 2.660342 -2.000827
v -0.538791 2.596109 -1.149419
v -0.247441 2.921988 -1.170665
v -0.258366 2.956456 -2.106924
v -0.259625 2.926981 -2.093737
v -0.271606 2.872672 -1.166981
v 0.571471 2.709011 -2.156379
v 0.570140 2.700498 -2.028989
v 0.560917 2.647517 -2.016634
v 0.562822 2.654592 -2.150894
v 0.263553 2.980288 -2.188370
v 0.263279 2.964190 -1.934250
v 0.269230 2.914774 -1.901323
v 0.260800 2.933434 -2.182291
v -0.271606 2.872672 -1.166981
v -0.277868 2.870708 -0.520338
v -0.263283 2.915759 -0.481122
v -0.247441 2.921988 -1.170665
v -0.538791 2.596109 -1.149419
v -0.549296 2.583124 -0.865148
v -0.574086 2.611729 -0.826313
v -0.547770 2.637705 -1.151015
v 0.262454 2.915777 -1.170058
v 0.266077 2.919050 -0.483077
v 0.284082 2.873041 -0.523025
v 0.291203 2.866137 -1.168981
v 0.561026 2.642212 -1.156848
v 0.547645 2.650991 -0.794577
v 0.538972 2.608684 -0.835130
v 0.548686 2.602105 -1.154841
v 0.529038 2.660206 1.160155
v 0.544264 2.716117 1.969561
v 0.536393 2.676741 2.006400
v 0.521202 2.617463 1.158285
v 0.257490 2.926855 1.175159
v 0.265709 2.988072 2.078152
v 0.277837 2.945170 2.064503
v 0.269900 2.884047 1.173285
v -0.541996 2.729317 2.160727
v -0.540765 2.724795 2.095263
v -0.531942 2.681777 2.078382
v -0.533343 2.687242 2.156571
v -0.260908 2.995970 2.194742
v -0.259823 2.987890 2.075554
v -0.272078 2.945032 2.062411
v -0.273220 2.953822 2.190578
v -0.251627 2.926849 1.175158
v -0.273396 2.905474 0.504817
v -0.283090 2.863971 0.543533
v -0.264159 2.884053 1.173285
v -0.523175 2.660201 1.160155
v -0.518533 2.664759 0.796041
v -0.511668 2.621493 0.836890
v -0.515462 2.617468 1.158285
v 0.269900 2.884047 1.173285
v 0.292005 2.860597 0.547615
v 0.282909 2.901895 0.509147
v 0.257490 2.926855 1.175159
v 0.521202 2.617463 1.158285
v 0.521441 2.617210 0.842072
v 0.529332 2.659918 0.801898
v 0.529038 2.660206 1.160155
v 2.859609 3.239977 -0.179756
v 1.927004 3.119730 -0.117990
v 1.914818 3.275771 0.002180
v 2.929016 3.395804 0.002180
v 1.927004 3.119730 -0.117990
v 2.859609 3.239977 -0.179756
v 2.874621 3.074389 0.002180
v 1.942016 2.954142 0.002180
v -2.884564 3.258531 -0.179756
v -2.953970 3.414358 0.002180
v -1.943835 3.303972 0.002180
v -1.959067 3.150471 -0.117990
v -1.959067 3.150471 -0.117990
v -1.974079 2.984883 0.002180
v -2.899575 3.092943 0.002180
v -2.884564 3.258531 -0.179756
v 2.859609 3.239977 0.184115
v 2.929016 3.395804 0.002180
v 1.914818 3.275771 0.002180
v 1.927004 3.119730 0.122349
v 1.927004 3.119730 0.122349
v 1.942016 2.954142 0.002180
v 2.874621 3.074389 0.002180
v 2.859609 3.239977 0.184115
v -2.884564 3.258531 0.184115
v -1.959067 3.150471 0.122349
v -1.943835 3.303972 0.002180
v -2.953970 3.414358 0.002180
v -1.959067 3.150471 0.122349
v -2.884564 3.258531 0.184115
v -2.899575 3.092943 0.002180
v -1.974079 2.984883 0.002180
v 0.191801 2.954484 2.388369
v 0.130035 2.834237 1.455764
v 0.009866 2.990278 1.443578
v 0.009866 3.110311 2.457776
v 0.130035 2.834237 1.455764
v 0.191801 2.954484 2.388369
v 0.009866 2.788897 2.403381
v 0.009866 2.668650 1.470776
v 0.191801 2.941571 -2.313061
v 0.009866 3.097398 -2.382468
v 0.009866 2.987013 -1.372332
v 0.130036 2.833511 -1.387565
v 0.130036 2.833511 -1.387565
v 0.009866 2.667923 -1.402577
v 0.009866 2.775983 -2.328073
v 0.191801 2.941571 -2.313061
v -0.172069 2.954484 2.388369
v 0.009866 3.110311 2.457776
v 0.009866 2.990278 1.443578
v -0.110304 2.834237 1.455764
v -0.110304 2.834237 1.455764
v 0.009866 2.668650 1.470776
v 0.009866 2.788897 2.403381
v -0.172069 2.954484 2.388369
v -0.172069 2.941571 -2.313061
v -0.110304 2.833511 -1.387565
v 0.009866 2.987013 -1.372332
v 0.009866 3.097398 -2.382468
v -0.110304 2.833511 -1.387565
v -0.172069 2.941571 -2.313061
v 0.009866 2.775983 -2.328073
v 0.009866 2.667923 -1.402577
v -1.174378 3.676901 0.324245
v -1.180691 3.991997 0.342381
v -1.182066 3.991705 -0.338156
v -1.173905 3.677062 -0.356293
v -1.173905 3.677062 -0.356293
v -1.182066 3.991705 -0.338156
v -0.503281 3.942908 -0.339506
v -0.494806 3.694372 -0.355799
v -0.494806 3.694372 -0.355799
v -0.503281 3.942908 -0.339506
v -0.501906 3.943199 0.341031
v -0.495280 3.694211 0.324738
v -0.495280 3.694211 0.324738
v -0.501906 3.943199 0.341031
v -1.180691 3.991997 0.342381
v -1.174378 3.676901 0.324245
v -1.151090 2.788812 -0.282494
v -0.585891 2.788812 -0.282494
v -0.585891 2.788812 0.282705
v -1.151090 2.788812 0.282705
v -0.650875 3.953823 0.192275
v -0.651648 3.953659 -0.190158
v -0.665655 3.758808 -0.190046
v -0.664883 3.758972 0.192387
v -1.032324 3.981245 0.193034
v -1.033097 3.981081 -0.189400
v -1.182066 3.991705 -0.338156
v -1.180691 3.991997 0.342381
v -1.033097 3.981081 -0.189400
v -0.651648 3.953659 -0.190158
v -0.503281 3.942908 -0.339506
v -1.182066 3.991705 -0.338156
v -0.651648 3.953659 -0.190158
v -0.650875 3.953823 0.192275
v -0.501906 3.943199 0.341031
v -0.503281 3.942908 -0.339506
v -0.650875 3.953823 0.192275
v -1.032324 3.981245 0.193034
v -1.180691 3.991997 0.342381
v -0.501906 3.943199 0.341031
v -0.665655 3.758808 -0.190046
v -1.047104 3.786230 -0.189288
v -1.046332 3.786394 0.193146
v -0.664883 3.758972 0.192387
v -1.033097 3.981081 -0.189400
v -1.032324 3.981245 0.193034
v -1.046332 3.786394 0.193146
v -1.047104 3.786230 -0.189288
v -1.032324 3.981245 0.193034
v -0.650875 3.953823 0.192275
v -0.664883 3.758972 0.192387
v -1.046332 3.786394 0.193146
v -0.651648 3.953659 -0.190158
v -1.033097 3.981081 -0.189400
v -1.047104 3.786230 -0.189288
v -0.665655 3.758808 -0.190046
v -0.585891 2.788812 0.282705
v -0.553624 3.603101 0.262867
v -1.117726 3.560734 0.261877
v -1.151090 2.788812 0.282705
v -0.585891 2.788812 -0.282494
v -0.552650 3.603434 -0.302331
v -0.553624 3.603101 0.262867
v -0.585891 2.788812 0.282705
v -1.151090 2.788812 -0.282494
v -1.116752 3.561067 -0.303321
v -0.552650 3.603434 -0.302331
v -0.585891 2.788812 -0.282494
v -1.151090 2.788812 0.282705
v -1.117726 3.560734 0.261877
v -1.116752 3.561067 -0.303321
v -1.151090 2.788812 -0.282494
v -0.553624 3.603101 0.262867
v -0.495280 3.694211 0.324738
v -1.174378 3.676901 0.324245
v -1.117726 3.560734 0.261877
v -0.552650 3.603434 -0.302331
v -0.494806 3.694372 -0.355799
v -0.495280 3.694211 0.324738
v -0.553624 3.603101 0.262867
v -1.116752 3.561067 -0.303321
v -1.173905 3.677062 -0.356293
v -0.494806 3.694372 -0.355799
v -0.552650 3.603434 -0.302331
v -1.117726 3.560734 0.261877
v -1.174378 3.676901 0.324245
v -1.173905 3.677062 -0.356293
v -1.116752 3.561067 -0.303321
v -1.969723 1.556585 0.005169
v -2.056408 1.555811 -0.000803
v -2.059054 1.554023 1.486408
v -1.969723 1.556092 1.470387
v -1.969723 1.371519 0.005169
v -1.969723 1.556585 0.005169
v -1.969723 1.556092 1.470387
v -1.969723 1.372013 1.470387
v -2.056408 1.372293 -0.000803
v -2.056408 1.555811 -0.000803
v -2.061188 1.557560 -1.455997
v -2.061188 1.370543 -1.455997
v -2.061188 1.370543 -1.455997
v -2.061188 1.557560 -1.455997
v -1.969723 1.557028 -1.308422
v -1.969723 1.371076 -1.308422
v -1.969723 1.371519 0.005169
v -1.969723 1.372013 1.470387
v -2.059054 1.374082 1.486408
v -2.056408 1.372293 -0.000803
v -2.059054 1.554023 1.486408
v -2.059054 1.374082 1.486408
v -1.969723 1.372013 1.470387
v -1.969723 1.556092 1.470387
v -1.969723 1.371076 -1.308422
v -1.969723 1.371519 0.005169
v -2.056408 1.372293 -0.000803
v -2.061188 1.370543 -1.455997
v -2.059054 1.374082 1.486408
v -2.059054 1.554023 1.486408
v -2.056408 1.555811 -0.000803
v -2.056408 1.372293 -0.000803
v -1.969723 1.371076 -1.308422
v -1.969723 1.557028 -1.308422
v -1.969723 1.557028 -1.308422
v -2.061188 1.557560 -1.455997
v -2.056408 1.555811 -0.000803
v -1.969723 1.556585 0.005169
v 2.478546 2.964837 0.773592
v 2.453630 2.893024 0.746873
v 2.616583 2.904772 0.749571
v 2.605518 2.974429 0.776213
v 2.514586 3.248712 0.406056
v 2.594369 3.479477 0.002180
v 0.839036 3.361610 0.002180
v 0.839036 3.128002 0.387450
v 2.514586 3.248712 0.406056
v 2.484002 3.181237 0.385798
v 2.649500 3.193128 0.387587
v 2.650367 3.258494 0.407564
v 2.328905 2.382694 1.495578
v 2.255507 2.606661 1.120685
v 0.836928 2.489972 1.072326
v 0.833575 2.268569 1.446001
v 2.328905 2.382694 1.495578
v 2.321099 2.335981 1.495671
v 2.494832 2.349724 1.503001
v 2.536379 2.398529 1.502456
v 2.288048 2.662835 1.129390
v 2.453630 2.893024 0.746873
v 0.837982 2.776546 0.720126
v 0.837456 2.554134 1.092203
v 2.288048 2.662835 1.129390
v 2.255507 2.606661 1.120685
v 2.547211 2.630656 1.130630
v 2.576025 2.684414 1.136772
v 2.478546 2.964837 0.773592
v 2.484002 3.181237 0.385798
v 0.839036 3.063048 0.368013
v 0.838505 2.840931 0.739735
v 2.445955 2.892470 -0.742386
v 2.378017 2.669576 -1.127337
v 0.837456 2.554134 -1.087844
v 0.837982 2.776545 -0.715767
v 2.362488 2.615461 -1.119973
v 2.378017 2.669576 -1.127337
v 2.576025 2.684414 -1.132413
v 2.547211 2.630656 -1.126270
v 2.365609 3.172731 -0.380159
v 2.466345 2.963914 -0.768981
v 0.838505 2.840931 -0.735376
v 0.839036 3.063048 -0.363653
v 2.445955 2.892470 -0.742386
v 2.466345 2.963914 -0.768981
v 2.605518 2.974429 -0.771854
v 2.616583 2.904772 -0.745211
v 2.594369 3.479477 0.002180
v 2.370772 3.238351 -0.400100
v 0.839036 3.128002 -0.383091
v 0.839036 3.361610 0.002180
v 2.365609 3.172731 -0.380159
v 2.370772 3.238351 -0.400100
v 2.650367 3.258493 -0.403205
v 2.649500 3.193128 -0.383228
v 2.362488 2.615461 -1.119973
v 2.291515 2.379840 -1.489978
v 0.833575 2.268568 -1.441641
v 0.836928 2.489971 -1.067966
v 2.275044 2.332337 -1.489369
v 2.291515 2.379840 -1.489978
v 2.536379 2.398528 -1.498097
v 2.494832 2.349723 -1.498641
v -2.361182 2.585250 -1.110361
v -2.404987 2.365223 -1.496805
v -2.552470 2.374764 -1.502062
v -2.586827 2.599998 -1.116369
v -2.441004 2.887875 -0.737659
v -2.457815 2.941005 -0.768099
v -0.839755 2.840733 -0.735086
v -0.839755 2.776120 -0.715231
v -2.623025 3.480978 0.002180
v -2.534290 3.242287 -0.395322
v -2.666150 3.251179 -0.396275
v -2.701665 3.486242 0.002180
v -2.441004 2.887875 -0.737659
v -2.376140 2.662292 -1.119519
v -2.593189 2.677931 -1.123867
v -2.626981 2.900855 -0.740264
v -2.514373 3.176759 -0.376048
v -2.534290 3.242287 -0.395322
v -0.839755 3.128020 -0.383069
v -0.839755 3.063030 -0.363675
v -2.376551 2.285170 -1.490891
v -2.404987 2.365223 -1.496805
v -0.839122 2.263921 -1.440992
v -0.610403 2.200763 -1.419770
v -2.361182 2.585250 -1.110361
v -2.376140 2.662292 -1.119519
v -0.839256 2.551557 -1.088731
v -0.838890 2.485756 -1.069828
v -2.514373 3.176759 -0.376048
v -2.457815 2.941005 -0.768099
v -2.626329 2.951448 -0.771537
v -2.663357 3.186877 -0.377148
v -2.474660 3.238266 0.399250
v -2.454108 3.172667 0.379961
v -0.839755 3.063030 0.368035
v -0.839755 3.128020 0.387428
v -2.154166 2.348997 1.492225
v -2.145514 2.274129 1.485947
v -0.610403 2.200764 1.424129
v -0.839122 2.263922 1.445352
v -2.509948 2.059086 1.899849
v -2.331991 2.164094 1.697736
v -2.145514 2.274129 1.485947
v -2.545179 2.293230 1.502041
v -2.251239 2.653293 1.121376
v -2.120067 2.569492 1.108300
v -0.838890 2.485756 1.074187
v -0.839256 2.551558 1.093091
v -2.474660 3.238266 0.399250
v -2.623025 3.480978 0.002180
v -2.701665 3.486242 0.002180
v -2.666150 3.251179 0.400635
v -2.307567 2.931695 0.769393
v -2.454108 3.172667 0.379961
v -2.663357 3.186877 0.381507
v -2.626329 2.951448 0.775896
v -2.251239 2.653293 1.121376
v -2.374861 2.883260 0.741092
v -2.626981 2.900856 0.744623
v -2.593189 2.677931 1.128226
v -2.307567 2.931695 0.769393
v -2.374861 2.883260 0.741092
v -0.839755 2.776121 0.719590
v -0.839755 2.840733 0.739446
v -0.785473 1.972371 1.820750
v -1.714947 2.080570 1.758780
v -2.331991 2.164094 1.697736
v -2.509948 2.059086 1.899849
v 0.265709 2.988072 2.078152
v 0.002868 3.232373 2.161114
v 0.002868 3.236762 2.226671
v 0.266771 2.995976 2.194743
v 0.536393 2.676741 2.006400
v 0.544264 2.716117 1.969561
v 0.547859 2.729322 2.160727
v 0.539083 2.687237 2.156571
v 0.277837 2.945170 2.064503
v 0.265709 2.988072 2.078152
v 0.266771 2.995976 2.194743
v 0.278960 2.953816 2.190577
v 0.544264 2.716117 1.969561
v 0.277837 2.945170 2.064503
v 0.278960 2.953816 2.190577
v 0.547859 2.729322 2.160727
v 0.774572 2.413904 1.799819
v 0.536393 2.676741 2.006400
v 0.539083 2.687237 2.156571
v 0.783345 2.436912 2.124638
v -0.272078 2.945032 2.062411
v -0.259823 2.987890 2.075554
v -0.251627 2.926849 1.175158
v -0.264159 2.884053 1.173285
v 0.002868 3.232373 2.161114
v -0.259823 2.987890 2.075554
v -0.260908 2.995970 2.194742
v 0.002868 3.236762 2.226671
v -0.272078 2.945032 2.062411
v -0.540765 2.724795 2.095263
v -0.541996 2.729317 2.160727
v -0.273220 2.953822 2.190578
v -0.531942 2.681777 2.078382
v -0.676276 2.525370 1.981098
v -0.777609 2.436912 2.124638
v -0.533343 2.687242 2.156571
v -0.531942 2.681777 2.078382
v -0.540765 2.724795 2.095263
v -0.523175 2.660201 1.160155
v -0.515462 2.617468 1.158285
v 0.560917 2.647517 -2.016634
v 0.797409 2.396150 -1.754323
v 0.819238 2.414613 -2.121230
v 0.562822 2.654592 -2.150894
v 0.269230 2.914774 -1.901323
v 0.570140 2.700498 -2.028989
v 0.571471 2.709011 -2.156379
v 0.260800 2.933434 -2.182291
v 0.560917 2.647517 -2.016634
v 0.570140 2.700498 -2.028989
v 0.561026 2.642212 -1.156848
v 0.548686 2.602105 -1.154841
v 0.007305 3.201857 -2.122085
v 0.263279 2.964190 -1.934250
v 0.263553 2.980288 -2.188370
v 0.008024 3.208542 -2.219726
v 0.269230 2.914774 -1.901323
v 0.263279 2.964190 -1.934250
v 0.262454 2.915777 -1.170058
v 0.291203 2.866137 -1.168981
v -0.577545 2.690820 -2.024622
v -0.259625 2.926981 -2.093737
v -0.258442 2.932346 -2.185271
v -0.592142 2.672515 -2.145458
v -0.842940 2.377138 -2.107624
v -0.704069 2.486537 -1.855464
v -0.542357 2.660342 -2.000827
v -0.542981 2.671567 -2.149604
v -0.259625 2.926981 -2.093737
v -0.258366 2.956456 -2.106924
v -0.259295 2.959388 -2.186555
v -0.258442 2.932346 -2.185271
v -0.258366 2.956456 -2.106924
v 0.007305 3.201857 -2.122085
v 0.008024 3.208542 -2.219726
v -0.259295 2.959388 -2.186555
v -0.542357 2.660342 -2.000827
v -0.577545 2.690820 -2.024622
v -0.592142 2.672515 -2.145458
v -0.542981 2.671567 -2.149604
v 2.233037 1.470398 -0.365930
v 2.210633 3.311262 0.002181
v 2.231809 1.563398 0.002182
v 2.323208 2.066229 -1.548820
v 2.235451 1.246649 -0.550848
v 2.239740 0.993764 -0.621646
v 2.254493 -0.000000 -0.645885
v 2.254493 -0.000000 -1.488572
v 2.254493 0.000000 1.492936
v 2.210633 3.311262 0.002181
v 2.323208 2.066230 1.553183
v 2.239740 0.993764 0.626010
v 2.254493 0.000000 0.650249
v 2.235451 1.246649 0.555211
v 2.233037 1.470399 0.370293
v 2.231809 1.563398 0.002182
v -2.507375 1.915279 -1.783167
v -0.609554 1.963523 -1.808321
v -0.608349 1.825080 -1.699716
v -2.509948 2.059085 -1.895489
v -0.974453 1.981872 -1.825058
v 0.649940 1.968544 -1.804812
v 2.514405 1.960400 -1.746695
v 0.648524 1.835379 -1.692817
v 0.828597 1.980511 -1.810772
v 2.515886 2.093539 -1.867059
v 1.986958 -0.000000 -0.621378
v 1.964275 1.561491 0.002180
v 1.986958 0.000000 0.002181
v 1.965502 1.468492 -0.365931
v 1.967916 1.244742 -0.550849
v 1.972205 0.991857 -0.621648
v -2.507375 1.915279 -1.783167
v -2.552185 2.231458 -1.396865
v -2.553210 2.224788 -1.411057
v -2.666311 3.084634 -0.333653
v -2.014241 3.311262 0.002180
v -2.701665 3.352837 0.002180
v -2.663297 3.061669 -0.362449
v -2.627228 2.796121 -0.691691
v -2.626511 2.782395 -0.712226
v -2.587837 2.506437 -1.050725
v -2.587005 2.492432 -1.071371
v -2.122039 2.047507 -1.565182
v -2.095715 2.353126 -1.185866
v -0.610403 2.200763 -1.419770
v -2.277948 2.105666 -1.784728
v -2.376551 2.285170 -1.490891
v -1.654545 2.128890 -1.662330
v -0.974453 1.981872 -1.825058
v -0.609554 1.963523 -1.808321
v -0.609554 1.963524 1.812681
v -2.507375 1.915280 1.787527
v -0.608349 1.825081 1.704076
v -2.509948 2.059086 1.899849
v -0.785473 1.972371 1.820750
v 2.514405 1.960401 1.751055
v 0.649940 1.968545 1.809172
v 0.648524 1.835380 1.697177
v 0.895591 1.985000 1.817366
v 2.515886 2.093540 1.871419
v 1.986958 0.000000 0.625739
v 1.967916 1.244743 0.555210
v 1.972205 0.991858 0.626008
v 1.986958 0.000000 0.002181
v 1.965502 1.468492 0.370291
v 1.964275 1.561491 0.002180
v -2.014241 3.311262 0.002180
v -2.666311 3.084634 0.338013
v -2.701665 3.352837 0.002180
v -2.663297 3.061669 0.366808
v -2.627228 2.796121 0.696051
v -2.626511 2.782396 0.716585
v -2.587837 2.506438 1.055085
v -2.587005 2.492433 1.075731
v -2.552185 2.231459 1.401225
v -2.507375 1.915280 1.787527
v -2.122039 2.047508 1.569541
v -2.095715 2.353127 1.190226
v -2.553210 2.224789 1.415417
v 2.515886 2.093540 1.871419
v 1.833906 2.120712 1.729714
v 0.895591 1.985000 1.817366
v 2.321099 2.335981 1.495671
v 2.494832 2.349724 1.503001
v -1.714947 2.080570 1.758780
v -2.145514 2.274129 1.485947
v -2.331991 2.164094 1.697736
v -0.610403 2.200764 1.424129
v -0.785473 1.972371 1.820750
v -0.609554 1.963524 1.812681
v -0.839122 2.263922 1.445352
v -2.027325 2.420923 1.348678
v -2.154166 2.348997 1.492225
v -0.838890 2.485756 1.074187
v -2.120067 2.569492 1.108300
v 0.276963 2.792952 -2.187446
v 0.529924 2.654251 -2.152730
v 0.550996 2.525180 -2.154763
v 0.571471 2.709011 -2.156379
v 0.273371 2.914123 -2.186199
v 0.260800 2.933434 -2.182291
v 0.756329 2.219459 -1.140772
v 0.797409 2.396150 -1.754323
v 0.760858 2.365236 -1.139990
v 0.824591 2.263539 -2.122706
v 0.819238 2.414613 -2.121230
v 0.728917 2.234778 1.144219
v 0.783345 2.436912 2.124638
v 0.751792 2.304223 2.124638
v 0.774572 2.413904 1.799819
v 0.756868 2.367467 1.144219
v -0.246774 2.821962 2.192660
v -0.513588 2.677742 2.158649
v -0.496415 2.563093 2.158649
v -0.541996 2.729317 2.160727
v -0.273220 2.953822 2.190578
v -0.255435 2.943986 2.192660
v -0.758104 2.385754 1.402386
v -0.746057 2.304223 2.124638
v -0.777609 2.436912 2.124638
v -0.723182 2.234778 1.144219
v -0.751132 2.367467 1.144219
v -0.842940 2.377138 -2.107624
v -0.532160 2.518144 -2.146033
v -0.820600 2.236021 -2.105840
v -0.542981 2.671567 -2.149604
v -0.529067 2.649371 -2.149744
v -0.529067 2.649371 -2.149744
v -0.271367 2.773247 -2.180685
v -0.532160 2.518144 -2.146033
v -0.592142 2.672515 -2.145458
v -0.278899 2.895688 -2.180836
v -0.258442 2.932346 -2.185271
v 0.550996 2.525180 -2.154763
v 0.819238 2.414613 -2.121230
v 0.824591 2.263539 -2.122706
v 0.562822 2.654592 -2.150894
v 0.529924 2.654251 -2.152730
v -0.000349 3.056464 -2.219357
v 0.273371 2.914123 -2.186199
v 0.276963 2.792952 -2.187446
v 0.263553 2.980288 -2.188370
v 0.008024 3.208542 -2.219726
v 0.261170 2.943986 2.192660
v 0.002868 3.080832 2.226671
v 0.252509 2.821962 2.192660
v 0.266771 2.995976 2.194743
v 0.002868 3.236762 2.226671
v 0.783345 2.436912 2.124638
v 0.502151 2.563093 2.158649
v 0.751792 2.304223 2.124638
v 0.539083 2.687237 2.156571
v 0.519323 2.677742 2.158649
v 0.519323 2.677742 2.158649
v 0.252509 2.821962 2.192660
v 0.502151 2.563093 2.158649
v 0.547859 2.729322 2.160727
v 0.278960 2.953816 2.190577
v 0.261170 2.943986 2.192660
v -0.676276 2.525370 1.981098
v -0.751132 2.367467 1.144219
v -0.758104 2.385754 1.402386
v -0.515462 2.617468 1.158285
v -0.531942 2.681777 2.078382
v -0.496415 2.563093 2.158649
v -0.777609 2.436912 2.124638
v -0.746057 2.304223 2.124638
v -0.533343 2.687242 2.156571
v -0.513588 2.677742 2.158649
v 0.002868 3.080832 2.226671
v -0.255435 2.943986 2.192660
v -0.246774 2.821962 2.192660
v -0.260908 2.995970 2.194742
v 0.002868 3.236762 2.226671
v -0.278899 2.895688 -2.180836
v -0.000349 3.056464 -2.219357
v -0.271367 2.773247 -2.180685
v -0.259295 2.959388 -2.186555
v 0.008024 3.208542 -2.219726
v 0.649940 1.968545 1.809172
v 2.321099 2.335981 1.495671
v 0.647076 2.203562 1.425044
v 0.895591 1.985000 1.817366
v 1.833906 2.120712 1.729714
v 2.275044 2.332337 -1.489369
v 0.649940 1.968544 -1.804812
v 0.647076 2.203561 -1.420685
v 0.828597 1.980511 -1.810772
v 2.226197 2.226690 -1.632387
v -2.376551 2.285170 -1.490891
v -2.509948 2.059085 -1.895489
v -2.545179 2.293229 -1.497682
v -2.277948 2.105666 -1.784728
v -0.974453 1.981872 -1.825058
v -1.654545 2.128890 -1.662330
v -2.552470 2.374765 1.506422
v -2.120067 2.569492 1.108300
v -2.586827 2.599998 1.120728
v -2.154166 2.348997 1.492225
v -2.027325 2.420923 1.348678
vn -0.0000 -1.0000 -0.0000
vn 0.7446 0.6675 0.0089
vn 0.7277 0.6859 -0.0000
vn -0.7277 0.6859 -0.0000
vn 0.1234 0.0510 0.9910
vn 0.0849 0.0469 0.9953
vn 0.4220 0.0922 0.9019
vn 0.0565 -0.1090 -0.9924
vn 0.1462 -0.0553 0.9877
vn 0.1658 -0.1311 0.9774
vn -0.1460 -0.0549 0.9878
vn -0.1656 -0.1306 0.9775
vn 0.9602 -0.1625 -0.2271
vn -0.9602 -0.1625 -0.2271
vn 0.9602 -0.1625 0.2271
vn -0.9602 -0.1625 0.2271
vn 0.2271 -0.1625 0.9602
vn 0.2271 -0.1625 -0.9602
vn -0.2271 -0.1625 0.9602
vn -0.2271 -0.1625 -0.9602
vn -0.0740 0.8254 -0.5596
vn -0.7096 0.7012 -0.0688
vn -0.7071 0.7049 0.0561
vn -0.7218 0.6893 0.0620
vn 0.0363 0.0063 0.9993
vn -0.0094 -0.0221 -0.9997
vn -0.0095 -0.0221 -0.9997
vn 0.0108 -0.0220 -0.9997
vn 0.0109 -0.0221 -0.9997
vn -0.0000 -0.0151 -0.9999
vn 0.0069 -0.9695 0.2450
vn 0.0019 -0.2696 0.9630
vn 0.0045 -0.6370 0.7708
vn 0.0002 -0.0244 0.9997
vn -0.0000 -0.0244 0.9997
vn -0.9993 0.0005 0.0362
vn -0.9985 -0.0240 0.0489
vn 0.0363 0.0063 -0.9993
vn -0.0094 -0.0221 0.9997
vn -0.0095 -0.0221 0.9997
vn 0.0109 -0.0221 0.9997
vn -0.0000 -0.0151 0.9999
vn 0.0069 -0.9695 -0.2450
vn 0.0019 -0.2696 -0.9630
vn 0.0045 -0.6370 -0.7708
vn -0.0000 -0.0244 -0.9997
vn 0.0002 -0.0244 -0.9997
vn -0.9993 0.0005 -0.0362
vn -0.9985 -0.0240 -0.0489
vn -0.0030 0.9989 -0.0473
vn -0.0030 0.9989 -0.0471
vn 0.9999 -0.0141 0.0082
vn 0.9999 -0.0142 0.0083
vn -0.0154 -0.0808 -0.9966
vn 0.0154 0.0808 0.9966
vn -0.0385 -0.9956 0.0859
vn 0.9996 -0.0250 -0.0134
vn -0.9997 0.0218 0.0137
vn -0.0644 0.9947 -0.0796
vn -0.0647 0.9947 -0.0795
vn 0.0232 -0.9944 0.1027
vn 0.0232 -0.9944 0.1026
vn -0.0749 -0.0307 -0.9967
vn -0.0748 -0.0307 -0.9967
vn 0.9963 0.0854 -0.0099
vn 0.9963 0.0855 -0.0099
vn -0.9997 -0.0137 0.0218
vn -0.0009 0.9973 -0.0728
vn -0.0172 -0.9964 0.0828
vn -0.0938 0.0261 -0.9953
vn -0.0938 0.0260 -0.9953
vn 1.0000 0.0054 -0.0061
vn -0.9987 0.0493 0.0148
vn 0.0082 0.9999 -0.0092
vn 0.0082 0.9999 -0.0093
vn 0.0083 0.9999 -0.0092
vn -0.0030 -0.9966 0.0818
vn -0.0031 -0.9966 0.0819
vn 0.9988 0.0036 -0.0481
vn 0.9988 0.0035 -0.0484
vn -1.0000 0.0048 -0.0003
vn -1.0000 0.0048 -0.0000
vn -0.0128 -0.0265 -0.9996
vn 0.0122 0.0263 0.9996
vn -0.0222 0.9958 -0.0891
vn -0.0222 0.9958 -0.0892
vn -0.1095 0.0395 -0.9932
vn -0.0000 0.0287 0.9996
vn 0.0001 0.0284 0.9996
vn 0.0002 0.0280 0.9996
vn -0.0857 -0.0645 -0.9942
vn -0.0857 -0.0646 -0.9942
vn -0.0057 -1.0000 -0.0000
vn -0.0058 -1.0000 0.0003
vn 0.0046 0.0167 0.9998
vn -0.1089 0.0092 -0.9940
vn -0.1090 0.0092 -0.9940
vn -0.0763 -0.0827 -0.9936
vn -0.0764 -0.0827 -0.9936
vn 0.0054 -0.0473 -0.9989
vn 0.0054 -0.0472 -0.9989
vn -0.0718 -0.0472 -0.9963
vn 0.0074 -0.9989 0.0468
vn 0.0074 -0.9989 0.0473
vn -0.9972 0.0213 0.0716
vn 0.0167 0.0046 -0.9999
vn 0.0167 0.0046 -0.9998
vn -0.9997 0.0254 -0.0000
vn 0.9996 -0.0267 -0.0000
vn 0.0030 0.9989 -0.0471
vn 0.0030 0.9989 -0.0473
vn -0.9999 -0.0141 0.0082
vn -0.9999 -0.0142 0.0083
vn 0.0154 -0.0808 -0.9966
vn -0.0154 0.0808 0.9966
vn 0.0385 -0.9956 0.0859
vn -0.9996 -0.0250 -0.0134
vn 0.9997 0.0218 0.0137
vn 0.0647 0.9947 -0.0795
vn 0.0644 0.9947 -0.0796
vn -0.0232 -0.9944 0.1027
vn -0.0232 -0.9944 0.1026
vn 0.0749 -0.0307 -0.9967
vn 0.0748 -0.0307 -0.9967
vn -0.9963 0.0854 -0.0099
vn -0.9963 0.0855 -0.0099
vn 0.9997 -0.0137 0.0218
vn 0.0012 0.9974 -0.0727
vn 0.0009 0.9973 -0.0728
vn 0.0172 -0.9964 0.0828
vn 0.0171 -0.9964 0.0828
vn 0.0938 0.0261 -0.9953
vn 0.0938 0.0260 -0.9953
vn 0.0938 0.0261 -0.9952
vn -1.0000 0.0054 -0.0061
vn 0.9987 0.0493 0.0148
vn -0.0083 0.9999 -0.0091
vn -0.0082 0.9999 -0.0093
vn -0.0082 0.9999 -0.0092
vn 0.0030 -0.9966 0.0818
vn 0.0031 -0.9966 0.0819
vn -0.9988 0.0035 -0.0484
vn -0.9988 0.0036 -0.0481
vn 1.0000 0.0048 -0.0000
vn 1.0000 0.0048 -0.0003
vn 0.0128 -0.0265 -0.9996
vn -0.0122 0.0263 0.9996
vn 0.0222 0.9958 -0.0891
vn 0.0222 0.9958 -0.0892
vn 0.1095 0.0395 -0.9932
vn -0.0001 0.0284 0.9996
vn -0.0002 0.0280 0.9996
vn 0.0857 -0.0645 -0.9942
vn 0.0857 -0.0646 -0.9942
vn 0.0058 -1.0000 0.0003
vn -0.0046 0.0167 0.9998
vn -0.0046 0.0168 0.9998
vn 0.1089 0.0092 -0.9940
vn 0.1090 0.0092 -0.9940
vn 0.0763 -0.0827 -0.9936
vn 0.0764 -0.0827 -0.9936
vn -0.0054 -0.0473 -0.9989
vn -0.0054 -0.0472 -0.9989
vn 0.0718 -0.0472 -0.9963
vn -0.0074 -0.9989 0.0473
vn -0.0074 -0.9989 0.0468
vn 0.9972 0.0213 0.0716
vn -0.0196 0.0132 -0.9997
vn -0.0197 0.0132 -0.9997
vn -0.9992 -0.0398 -0.0000
vn -0.0030 0.9989 0.0471
vn -0.0030 0.9989 0.0473
vn 0.9999 -0.0141 -0.0082
vn 0.9999 -0.0142 -0.0083
vn -0.0154 -0.0808 0.9966
vn 0.0154 0.0808 -0.9966
vn -0.0385 -0.9956 -0.0859
vn 0.9996 -0.0250 0.0134
vn -0.9997 0.0218 -0.0137
vn -0.0644 0.9947 0.0797
vn -0.0648 0.9947 0.0794
vn 0.0232 -0.9944 -0.1027
vn 0.0232 -0.9944 -0.1026
vn -0.0749 -0.0307 0.9967
vn -0.0748 -0.0307 0.9967
vn 0.9963 0.0854 0.0099
vn 0.9963 0.0855 0.0099
vn -0.9997 -0.0137 -0.0218
vn -0.0012 0.9974 0.0727
vn -0.0009 0.9973 0.0728
vn -0.0172 -0.9964 -0.0828
vn -0.0171 -0.9964 -0.0828
vn -0.0938 0.0261 0.9953
vn -0.0938 0.0260 0.9953
vn -0.0938 0.0261 0.9952
vn 1.0000 0.0054 0.0061
vn -0.9987 0.0493 -0.0148
vn 0.0083 0.9999 0.0091
vn 0.0083 0.9999 0.0092
vn 0.0082 0.9999 0.0093
vn 0.0082 0.9999 0.0092
vn -0.0031 -0.9966 -0.0818
vn -0.0030 -0.9966 -0.0818
vn -0.0031 -0.9966 -0.0819
vn 0.9988 0.0035 0.0484
vn 0.9988 0.0036 0.0481
vn -1.0000 0.0048 0.0003
vn -0.0128 -0.0265 0.9996
vn 0.0122 0.0263 -0.9996
vn -0.0222 0.9958 0.0891
vn -0.0222 0.9958 0.0892
vn -0.1095 0.0395 0.9932
vn 0.0002 0.0282 -0.9996
vn 0.0001 0.0283 -0.9996
vn 0.0001 0.0284 -0.9996
vn 0.0001 0.0285 -0.9996
vn -0.0857 -0.0645 0.9942
vn -0.0857 -0.0646 0.9942
vn -0.0058 -1.0000 -0.0003
vn 0.0046 0.0167 -0.9998
vn 0.0046 0.0168 -0.9998
vn -0.1089 0.0092 0.9940
vn -0.1090 0.0092 0.9940
vn -0.0763 -0.0827 0.9936
vn -0.0764 -0.0827 0.9936
vn 0.0054 -0.0472 0.9989
vn 0.0054 -0.0473 0.9989
vn -0.0718 -0.0472 0.9963
vn 0.0074 -0.9989 -0.0473
vn 0.0074 -0.9989 -0.0468
vn -0.9972 0.0213 -0.0716
vn 0.0167 0.0046 0.9999
vn 0.0167 0.0046 0.9998
vn 0.0030 0.9989 0.0473
vn 0.0030 0.9989 0.0471
vn -0.9999 -0.0141 -0.0082
vn -0.9999 -0.0142 -0.0083
vn 0.0154 -0.0808 0.9966
vn -0.0154 0.0808 -0.9966
vn 0.0385 -0.9956 -0.0859
vn -0.9996 -0.0250 0.0134
vn 0.9997 0.0218 -0.0137
vn 0.0648 0.9947 0.0794
vn 0.0644 0.9947 0.0797
vn -0.0232 -0.9944 -0.1027
vn -0.0232 -0.9944 -0.1026
vn 0.0749 -0.0307 0.9967
vn 0.0748 -0.0307 0.9967
vn -0.9963 0.0854 0.0099
vn -0.9963 0.0855 0.0099
vn 0.9997 -0.0137 -0.0218
vn 0.0012 0.9974 0.0726
vn 0.0012 0.9974 0.0727
vn 0.0172 -0.9964 -0.0828
vn 0.0938 0.0261 0.9953
vn 0.0938 0.0260 0.9953
vn -1.0000 0.0054 0.0061
vn 0.9987 0.0493 -0.0148
vn -0.0083 0.9999 0.0091
vn -0.0082 0.9999 0.0092
vn -0.0082 0.9999 0.0093
vn -0.0083 0.9999 0.0092
vn 0.0031 -0.9966 -0.0818
vn 0.0031 -0.9966 -0.0819
vn -0.9988 0.0036 0.0481
vn -0.9988 0.0035 0.0484
vn 1.0000 0.0048 0.0003
vn 0.0128 -0.0265 0.9996
vn 0.0128 -0.0266 0.9996
vn -0.0122 0.0263 -0.9996
vn 0.0222 0.9958 0.0891
vn 0.0222 0.9958 0.0892
vn 0.1095 0.0395 0.9932
vn -0.0000 0.0287 -0.9996
vn -0.0001 0.0284 -0.9996
vn -0.0002 0.0280 -0.9996
vn 0.0857 -0.0645 0.9942
vn 0.0857 -0.0646 0.9942
vn 0.0057 -1.0000 -0.0000
vn 0.0058 -1.0000 -0.0003
vn -0.0046 0.0167 -0.9998
vn 0.1089 0.0092 0.9940
vn 0.1090 0.0092 0.9940
vn 0.0763 -0.0827 0.9936
vn 0.0764 -0.0827 0.9936
vn -0.0054 -0.0473 0.9989
vn -0.0054 -0.0472 0.9989
vn 0.0718 -0.0472 0.9963
vn -0.0074 -0.9989 -0.0468
vn -0.0074 -0.9989 -0.0473
vn 0.9972 0.0213 -0.0716
vn -0.0196 0.0132 0.9997
vn -0.0197 0.0132 0.9997
vn 0.0719 -0.9974 -0.0000
vn -0.0397 -0.9992 -0.0000
vn -0.0282 0.0160 -0.9995
vn -0.0283 0.0160 -0.9995
vn -1.0000 -0.0027 -0.0000
vn -0.0282 0.0160 0.9995
vn -0.0283 0.0160 0.9995
vn 0.0167 0.9999 0.0027
vn 0.0168 0.9999 0.0027
vn -0.9999 -0.0000 0.0153
vn 0.9999 -0.0000 -0.0161
vn 0.0177 -0.9998 0.0027
vn -0.0491 0.5925 -0.8041
vn 0.4897 0.0109 -0.8718
vn -0.9998 -0.0223 -0.0000
vn 0.9999 0.0145 -0.0000
vn 0.4897 0.0109 0.8718
vn -0.0098 0.9695 -0.2450
vn -0.0028 0.2733 -0.9619
vn -0.0067 0.6590 -0.7521
vn -0.0056 0.0072 -1.0000
vn -0.0057 0.0072 -1.0000
vn 0.0049 -0.9598 0.2805
vn 0.0016 -0.3089 0.9511
vn 0.0030 -0.5817 0.8134
vn 0.0001 -0.0167 0.9999
vn -0.0000 -0.0167 0.9999
vn 0.9999 0.0109 0.0008
vn 0.9999 0.0105 0.0009
vn -0.6903 0.4474 -0.5685
vn -0.6904 0.4474 -0.5685
vn -0.6903 0.4474 -0.5686
vn 1.0000 0.0088 0.0027
vn 1.0000 0.0087 0.0027
vn 0.9999 0.0169 -0.0006
vn -0.6517 0.7315 -0.2006
vn -0.6516 0.7315 -0.2006
vn -0.8535 0.0350 -0.5200
vn -0.8535 0.0350 -0.5199
vn 0.9998 0.0168 0.0050
vn 0.9998 0.0167 0.0050
vn 0.9998 0.0166 0.0051
vn -0.6789 0.2007 -0.7063
vn -0.6789 0.2008 -0.7062
vn -0.0098 0.9695 0.2450
vn -0.0028 0.2733 0.9619
vn -0.0067 0.6590 0.7521
vn -0.0057 0.0072 1.0000
vn -0.0056 0.0072 1.0000
vn 0.0049 -0.9598 -0.2805
vn 0.0016 -0.3089 -0.9511
vn 0.0030 -0.5817 -0.8134
vn -0.0000 -0.0167 -0.9999
vn 0.0001 -0.0167 -0.9999
vn 0.9999 0.0105 -0.0009
vn 0.9999 0.0109 -0.0008
vn -0.6903 0.4474 0.5685
vn -0.6903 0.4474 0.5686
vn -0.6904 0.4474 0.5685
vn 1.0000 0.0088 -0.0027
vn 1.0000 0.0087 -0.0027
vn 0.9999 0.0169 0.0006
vn -0.6517 0.7315 0.2006
vn -0.8535 0.0350 0.5200
vn -0.8535 0.0350 0.5199
vn 0.9998 0.0168 -0.0050
vn 0.9998 0.0166 -0.0051
vn 0.9998 0.0167 -0.0050
vn -0.6788 0.2007 0.7064
vn -0.6789 0.2008 0.7062
vn -0.6789 0.2007 0.7063
vn 0.0628 0.8578 -0.5101
vn 0.0628 0.8579 -0.5100
vn -0.0690 -0.8165 0.5732
vn -0.0690 -0.8165 0.5733
vn -0.9966 -0.0442 -0.0694
vn -0.9966 -0.0443 -0.0694
vn -0.9966 -0.0442 -0.0695
vn 0.9983 0.0222 -0.0542
vn -0.9962 -0.0251 -0.0833
vn 0.0848 -0.7711 0.6311
vn 0.0849 -0.7710 0.6312
vn 0.0763 -0.8182 0.5698
vn 0.0763 -0.8183 0.5698
vn 0.0070 -0.7788 0.6272
vn 0.0071 -0.7788 0.6272
vn -0.0021 0.8594 -0.5114
vn -0.0021 0.8593 -0.5115
vn -0.0021 0.8594 -0.5113
vn -0.0007 0.8577 -0.5142
vn -0.0007 0.8577 -0.5141
vn -0.0001 0.8583 -0.5132
vn -0.0000 0.8584 -0.5129
vn -0.0000 0.8551 -0.5185
vn -0.0845 0.8470 -0.5248
vn -0.0844 0.8470 -0.5248
vn -0.0745 0.8693 -0.4886
vn -0.0705 0.8719 -0.4846
vn -0.0657 0.8723 -0.4846
vn -0.0656 0.8723 -0.4846
vn 0.0684 -0.7790 0.6233
vn 0.0684 -0.7789 0.6233
vn 0.0685 -0.7789 0.6234
vn 0.0810 -0.7957 0.6003
vn 0.1436 -0.8013 0.5808
vn 0.1437 -0.8013 0.5808
vn 0.0594 0.8577 -0.5107
vn 0.0594 0.8577 -0.5108
vn 0.9937 0.0058 -0.1116
vn 0.9942 -0.0647 -0.0858
vn 0.9942 -0.0648 -0.0858
vn 0.9859 -0.1604 -0.0486
vn 0.9858 -0.1604 -0.0486
vn 0.9857 -0.1608 -0.0501
vn 0.9980 0.0105 0.0623
vn 0.9980 0.0104 0.0623
vn -0.9963 -0.0438 -0.0740
vn -0.9963 -0.0437 -0.0740
vn -0.9968 -0.0415 -0.0686
vn -0.9963 -0.0171 -0.0844
vn -0.9963 -0.0171 -0.0845
vn -0.0886 0.8154 -0.5721
vn 0.0717 0.8598 -0.5056
vn 0.0695 0.8596 -0.5062
vn 0.0003 -0.3125 -0.9499
vn 0.0014 -0.2859 -0.9582
vn -0.0002 -0.2925 -0.9563
vn -0.0002 -0.2926 -0.9562
vn -0.0000 -0.2864 -0.9581
vn -0.0000 -0.2863 -0.9581
vn -0.0265 -0.1419 -0.9895
vn -0.0116 -0.2230 -0.9748
vn -0.0116 -0.2229 -0.9748
vn 0.0062 -0.3229 -0.9464
vn 0.0103 -0.2891 -0.9572
vn 0.0598 -0.9082 0.4143
vn 0.0598 -0.9082 0.4142
vn 0.1906 -0.3217 0.9275
vn 0.0958 -0.8541 0.5113
vn 0.0957 -0.8540 0.5113
vn 0.0958 -0.8540 0.5113
vn -0.0335 -0.9172 0.3969
vn -0.0336 -0.9173 0.3969
vn -0.0336 -0.9172 0.3969
vn 0.8657 -0.1039 -0.4897
vn 0.8657 -0.1040 -0.4897
vn 0.8656 -0.1039 -0.4898
vn 0.6634 0.2375 0.7096
vn 0.6633 0.2376 0.7096
vn 0.6633 0.2375 0.7096
vn 0.9780 -0.1595 -0.1344
vn 0.9780 -0.1594 -0.1344
vn 0.6151 -0.4473 -0.6493
vn -0.9927 -0.0588 -0.1050
vn -0.9925 -0.0627 -0.1046
vn -0.9925 -0.0627 -0.1047
vn -0.9999 -0.0029 -0.0114
vn -0.9835 -0.0460 -0.1750
vn -0.9835 -0.0461 -0.1751
vn 0.0349 -0.0558 -0.9978
vn 0.0161 -0.1047 -0.9944
vn -0.0193 -0.5134 -0.8579
vn -0.0193 -0.5135 -0.8579
vn -0.0123 -0.2856 -0.9583
vn 0.2335 -0.7174 0.6563
vn 0.2334 -0.7175 0.6563
vn 0.2335 -0.7175 0.6563
vn 0.0627 0.8577 0.5102
vn 0.0628 0.8578 0.5102
vn -0.0690 -0.8165 -0.5732
vn -0.0690 -0.8165 -0.5733
vn -0.9966 -0.0443 0.0694
vn -0.9966 -0.0442 0.0694
vn -0.9966 -0.0442 0.0695
vn 0.9983 0.0222 0.0542
vn -0.9962 -0.0251 0.0833
vn 0.0848 -0.7711 -0.6311
vn 0.0849 -0.7710 -0.6312
vn 0.0763 -0.8182 -0.5698
vn 0.0763 -0.8183 -0.5698
vn 0.0070 -0.7788 -0.6273
vn 0.0070 -0.7788 -0.6272
vn 0.0071 -0.7788 -0.6272
vn -0.0021 0.8593 0.5114
vn -0.0021 0.8594 0.5114
vn -0.0021 0.8594 0.5113
vn -0.0007 0.8577 0.5141
vn -0.0007 0.8576 0.5142
vn -0.0007 0.8576 0.5143
vn -0.0000 0.8584 0.5129
vn -0.0002 0.8581 0.5136
vn -0.0000 0.8551 0.5185
vn -0.0852 0.8471 0.5245
vn -0.0854 0.8471 0.5246
vn -0.0753 0.8692 0.4887
vn -0.0752 0.8692 0.4887
vn -0.0751 0.8692 0.4887
vn -0.0714 0.8721 0.4842
vn -0.0713 0.8721 0.4841
vn -0.0640 0.8725 0.4844
vn 0.0684 -0.7790 -0.6233
vn 0.0684 -0.7789 -0.6233
vn 0.0811 -0.7956 -0.6004
vn 0.0810 -0.7957 -0.6003
vn 0.0807 -0.7958 -0.6001
vn 0.1437 -0.8013 -0.5808
vn 0.1436 -0.8013 -0.5808
vn 0.0594 0.8576 0.5109
vn 0.9937 0.0058 0.1116
vn 0.9942 -0.0648 0.0858
vn 0.9942 -0.0647 0.0858
vn 0.9859 -0.1604 0.0486
vn 0.9858 -0.1604 0.0486
vn 0.9980 0.0105 -0.0623
vn 0.9980 0.0104 -0.0623
vn -0.9963 -0.0438 0.0740
vn -0.9963 -0.0437 0.0740
vn -0.9968 -0.0415 0.0686
vn -0.9963 -0.0171 0.0844
vn -0.9963 -0.0171 0.0845
vn 0.0695 0.8593 0.5067
vn 0.0003 -0.3125 0.9499
vn 0.0014 -0.2859 0.9582
vn -0.0002 -0.2925 0.9563
vn -0.0002 -0.2926 0.9562
vn -0.0000 -0.2864 0.9581
vn -0.0268 -0.1383 0.9900
vn -0.0268 -0.1382 0.9900
vn -0.0111 -0.2282 0.9736
vn -0.0111 -0.2282 0.9735
vn -0.0111 -0.2281 0.9736
vn 0.0062 -0.3231 0.9464
vn 0.0103 -0.2893 0.9572
vn 0.0598 -0.9082 -0.4143
vn 0.0598 -0.9082 -0.4142
vn 0.1906 -0.3217 -0.9275
vn 0.0958 -0.8541 -0.5113
vn 0.0958 -0.8540 -0.5113
vn 0.0957 -0.8540 -0.5113
vn -0.0336 -0.9172 -0.3969
vn -0.0336 -0.9173 -0.3969
vn 0.8657 -0.1039 0.4897
vn 0.8656 -0.1039 0.4898
vn 0.6634 0.2375 -0.7096
vn 0.6634 0.2376 -0.7096
vn 0.6633 0.2376 -0.7096
vn 0.9780 -0.1594 0.1344
vn 0.6151 -0.4473 0.6493
vn -0.9927 -0.0588 0.1050
vn -0.9925 -0.0627 0.1046
vn -0.9925 -0.0627 0.1047
vn -0.9999 -0.0029 0.0114
vn -0.9835 -0.0460 0.1750
vn -0.9835 -0.0461 0.1750
vn -0.9835 -0.0460 0.1751
vn 0.0342 -0.0645 0.9973
vn 0.0160 -0.1128 0.9935
vn -0.0180 -0.5063 0.8622
vn -0.0123 -0.2856 0.9583
vn 0.2335 -0.7174 -0.6563
vn 0.2335 -0.7175 -0.6563
vn 0.2334 -0.7175 -0.6563
vn 0.0672 -0.8276 -0.5572
vn 0.0005 -0.0106 -0.9999
vn 0.0070 -0.0391 -0.9992
vn 0.3142 -0.7834 -0.5363
vn -0.0940 0.8070 -0.5831
vn -0.2945 0.7362 -0.6094
vn -0.6802 0.4091 -0.6083
vn 0.0520 -0.0188 -0.9985
vn 0.7407 -0.4436 -0.5046
vn 0.7407 -0.4434 0.5047
vn 0.0521 -0.0187 0.9985
vn 0.0070 -0.0391 0.9992
vn 0.3142 -0.7834 0.5363
vn -0.6802 0.4091 0.6083
vn -0.2945 0.7361 0.6094
vn -0.0939 0.8070 0.5831
vn 0.0005 -0.0105 0.9999
vn 0.0672 -0.8276 0.5572
vn 0.0672 0.8276 0.5572
vn 0.3142 0.7834 0.5363
vn 0.3142 0.7834 -0.5363
vn 0.0672 0.8276 -0.5572
vn -0.6802 -0.4091 0.6082
vn -0.2945 -0.7362 0.6094
vn -0.2945 -0.7361 -0.6094
vn -0.6802 -0.4091 -0.6082
vn -0.0939 -0.8070 -0.5831
vn 0.0005 0.0105 -0.9999
vn 0.0070 0.0391 -0.9992
vn 0.7407 0.4435 -0.5046
vn 0.0521 0.0188 -0.9985
vn 0.0520 0.0188 0.9985
vn 0.0070 0.0391 0.9992
vn 0.7407 0.4436 0.5045
vn 0.0005 0.0106 0.9999
vn -0.0939 -0.8070 0.5831
vn -0.8342 -0.0000 -0.5515
vn -0.8342 -0.0000 0.5515
vn 0.8632 -0.0000 0.5049
vn 0.8632 -0.0000 -0.5049
vn 0.0173 -0.0000 -0.9998
vn 0.0173 -0.0000 0.9999
vn 0.7408 -0.4436 -0.5045
vn 0.7407 -0.4435 0.5046
vn 0.0521 -0.0188 0.9985
vn -0.2945 0.7362 0.6094
vn -0.0938 0.8071 0.5829
vn 0.0672 -0.8276 0.5573
vn -0.6802 -0.4090 -0.6083
vn -0.0938 -0.8070 -0.5830
vn 0.7407 0.4436 0.5046
vn -0.0940 -0.8070 0.5831
vn 0.8631 -0.0000 0.5050
vn -0.0031 -0.0155 -0.9999
vn -0.0032 -0.0154 -0.9999
vn -0.0033 -0.0154 -0.9999
vn -0.0032 -0.0155 -0.9999
vn 0.9999 -0.0134 0.0079
vn 0.9999 -0.0132 0.0077
vn 0.9999 -0.0131 0.0076
vn 0.9999 -0.0131 0.0077
vn -0.0003 0.9995 -0.0325
vn -0.0002 0.9995 -0.0326
vn -0.0000 -0.9995 0.0323
vn 0.0245 0.9997 0.0004
vn 0.0243 0.9997 0.0004
vn -0.7723 0.0014 -0.6353
vn 0.3731 0.0066 0.9278
vn -0.0242 -0.9997 -0.0000
vn 0.0349 0.0517 -0.9981
vn 0.9855 0.1696 0.0095
vn 0.9855 0.1697 0.0095
vn -0.0003 0.9995 -0.0323
vn 0.1266 0.9918 0.0149
vn 0.1267 0.9918 0.0149
vn -1.0000 -0.0000 -0.0000
vn 0.1683 0.0465 0.9846
vn 0.1682 0.0465 0.9846
vn -0.0032 -0.0167 -0.9999
vn 0.9999 -0.0149 0.0077
vn 0.9999 -0.0150 0.0077
vn 0.3112 0.0087 0.9503
vn -0.0032 -0.0171 -0.9998
vn -0.0032 -0.0172 -0.9998
vn 0.9999 -0.0153 0.0077
vn 0.9999 -0.0154 0.0077
vn 0.3112 0.0088 0.9503
vn 0.3110 0.0089 0.9504
vn -0.0031 -0.0203 -0.9998
vn -0.0032 -0.0202 -0.9998
vn -0.0033 -0.0202 -0.9998
vn 0.9998 -0.0177 0.0081
vn 0.9998 -0.0177 0.0080
vn -0.7723 0.0018 -0.6353
vn 0.3782 -0.0530 0.9242
vn 0.3782 -0.0531 0.9242
vn -0.0045 -0.9994 0.0337
vn -0.0045 -0.9994 0.0338
vn 0.9999 -0.0099 0.0077
vn 0.9999 -0.0100 0.0077
vn 0.0242 0.9997 0.0004
vn 0.3858 0.0074 0.9225
vn 0.3856 0.0076 0.9226
vn -0.0032 -0.0192 -0.9998
vn -0.0033 -0.0191 -0.9998
vn 0.9998 -0.0158 0.0108
vn 0.0944 0.9869 0.1311
vn -0.8609 0.0025 -0.5087
vn 0.0028 -0.0154 -0.9999
vn 0.0029 -0.0154 -0.9999
vn -0.9999 -0.0143 0.0075
vn 0.0025 0.9239 -0.3827
vn 0.0026 0.9239 -0.3827
vn -0.2147 0.9722 0.0935
vn -0.2146 0.9722 0.0934
vn 0.7723 0.0014 -0.6353
vn -0.3800 -0.0845 0.9211
vn -0.0544 -0.9896 0.1332
vn -0.0544 -0.9896 0.1333
vn 0.0032 -0.0167 -0.9999
vn -0.9999 -0.0148 0.0070
vn 0.0002 0.9995 -0.0326
vn 0.0003 0.9995 -0.0323
vn -0.0848 0.9960 0.0274
vn -0.0849 0.9960 0.0274
vn 1.0000 -0.0000 -0.0000
vn -0.2285 0.0453 0.9725
vn 0.0197 -0.9998 -0.0015
vn 0.0198 -0.9998 -0.0015
vn 0.0079 -0.0251 -0.9997
vn -0.9999 -0.0150 0.0083
vn -0.9999 -0.0149 0.0083
vn 0.0589 -0.9982 -0.0071
vn -0.0243 0.9997 0.0004
vn -0.0245 0.9997 0.0005
vn 0.9945 -0.1050 0.0034
vn -0.3112 0.0087 0.9503
vn 0.0242 -0.9997 -0.0000
vn 0.0032 -0.0171 -0.9998
vn -0.9999 -0.0153 0.0077
vn -0.9999 -0.0154 0.0077
vn -0.0245 0.9997 0.0004
vn -0.3110 0.0089 0.9504
vn -0.3112 0.0088 0.9503
vn -0.0062 -0.0270 -0.9996
vn -0.0063 -0.0270 -0.9996
vn -0.0066 -0.0272 -0.9996
vn -0.0064 -0.0271 -0.9996
vn -0.9998 -0.0177 0.0080
vn 0.1891 0.9535 -0.2348
vn 0.7678 -0.1304 -0.6273
vn -0.3782 -0.0530 0.9242
vn -0.3782 -0.0531 0.9242
vn 0.0045 -0.9994 0.0337
vn 0.0045 -0.9994 0.0338
vn 0.0032 -0.0168 -0.9999
vn 0.0031 -0.0168 -0.9999
vn -0.9999 -0.0099 0.0100
vn -0.0222 0.9998 0.0013
vn -0.0221 0.9998 0.0013
vn 0.9975 0.0639 -0.0293
vn -0.3178 0.0070 0.9481
vn -0.3180 0.0068 0.9481
vn 0.0220 -0.9998 -0.0008
vn 0.0219 -0.9998 -0.0008
vn 0.0034 -0.0190 -0.9998
vn 0.0032 -0.0193 -0.9998
vn 0.0029 -0.0195 -0.9998
vn 0.0032 -0.0192 -0.9998
vn -0.9998 -0.0158 0.0108
vn 0.0003 0.9995 -0.0325
vn -0.0944 0.9869 0.1311
vn 0.8609 0.0025 -0.5087
vn -0.9957 0.0555 -0.0740
vn -0.0383 0.5464 -0.8366
vn -0.0928 -0.9843 0.1500
vn -0.0317 0.9856 0.1659
vn -0.0120 0.1175 0.9930
vn -0.0032 -0.0154 0.9999
vn 0.9999 -0.0130 -0.0075
vn 0.9999 -0.0131 -0.0077
vn 0.9999 -0.0132 -0.0077
vn -0.0002 0.9995 0.0326
vn -0.0003 0.9995 0.0325
vn -0.0000 -0.9995 -0.0323
vn 0.0243 0.9997 -0.0004
vn 0.0245 0.9997 -0.0004
vn -0.7723 0.0014 0.6353
vn 0.3731 0.0066 -0.9278
vn 0.0349 0.0517 0.9981
vn 0.0348 0.0517 0.9981
vn 0.9855 0.1696 -0.0095
vn 0.9855 0.1697 -0.0095
vn -0.0003 0.9995 0.0323
vn 0.1266 0.9918 -0.0149
vn 0.1267 0.9918 -0.0149
vn 0.1683 0.0465 -0.9846
vn 0.1682 0.0465 -0.9846
vn -0.0032 -0.0167 0.9999
vn 0.9999 -0.0149 -0.0077
vn 0.9999 -0.0150 -0.0077
vn -0.0002 0.9995 0.0328
vn 0.3112 0.0087 -0.9503
vn -0.0032 -0.0171 0.9998
vn -0.0032 -0.0172 0.9998
vn 0.9999 -0.0153 -0.0077
vn 0.9999 -0.0154 -0.0077
vn 0.3110 0.0089 -0.9504
vn 0.3112 0.0088 -0.9503
vn -0.0031 -0.0203 0.9998
vn -0.0032 -0.0202 0.9998
vn -0.0033 -0.0202 0.9998
vn 0.9998 -0.0177 -0.0080
vn 0.9998 -0.0177 -0.0081
vn -0.7723 0.0018 0.6353
vn 0.3782 -0.0530 -0.9242
vn 0.3782 -0.0531 -0.9242
vn -0.0044 -0.9994 -0.0337
vn -0.0045 -0.9994 -0.0337
vn -0.0045 -0.9994 -0.0338
vn 0.9999 -0.0099 -0.0077
vn 0.9999 -0.0100 -0.0077
vn 0.0242 0.9997 -0.0004
vn 0.3856 0.0076 -0.9226
vn 0.3858 0.0074 -0.9225
vn -0.0032 -0.0192 0.9998
vn 0.9998 -0.0158 -0.0108
vn 0.0944 0.9869 -0.1311
vn -0.8609 0.0025 0.5087
vn 0.0028 -0.0154 0.9999
vn -0.9999 -0.0143 -0.0075
vn 0.0026 0.9239 0.3827
vn 0.0026 0.9239 0.3826
vn -0.2147 0.9722 -0.0935
vn -0.2146 0.9722 -0.0934
vn 0.7723 0.0014 0.6353
vn -0.3800 -0.0845 -0.9211
vn -0.0544 -0.9896 -0.1332
vn 0.0032 -0.0167 0.9999
vn -0.9999 -0.0148 -0.0070
vn 0.0003 0.9995 0.0323
vn 0.0002 0.9995 0.0326
vn -0.0848 0.9960 -0.0274
vn -0.0849 0.9960 -0.0274
vn -0.2285 0.0453 -0.9725
vn 0.0197 -0.9998 0.0015
vn 0.0198 -0.9998 0.0015
vn 0.0079 -0.0251 0.9997
vn 0.0079 -0.0250 0.9997
vn -0.9999 -0.0150 -0.0083
vn -0.9999 -0.0149 -0.0083
vn 0.0589 -0.9982 0.0071
vn -0.0245 0.9997 -0.0005
vn -0.0243 0.9997 -0.0004
vn 0.9945 -0.1050 -0.0034
vn -0.3112 0.0087 -0.9503
vn 0.0032 -0.0171 0.9998
vn -0.9999 -0.0153 -0.0077
vn -0.9999 -0.0154 -0.0077
vn -0.0245 0.9997 -0.0004
vn -0.3112 0.0088 -0.9503
vn -0.3110 0.0089 -0.9504
vn -0.0062 -0.0270 0.9996
vn -0.0064 -0.0271 0.9996
vn -0.0066 -0.0272 0.9996
vn -0.0063 -0.0270 0.9996
vn -0.9998 -0.0177 -0.0081
vn -0.9998 -0.0177 -0.0080
vn -0.9998 -0.0178 -0.0081
vn 0.1891 0.9535 0.2348
vn 0.7678 -0.1304 0.6273
vn -0.3782 -0.0530 -0.9242
vn -0.3782 -0.0531 -0.9242
vn 0.0044 -0.9994 -0.0337
vn 0.0045 -0.9994 -0.0337
vn 0.0045 -0.9994 -0.0338
vn 0.0031 -0.0168 0.9999
vn -0.9999 -0.0099 -0.0100
vn 0.0002 0.9995 0.0328
vn -0.0222 0.9998 -0.0013
vn -0.0221 0.9998 -0.0013
vn 0.9975 0.0639 0.0293
vn -0.3180 0.0068 -0.9481
vn -0.3175 0.0071 -0.9482
vn 0.0219 -0.9998 0.0008
vn 0.0032 -0.0192 0.9998
vn -0.9998 -0.0158 -0.0108
vn 0.0003 0.9995 0.0325
vn -0.0944 0.9869 -0.1311
vn 0.8609 0.0025 0.5087
vn -0.9957 0.0555 0.0740
vn -0.0383 0.5464 0.8366
vn -0.0928 -0.9843 -0.1500
vn -0.0317 0.9856 -0.1659
vn -0.0120 0.1175 -0.9930
vn -0.0000 -0.0020 -1.0000
vn -0.0000 -0.0080 1.0000
vn 1.0000 -0.0014 -0.0000
vn -1.0000 -0.0014 -0.0000
vn -0.0000 -0.0084 1.0000
vn 0.0009 -0.0000 -1.0000
vn 0.9996 -0.0000 0.0265
vn 0.0006 1.0000 -0.0000
vn 0.0006 -1.0000 -0.0000
vn -0.9996 -0.0000 -0.0265
vn -0.0263 -0.0975 -0.9949
vn -0.0263 -0.0974 -0.9949
vn 0.7671 -0.6343 0.0960
vn 0.6646 0.7398 -0.1049
vn -0.6614 -0.7426 0.1053
vn 0.0102 0.9895 -0.1443
vn 0.0264 -0.0973 -0.9949
vn 0.0263 -0.0974 -0.9949
vn 0.0263 -0.0975 -0.9949
vn -0.7671 -0.6343 0.0960
vn -0.6646 0.7398 -0.1049
vn 0.6614 -0.7426 0.1053
vn -0.0102 0.9895 -0.1443
vn -0.0000 -0.0020 1.0000
vn -0.0000 -0.0080 -1.0000
vn -0.0000 -0.0084 -1.0000
vn 0.0009 -0.0000 1.0000
vn 0.9996 -0.0000 -0.0265
vn -0.9996 -0.0000 0.0265
vn -0.0264 -0.0973 0.9949
vn -0.0263 -0.0974 0.9949
vn -0.0263 -0.0975 0.9949
vn 0.7671 -0.6343 -0.0960
vn 0.6646 0.7398 0.1049
vn -0.6614 -0.7426 -0.1053
vn 0.0102 0.9895 0.1443
vn 0.0263 -0.0975 0.9949
vn 0.0263 -0.0974 0.9949
vn -0.7671 -0.6343 -0.0960
vn -0.6646 0.7398 0.1049
vn 0.6614 -0.7426 -0.1053
vn -0.0102 0.9895 0.1443
vn -0.6077 -0.7906 -0.0753
vn -0.6078 -0.7905 -0.0753
vn 0.6143 0.7876 0.0476
vn 0.6144 0.7876 0.0476
vn -0.6762 -0.7360 -0.0342
vn -0.6763 -0.7358 -0.0340
vn 0.6418 0.7669 0.0011
vn -0.6994 0.7113 0.0692
vn 0.6642 -0.7441 -0.0719
vn -0.9559 -0.2873 0.0615
vn -0.9559 -0.2872 0.0615
vn -0.6158 0.7861 0.0530
vn 0.6936 -0.7183 -0.0553
vn 0.6936 -0.7183 -0.0552
vn -0.6535 0.7570 -0.0000
vn -0.6533 0.7571 -0.0001
vn 0.7190 0.6920 -0.0644
vn -0.6664 -0.7420 0.0722
vn -0.6665 -0.7420 0.0722
vn 0.6443 0.7623 -0.0612
vn -0.7194 -0.6931 0.0466
vn -0.7194 -0.6930 0.0466
vn 0.6509 0.7592 -0.0035
vn 0.6665 -0.7420 0.0722
vn -0.6440 0.7626 -0.0615
vn -0.6440 0.7625 -0.0615
vn 0.7194 -0.6931 0.0466
vn 0.7194 -0.6930 0.0466
vn -0.6506 0.7594 -0.0027
vn -0.6508 0.7592 -0.0025
vn 0.7003 -0.7112 -0.0623
vn 0.7003 -0.7111 -0.0623
vn 0.7068 -0.7067 -0.0319
vn 0.7068 -0.7067 -0.0318
vn 0.7069 -0.7066 -0.0318
vn -0.7250 0.6887 0.0047
vn -0.6663 0.7446 0.0406
vn -0.6662 0.7446 0.0407
vn -0.6929 -0.7073 -0.1398
vn -0.7185 -0.6923 -0.0669
vn -0.7184 -0.6924 -0.0669
vn -0.7185 -0.6924 -0.0669
vn 0.7179 0.6936 0.0596
vn 0.6510 0.7572 0.0531
vn -0.7177 -0.6922 0.0754
vn -0.7178 -0.6922 0.0753
vn -0.6674 0.7445 -0.0156
vn 0.6612 0.7500 -0.0170
vn -0.7188 -0.6928 0.0584
vn -0.7188 -0.6927 0.0584
vn 0.6775 0.7337 -0.0524
vn 0.7177 -0.6922 0.0754
vn 0.7178 -0.6922 0.0753
vn 0.7188 -0.6928 0.0584
vn 0.7188 -0.6927 0.0584
vn -0.6777 0.7335 -0.0524
vn -0.6877 0.7260 -0.0002
vn -0.6874 0.7262 -0.0004
vn -0.6874 0.7263 -0.0004
vn -0.6876 0.7261 -0.0002
vn 0.6874 0.7263 -0.0004
vn 0.6875 0.7262 -0.0004
vn 0.6877 0.7260 -0.0005
vn -0.8494 -0.5273 -0.0195
vn -0.8494 -0.5274 -0.0195
vn -0.8494 -0.5273 -0.0194
vn -0.9507 0.3099 0.0142
vn -0.9507 0.3098 0.0142
vn 0.9865 -0.1637 0.0025
vn 0.9865 -0.1637 0.0024
vn 0.9865 -0.1638 0.0024
vn 0.9995 0.0278 -0.0134
vn 0.9995 0.0277 -0.0134
vn -0.9233 0.3840 -0.0129
vn -0.9232 0.3840 -0.0127
vn -0.9143 -0.3970 -0.0807
vn -0.9142 -0.3970 -0.0807
vn 0.8982 0.4395 -0.0010
vn 0.8983 0.4395 -0.0010
vn 0.8983 0.4394 -0.0010
vn 0.9638 -0.2638 0.0386
vn 0.9818 -0.1898 -0.0048
vn 0.9818 -0.1899 -0.0048
vn 0.9596 0.2801 -0.0277
vn 0.9598 0.2794 -0.0277
vn -0.9797 -0.2005 -0.0039
vn -0.9797 -0.2002 -0.0040
vn -0.9797 -0.2003 -0.0040
vn -0.9588 0.2827 -0.0279
vn -0.9588 0.2828 -0.0279
vn -0.9643 0.2637 0.0218
vn -0.9643 0.2638 0.0218
vn -0.9847 -0.1734 -0.0143
vn 0.9658 0.2582 0.0259
vn 0.9657 0.2582 0.0259
vn 0.9836 -0.1806 0.0009
vn 0.9835 -0.1808 0.0009
vn -0.1090 0.7019 -0.7039
vn 0.0618 -0.6696 -0.7402
vn 0.0618 -0.6696 -0.7401
vn 0.1019 0.7042 -0.7027
vn 0.1019 0.7041 -0.7027
vn -0.0536 -0.6703 -0.7402
vn -0.0536 -0.6703 -0.7401
vn -0.1090 0.7019 0.7039
vn -0.1089 0.7019 0.7039
vn 0.0618 -0.6696 0.7402
vn 0.0618 -0.6696 0.7401
vn 0.1019 0.7042 0.7027
vn 0.1019 0.7041 0.7027
vn -0.0536 -0.6703 0.7402
vn -0.0536 -0.6703 0.7401
vn 0.7039 0.7019 -0.1090
vn 0.7402 -0.6696 0.0618
vn 0.7401 -0.6696 0.0618
vn 0.7402 -0.6695 0.0618
vn 0.7027 0.7041 0.1019
vn 0.7027 0.7042 0.1019
vn 0.7402 -0.6703 -0.0536
vn 0.7401 -0.6703 -0.0536
vn 0.7401 -0.6704 -0.0536
vn -0.7039 0.7019 -0.1090
vn -0.7402 -0.6696 0.0618
vn -0.7402 -0.6695 0.0618
vn -0.7401 -0.6696 0.0618
vn -0.7027 0.7041 0.1019
vn -0.7027 0.7042 0.1019
vn -0.7402 -0.6703 -0.0536
vn -0.7401 -0.6703 -0.0536
vn -0.9997 -0.0230 0.0007
vn 0.0008 0.0610 -0.9981
vn 0.0008 0.0611 -0.9981
vn 0.9995 0.0304 -0.0007
vn -0.0008 -0.0610 0.9981
vn -0.0008 -0.0609 0.9981
vn -0.9974 0.0717 0.0020
vn 0.0717 0.9974 -0.0006
vn 0.9974 -0.0717 -0.0020
vn -0.0020 -0.0004 -1.0000
vn 0.0020 0.0004 1.0000
vn -0.0016 0.0259 0.9997
vn -0.0019 0.0256 0.9997
vn -0.0021 0.0255 0.9997
vn -0.0018 0.0257 0.9997
vn 0.9992 -0.0402 0.0009
vn 0.9992 -0.0402 0.0008
vn 0.9992 -0.0403 0.0010
vn 0.9992 -0.0401 0.0008
vn 0.0016 -0.0255 -0.9997
vn 0.0018 -0.0257 -0.9997
vn 0.0021 -0.0259 -0.9997
vn -0.9990 0.0439 -0.0007
vn -0.9990 0.0438 -0.0009
vn -0.9990 0.0437 -0.0010
vn -0.9990 0.0438 -0.0008
vn 0.0237 -0.5141 0.8574
vn 0.8430 -0.5380 0.0008
vn 0.8429 -0.5380 0.0008
vn 0.0230 -0.4574 -0.8890
vn 0.0230 -0.4573 -0.8890
vn -0.8980 -0.4401 -0.0012
vn -0.8979 -0.4401 -0.0012
vn -0.8979 -0.4402 -0.0012
vn -0.0161 0.9999 0.0008
vn -1.0000 -0.0000 0.0033
vn 0.8500 -0.0000 -0.5268
vn -0.0161 -0.9999 0.0008
vn 0.1765 -0.0000 0.9843
vn -0.0020 -1.0000 0.0008
vn -0.0021 -1.0000 0.0008
vn -1.0000 -0.0000 -0.0018
vn -0.0020 1.0000 0.0008
vn -0.0021 1.0000 0.0007
vn 0.0089 -0.3536 0.9354
vn 0.0089 -0.3536 0.9353
vn 0.0088 -0.3537 0.9353
vn 0.0089 -0.3537 0.9353
vn -0.0627 0.8629 0.5015
vn -0.0627 0.8629 0.5014
vn 0.0106 -0.2920 0.9564
vn 0.0104 -0.2924 0.9562
vn -0.0849 0.8528 0.5153
vn -0.0393 0.0270 0.9989
vn -0.0738 0.8623 0.5010
vn -0.0200 -0.1228 0.9922
vn -0.0200 -0.1229 0.9922
vn -0.0715 0.8640 0.4983
vn -0.0715 0.8641 0.4983
vn -0.0739 0.8625 -0.5007
vn -0.0204 -0.1159 -0.9930
vn -0.0204 -0.1160 -0.9930
vn -0.0716 0.8637 -0.4989
vn -0.0716 0.8637 -0.4988
vn 0.0088 -0.3535 -0.9354
vn 0.0089 -0.3535 -0.9354
vn -0.0625 0.8625 -0.5022
vn 0.0105 -0.2918 -0.9564
vn 0.0106 -0.2921 -0.9563
vn -0.0850 0.8527 -0.5155
vn -0.0392 0.0229 -0.9990
vn 0.0713 0.8637 -0.4989
vn 0.0712 0.8637 -0.4989
vn -0.0101 -0.3940 -0.9190
vn -0.0101 -0.3941 -0.9190
vn -0.0101 -0.3940 -0.9191
vn 0.0602 0.8619 -0.5036
vn 0.0603 0.8618 -0.5036
vn 0.0699 0.8646 -0.4976
vn 0.0700 0.8646 -0.4976
vn -0.0123 -0.2859 -0.9582
vn 0.0303 -0.1333 -0.9906
vn 0.0097 -0.1917 -0.9814
vn 0.0097 -0.1918 -0.9814
vn 0.0625 0.8595 -0.5073
vn 0.0629 0.8594 -0.5074
vn 0.0628 0.8594 -0.5074
vn -0.0124 -0.2859 0.9582
vn 0.0296 -0.1461 0.9888
vn 0.0296 -0.1462 0.9888
vn 0.0614 0.8625 0.5023
vn 0.0615 0.8625 0.5022
vn 0.0614 0.8625 0.5022
vn 0.0088 -0.2016 0.9794
vn 0.0088 -0.2017 0.9794
vn 0.0606 0.8618 0.5036
vn 0.0605 0.8618 0.5036
vn 0.0607 0.8618 0.5035
vn 0.0632 0.8594 0.5074
vn 0.0630 0.8593 0.5075
vn 0.0627 0.8592 0.5077
vn 0.0700 0.8643 0.4981
vn 0.0701 0.8643 0.4980
vn 0.0703 0.8644 0.4979
vn 0.0702 0.8643 0.4980
vn -0.0097 -0.3870 0.9220
vn 0.0664 0.8603 0.5055
vn 0.6701 0.7404 -0.0539
vn 0.6701 0.7403 -0.0538
vn 0.9794 -0.2017 -0.0040
vn 0.9794 -0.2018 -0.0040
vn 0.9595 0.2802 -0.0278
vn 0.6366 0.7686 -0.0625
vn 0.6367 0.7686 -0.0624
vn 0.7113 0.6997 -0.0665
vn -0.9589 0.2823 -0.0279
vn -0.6702 0.7402 -0.0539
vn -0.6365 0.7689 -0.0606
vn -0.6366 0.7688 -0.0607
vn -0.7107 0.7003 -0.0672
vn -0.7107 0.7003 -0.0671
vn -0.9821 -0.1883 -0.0050
vn 0.6834 0.7268 0.0694
vn 0.5871 0.8084 0.0436
vn 0.5871 0.8083 0.0436
vn 0.9742 -0.2259 -0.0015
vn 0.9741 -0.2259 -0.0015
vn 0.6607 0.7490 0.0504
vn 0.9429 0.3331 0.0083
vn 0.9428 0.3332 0.0101
vn 0.9428 0.3332 0.0083
vn -0.6067 0.7949 -0.0101
vn -0.6968 0.7141 0.0676
vn -1.0000 0.0069 -0.0011
vn -1.0000 0.0069 -0.0012
vn -0.6776 0.7343 0.0406
vn -0.3579 -0.9327 0.0447
vn -0.3578 -0.9327 0.0447
vn 0.9987 -0.0095 0.0507
vn 0.9987 -0.0095 -0.0507
vn 0.0052 -0.6163 -0.7875
vn 0.0052 -0.6164 -0.7874
vn 0.0206 -0.6574 -0.7532
vn 0.0206 -0.6575 -0.7532
vn 0.9999 0.0147 -0.0005
vn 0.9999 0.0147 -0.0004
vn 0.9999 0.0147 -0.0006
vn -0.0662 -0.7780 0.6248
vn -0.0662 -0.7780 0.6247
vn 0.0632 0.8548 -0.5151
vn 0.0631 0.8548 -0.5150
vn 0.0631 0.8548 -0.5151
vn 0.0052 -0.6164 0.7874
vn 0.0052 -0.6163 0.7875
vn 0.0052 -0.6162 0.7876
vn 0.0204 -0.6574 0.7532
vn 0.0208 -0.6574 0.7532
vn 0.0206 -0.6574 0.7532
vn 0.0206 -0.6575 0.7532
vn 0.9999 0.0148 0.0004
vn 0.9999 0.0147 0.0006
vn 0.9999 0.0147 0.0005
vn 0.9999 0.0151 0.0005
vn 0.9999 0.0145 0.0003
vn -0.0662 -0.7780 -0.6247
vn -0.0662 -0.7780 -0.6248
vn -0.0820 0.8297 0.5521
vn 0.0637 0.8555 0.5139
vn 0.0713 0.8591 0.5068
vn 0.1287 0.0101 -0.9916
vn 0.1286 0.0101 -0.9916
vn 0.1287 0.0102 -0.9916
vn 0.9979 0.0023 0.0645
vn 0.9757 -0.2188 -0.0091
vn -0.1054 -0.0248 0.9941
vn -0.1055 -0.0248 0.9941
vn -0.9757 -0.2188 -0.0091
vn -0.1079 -0.0303 -0.9937
vn -0.1080 -0.0303 -0.9937
vn -0.1080 -0.0302 -0.9937
vn -0.0998 -0.0284 -0.9946
vn 0.1265 0.0164 -0.9918
vn 0.1265 0.0163 -0.9918
vn 0.1266 0.0163 -0.9918
vn 0.1186 -0.0018 -0.9929
vn 0.1196 -0.0116 0.9927
vn 0.1196 -0.0115 0.9927
vn 0.1197 -0.0115 0.9927
vn 0.1196 -0.0116 0.9928
vn 0.1106 -0.0213 0.9936
vn 0.1054 -0.0248 0.9941
vn -0.7195 0.6916 -0.0638
vn -0.7195 0.6915 -0.0638
vn -0.1106 -0.0213 0.9936
vn -0.1106 -0.0214 0.9936
vn -0.1197 -0.0115 0.9927
vn -0.1253 -0.0111 -0.9921
vn -0.1254 -0.0111 -0.9921
vn -0.0812 0.8354 0.5436
vn -0.0836 0.8396 -0.5368
vn -0.0837 0.8396 -0.5368
vn 0.0659 0.8623 -0.5021
vn 0.0658 0.8622 -0.5023
vn 0.0658 0.8623 -0.5022
vn 0.0725 0.8629 0.5001
vn 0.0724 0.8629 0.5001
vt 0.026351 0.287335
vt 0.026351 0.287339
vt 0.026351 0.287336
vt 0.026351 0.287338
vt 0.026351 0.287338
vt 0.026351 0.287337
vt 0.026351 0.287335
vt 0.723468 0.031445
vt 0.711749 0.031445
vt 0.469562 0.031445
vt 0.594511 0.339676
vt 0.469108 0.029883
vt 0.719562 0.031445
vt 0.026354 0.287338
vt 0.026354 0.287336
vt 0.026354 0.287335
vt 0.026354 0.287338
vt 0.026354 0.287337
vt 0.026353 0.287334
vt 0.026352 0.287334
vt 0.026352 0.287335
vt 0.026352 0.287335
vt 0.026354 0.287339
vt 0.032117 0.032203
vt 0.032117 0.032203
vt 0.032117 0.032203
vt 0.594549 0.341782
vt 0.594549 0.341782
vt 0.158072 0.030704
vt 0.594549 0.341782
vt 0.656015 0.033035
vt 0.598774 0.282632
vt 0.598774 0.282632
vt 0.598774 0.282632
vt 0.158072 0.030704
vt 0.602496 0.274614
vt 0.719108 0.029883
vt 0.719108 0.029883
vt 0.469108 0.029883
vt 0.469108 0.029883
vt 0.715202 0.029883
vt 0.156524 0.344253
vt 0.157646 0.028044
vt 0.592302 0.341444
vt 0.592302 0.341445
vt 0.592302 0.341445
vt 0.592302 0.341445
vt 0.592302 0.341445
vt 0.469562 0.031445
vt 0.719562 0.031445
vt 0.715655 0.031445
vt 0.715655 0.031445
vt 0.469562 0.031445
vt 0.469562 0.031445
vt 0.719511 0.031082
vt 0.715604 0.034989
vt 0.158677 0.030780
vt 0.716748 0.030780
vt 0.219408 0.031213
vt 0.032671 0.031329
vt 0.032672 0.031329
vt 0.032672 0.031326
vt 0.032671 0.031326
vt 0.032671 0.031331
vt 0.032672 0.031331
vt 0.032671 0.031334
vt 0.032672 0.031334
vt 0.032671 0.031336
vt 0.032672 0.031336
vt 0.594375 0.341331
vt 0.469108 0.029883
vt 0.469562 0.031445
vt 0.026354 0.287334
vt 0.719846 0.345349
vt 0.719108 0.029883
vt 0.469108 0.029883
vt 0.715202 0.029883
vt 0.715202 0.029883
vt 0.469108 0.029883
s 0
usemtl Medieval
f 1/1/1 2/2/1 3/3/1
f 4/4/1 5/5/1 6/4/1
f 5/5/1 7/6/1 6/4/1
f 3/3/1 8/7/1 1/1/1
f 8/7/1 9/1/1 1/1/1
f 7/6/1 3/3/1 2/2/1
f 6/4/1 7/6/1 2/2/1
f 10/1/1 11/3/1 2/2/1
f 12/4/1 13/4/1 14/5/1
f 14/5/1 13/4/1 15/6/1
f 11/3/1 10/1/1 16/7/1
f 16/7/1 10/1/1 17/1/1
f 15/6/1 2/2/1 11/3/1
f 13/4/1 2/2/1 15/6/1
f 18/8/2 19/8/2 20/8/2
f 21/9/3 22/9/3 23/9/3
f 24/9/4 25/9/4 26/9/4
f 27/10/5 28/10/5 29/10/5
f 30/10/6 31/10/6 32/10/6
f 33/10/7 34/10/7 35/10/7
f 36/10/8 37/10/8 38/10/8
f 39/10/9 40/10/9 41/10/9
f 42/10/10 43/10/10 44/10/10
f 45/10/11 46/10/11 47/10/11
f 48/10/12 49/10/12 50/10/12
s 1
f 51/11/13 52/11/13 53/11/13
s 0
f 54/11/14 55/11/14 56/11/14
f 57/11/15 58/11/15 59/11/15
f 60/11/16 61/11/16 62/11/16
f 63/11/17 64/11/17 65/11/17
f 66/11/18 67/11/18 68/11/18
f 69/11/19 70/11/19 71/11/19
f 72/11/20 73/11/20 74/11/20
f 75/12/21 76/12/21 77/12/21
f 78/10/22 79/10/22 80/10/22
f 81/13/23 82/13/23 83/13/23
f 84/13/24 85/13/24 86/13/24
f 87/14/25 88/4/25 89/4/25
f 87/14/25 89/4/25 90/14/25
s 1
f 91/3/26 92/15/26 93/16/27
f 91/3/26 93/16/27 94/7/26
f 95/5/28 96/17/29 97/18/29
f 95/5/28 97/18/29 98/6/29
s 0
f 99/6/30 100/18/30 101/15/30
f 99/6/30 101/15/30 102/3/30
f 103/19/31 104/20/31 105/20/31
f 103/19/31 105/20/31 106/19/31
f 107/21/32 108/22/32 109/22/32
f 107/21/32 109/22/32 110/21/32
f 111/22/33 112/19/33 113/19/33
f 111/22/33 113/19/33 114/22/33
f 115/1/34 116/21/34 117/21/34
f 115/1/35 117/21/35 118/1/35
s 1
f 119/2/36 120/23/36 121/14/36
f 119/2/36 121/14/36 122/4/36
f 123/4/37 124/14/37 125/17/37
f 123/4/37 125/17/37 126/5/37
s 0
f 2/2/1 1/1/1 127/1/1
f 128/14/38 129/14/38 130/4/38
f 128/14/38 130/4/38 131/4/38
s 1
f 132/3/39 133/7/39 134/16/40
f 132/3/39 134/16/40 135/15/39
f 136/5/41 137/6/41 138/18/41
f 136/5/41 138/18/41 139/17/41
s 0
f 140/6/42 141/3/42 142/15/42
f 140/6/42 142/15/42 143/18/42
f 144/19/43 145/19/43 146/20/43
f 144/19/43 146/20/43 147/20/43
f 148/21/44 149/21/44 150/22/44
f 148/21/44 150/22/44 151/22/44
f 152/22/45 153/22/45 154/19/45
f 152/22/45 154/19/45 155/19/45
f 156/1/46 157/1/46 158/21/46
f 156/1/47 158/21/47 159/21/47
s 1
f 160/2/48 161/4/48 162/14/48
f 160/2/48 162/14/48 163/23/48
f 164/4/49 165/5/49 166/17/49
f 164/4/49 166/17/49 167/14/49
s 0
f 2/2/1 127/1/1 10/1/1
f 168/24/50 169/24/50 170/24/50
f 168/24/51 170/24/51 171/24/51
f 172/25/1 173/25/1 174/25/1
f 172/25/1 174/25/1 175/25/1
s 1
f 176/25/52 177/26/53 178/26/53
f 176/25/52 178/26/53 179/25/53
s 0
f 180/27/54 181/28/54 182/28/54
f 180/27/54 182/28/54 183/27/54
f 184/27/55 185/28/55 186/28/55
f 184/27/55 186/28/55 187/27/55
f 188/29/56 189/29/56 190/29/56
f 188/29/56 190/29/56 191/29/56
f 192/28/57 193/28/57 194/27/57
f 192/28/57 194/27/57 195/27/57
f 196/27/58 197/27/58 198/28/58
f 196/27/58 198/28/58 199/28/58
f 200/27/59 201/27/59 202/27/59
f 200/27/60 202/27/60 203/27/60
s 1
f 204/27/61 205/27/61 206/27/61
f 204/27/61 206/27/61 207/27/62
f 208/27/63 209/27/64 210/27/64
f 208/27/63 210/27/64 211/27/64
f 212/27/65 213/27/65 214/27/66
f 212/27/65 214/27/66 215/27/65
s 0
f 216/27/67 217/27/67 218/27/67
f 216/27/67 218/27/67 219/27/67
f 220/27/68 221/27/68 222/27/68
f 220/27/68 222/27/68 223/27/68
s 1
f 224/27/69 225/27/69 226/27/69
f 224/27/69 226/27/69 227/27/69
f 228/27/70 229/27/70 230/27/71
f 228/27/70 230/27/71 231/27/71
f 232/27/72 233/27/72 234/27/72
f 232/27/72 234/27/72 235/27/72
s 0
f 236/27/73 237/27/73 238/27/73
f 236/27/73 238/27/73 239/27/73
s 1
f 240/27/74 241/27/74 242/27/75
f 240/27/74 242/27/75 243/27/76
f 244/27/77 245/27/78 246/27/78
f 244/27/77 246/27/78 247/27/78
s 0
f 248/27/79 249/27/79 250/27/79
f 248/27/80 250/27/80 251/27/80
f 252/27/81 253/27/81 254/27/81
f 252/27/82 254/27/82 255/27/82
s 1
f 256/27/83 257/27/83 258/27/83
f 256/27/83 258/27/83 259/27/83
f 260/29/84 261/29/84 262/29/84
f 260/29/84 262/29/84 263/29/84
f 264/27/85 265/27/86 266/27/85
f 264/27/85 266/27/85 267/27/85
f 268/27/87 269/27/87 270/27/87
f 268/27/87 270/27/87 271/27/87
f 272/29/88 273/29/89 274/29/90
f 272/29/88 274/29/90 275/29/89
f 276/27/91 277/27/91 278/27/91
f 276/27/91 278/27/91 279/27/92
s 0
f 280/27/93 281/30/93 282/27/93
f 280/27/94 282/27/94 283/27/94
s 1
f 284/29/95 285/29/95 286/29/95
f 284/29/95 286/29/95 287/29/95
f 288/26/96 289/26/97 290/26/96
f 288/26/96 290/26/96 291/26/96
f 292/24/98 293/26/99 294/26/99
f 292/24/98 294/26/99 295/25/98
f 296/24/100 297/24/100 298/25/101
f 296/24/100 298/25/101 299/25/100
f 300/31/102 301/31/102 302/31/102
f 300/31/102 302/31/102 303/31/102
s 0
f 304/26/103 305/26/103 306/26/103
f 304/26/104 306/26/104 307/26/104
f 308/26/105 309/24/105 310/24/105
f 308/26/105 310/24/105 311/26/105
s 1
f 312/27/106 313/28/107 314/28/106
f 312/27/106 314/28/106 315/27/106
s 0
f 316/27/108 317/28/108 318/28/108
f 316/27/108 318/28/108 319/27/108
f 320/28/109 321/27/109 322/27/109
f 320/28/109 322/27/109 323/28/109
f 324/24/110 325/24/110 326/24/110
f 324/24/111 326/24/111 327/24/111
f 328/25/1 175/25/1 174/25/1
f 328/25/1 174/25/1 329/25/1
s 1
f 330/25/112 331/25/113 332/26/113
f 330/25/112 332/26/113 333/26/113
s 0
f 334/27/114 335/27/114 336/28/114
f 334/27/114 336/28/114 337/28/114
f 338/27/115 339/27/115 340/28/115
f 338/27/115 340/28/115 341/28/115
f 342/29/116 343/29/116 344/29/116
f 342/29/116 344/29/116 345/29/116
f 346/28/117 347/27/117 348/27/117
f 346/28/117 348/27/117 349/28/117
f 350/27/118 351/28/118 352/28/118
f 350/27/118 352/28/118 353/27/118
f 354/27/119 355/27/119 356/27/119
f 354/27/120 356/27/120 357/27/120
s 1
f 358/27/121 359/27/122 360/27/121
f 358/27/121 360/27/121 361/27/121
f 362/27/123 363/27/124 364/27/124
f 362/27/123 364/27/124 365/27/124
f 366/27/125 367/27/125 368/27/126
f 366/27/125 368/27/126 369/27/125
s 0
f 370/27/127 371/27/127 372/27/127
f 370/27/127 372/27/127 373/27/127
f 374/27/128 375/27/128 376/27/128
f 374/27/129 376/27/129 377/27/129
s 1
f 378/27/130 379/27/131 380/27/130
f 378/27/130 380/27/130 381/27/130
f 382/27/132 383/27/133 384/27/133
f 382/27/132 384/27/133 385/27/134
f 386/27/135 387/27/135 388/27/135
f 386/27/135 388/27/135 389/27/135
s 0
f 390/27/136 391/27/136 392/27/136
f 390/27/136 392/27/136 393/27/136
s 1
f 394/27/137 395/27/137 396/27/138
f 394/27/137 396/27/138 397/27/139
f 398/27/140 399/27/141 400/27/141
f 398/27/140 400/27/141 401/27/141
s 0
f 402/27/142 403/27/142 404/27/142
f 402/27/143 404/27/143 405/27/143
f 406/27/144 407/27/144 408/27/144
f 406/27/145 408/27/145 409/27/145
s 1
f 410/27/146 411/27/146 412/27/146
f 410/27/146 412/27/146 413/27/146
f 414/29/147 415/29/147 416/29/147
f 414/29/147 416/29/147 417/29/147
f 418/27/148 419/27/148 420/27/148
f 418/27/148 420/27/148 421/27/149
f 422/27/150 423/27/150 424/27/150
f 422/27/150 424/27/150 425/27/150
f 426/29/88 427/29/151 428/29/152
f 426/29/88 428/29/152 429/29/151
f 430/27/153 431/27/154 432/27/153
f 430/27/153 432/27/153 433/27/153
s 0
f 434/27/155 435/27/155 436/27/155
f 434/27/155 436/27/155 437/30/155
s 1
f 438/29/156 439/29/156 440/29/157
f 438/29/156 440/29/157 441/29/156
f 442/26/158 443/26/158 444/26/158
f 442/26/158 444/26/158 445/26/159
f 446/24/160 447/25/160 448/26/161
f 446/24/160 448/26/161 449/26/161
f 450/24/162 451/25/162 452/25/163
f 450/24/162 452/25/163 453/24/162
f 454/31/164 455/31/164 456/31/164
f 454/31/164 456/31/164 457/31/164
s 0
f 458/26/165 459/26/165 460/26/165
f 458/26/166 460/26/166 461/26/166
f 462/26/167 463/26/167 464/24/167
f 462/26/167 464/24/167 465/24/167
s 1
f 466/27/168 467/27/168 468/28/168
f 466/27/168 468/28/168 469/28/169
s 0
f 470/28/170 471/28/170 472/27/170
f 470/28/170 472/27/170 473/27/170
f 474/24/171 475/24/171 476/24/171
f 474/24/172 476/24/172 477/24/172
f 478/25/1 479/25/1 480/25/1
f 478/25/1 480/25/1 481/25/1
s 1
f 482/25/173 483/25/174 484/26/174
f 482/25/173 484/26/174 485/26/174
s 0
f 486/27/175 487/27/175 488/28/175
f 486/27/175 488/28/175 489/28/175
f 490/27/176 491/27/176 492/28/176
f 490/27/176 492/28/176 493/28/176
f 494/29/177 495/29/177 496/29/177
f 494/29/177 496/29/177 497/29/177
f 498/28/178 499/27/178 500/27/178
f 498/28/178 500/27/178 501/28/178
f 502/27/179 503/28/179 504/28/179
f 502/27/179 504/28/179 505/27/179
f 506/27/180 507/27/180 508/27/180
f 506/27/181 508/27/181 509/27/181
s 1
f 510/27/182 511/27/183 512/27/182
f 510/27/182 512/27/182 513/27/182
f 514/27/184 515/27/185 516/27/185
f 514/27/184 516/27/185 517/27/185
f 518/27/186 519/27/186 520/27/187
f 518/27/186 520/27/187 521/27/186
s 0
f 522/27/188 523/27/188 524/27/188
f 522/27/188 524/27/188 525/27/188
f 526/27/189 527/27/189 528/27/189
f 526/27/190 528/27/190 529/27/190
s 1
f 530/27/191 531/27/192 532/27/191
f 530/27/191 532/27/191 533/27/191
f 534/27/193 535/27/193 536/27/194
f 534/27/193 536/27/194 537/27/195
f 538/27/196 539/27/196 540/27/196
f 538/27/196 540/27/196 541/27/196
s 0
f 542/27/197 543/27/197 544/27/197
f 542/27/197 544/27/197 545/27/197
s 1
f 546/27/198 547/27/199 548/27/200
f 546/27/198 548/27/200 549/27/201
f 550/27/202 551/27/203 552/27/204
f 550/27/202 552/27/204 553/27/204
s 0
f 554/27/205 555/27/205 556/27/205
f 554/27/206 556/27/206 557/27/206
f 558/27/207 559/27/207 560/27/207
f 558/27/207 560/27/207 561/27/207
s 1
f 562/27/208 563/27/208 564/27/208
f 562/27/208 564/27/208 565/27/208
f 566/29/209 567/29/209 568/29/209
f 566/29/209 568/29/209 569/29/209
f 570/27/210 571/27/210 572/27/210
f 570/27/210 572/27/210 573/27/211
f 574/27/212 575/27/212 576/27/212
f 574/27/212 576/27/212 577/27/212
f 578/29/213 579/29/214 580/29/215
f 578/29/213 580/29/215 581/29/216
f 582/27/217 583/27/218 584/27/217
f 582/27/217 584/27/217 585/27/217
s 0
f 586/27/219 587/27/219 588/27/219
f 586/27/93 588/27/93 589/30/93
s 1
f 590/29/220 591/29/220 592/29/221
f 590/29/220 592/29/221 593/29/220
f 594/26/222 595/26/222 596/26/222
f 594/26/222 596/26/222 597/26/223
f 598/24/224 599/25/224 600/26/225
f 598/24/224 600/26/225 601/26/225
f 602/24/226 603/25/227 604/25/226
f 602/24/226 604/25/226 605/24/227
f 606/31/228 607/31/228 608/31/228
f 606/31/228 608/31/228 609/31/228
s 0
f 610/26/229 611/26/229 612/26/229
f 610/26/230 612/26/230 613/26/230
f 614/26/231 615/26/231 616/24/231
f 614/26/231 616/24/231 617/24/231
s 1
f 618/27/232 619/27/232 620/28/232
f 618/27/232 620/28/232 621/28/233
s 0
f 622/24/234 623/24/234 624/24/234
f 622/24/235 624/24/235 625/24/235
f 626/25/1 627/25/1 480/25/1
f 626/25/1 480/25/1 479/25/1
s 1
f 628/25/236 629/26/237 630/26/237
f 628/25/236 630/26/237 631/25/237
s 0
f 632/27/238 633/28/238 634/28/238
f 632/27/238 634/28/238 635/27/238
f 636/27/239 637/28/239 638/28/239
f 636/27/239 638/28/239 639/27/239
f 640/29/240 641/29/240 642/29/240
f 640/29/240 642/29/240 643/29/240
f 644/28/241 645/28/241 646/27/241
f 644/28/241 646/27/241 647/27/241
f 648/27/242 649/27/242 650/28/242
f 648/27/242 650/28/242 651/28/242
f 652/27/243 653/27/243 654/27/243
f 652/27/244 654/27/244 655/27/244
s 1
f 656/27/245 657/27/245 658/27/246
f 656/27/245 658/27/246 659/27/246
f 660/27/247 661/27/248 662/27/248
f 660/27/247 662/27/248 663/27/248
f 664/27/249 665/27/249 666/27/250
f 664/27/249 666/27/250 667/27/249
s 0
f 668/27/251 669/27/251 670/27/251
f 668/27/251 670/27/251 671/27/251
f 672/27/252 673/27/252 674/27/252
f 672/27/253 674/27/253 675/27/253
s 1
f 676/27/254 677/27/254 678/27/254
f 676/27/254 678/27/254 679/27/254
f 680/27/255 681/27/255 682/27/256
f 680/27/255 682/27/256 683/27/256
f 684/27/257 685/27/257 686/27/257
f 684/27/257 686/27/257 687/27/257
s 0
f 688/27/258 689/27/258 690/27/258
f 688/27/258 690/27/258 691/27/258
s 1
f 692/27/259 693/27/260 694/27/261
f 692/27/259 694/27/261 695/27/262
f 696/27/263 697/27/264 698/27/264
f 696/27/263 698/27/264 699/27/264
s 0
f 700/27/265 701/27/265 702/27/265
f 700/27/266 702/27/266 703/27/266
f 704/27/267 705/27/267 706/27/267
f 704/27/267 706/27/267 707/27/267
s 1
f 708/27/268 709/27/269 710/27/268
f 708/27/268 710/27/268 711/27/268
f 712/29/270 713/29/270 714/29/270
f 712/29/270 714/29/270 715/29/270
f 716/27/271 717/27/272 718/27/271
f 716/27/271 718/27/271 719/27/271
f 720/27/273 721/27/273 722/27/273
f 720/27/273 722/27/273 723/27/273
f 724/29/274 725/29/275 726/29/276
f 724/29/274 726/29/276 727/29/275
f 728/27/277 729/27/277 730/27/277
f 728/27/277 730/27/277 731/27/278
s 0
f 732/27/279 733/30/279 734/27/279
f 732/27/280 734/27/280 735/27/280
s 1
f 736/29/281 737/29/281 738/29/281
f 736/29/281 738/29/281 739/29/281
f 740/26/282 741/26/283 742/26/282
f 740/26/282 742/26/282 743/26/282
f 744/24/284 745/26/285 746/26/285
f 744/24/284 746/26/285 747/25/284
f 748/24/286 749/24/286 750/25/287
f 748/24/286 750/25/287 751/25/286
f 752/31/288 753/31/288 754/31/288
f 752/31/288 754/31/288 755/31/288
s 0
f 756/26/289 757/26/289 758/26/289
f 756/26/290 758/26/290 759/26/290
f 760/26/291 761/24/291 762/24/291
f 760/26/291 762/24/291 763/26/291
s 1
f 764/27/292 765/28/293 766/28/293
f 764/27/292 766/28/293 767/27/292
s 0
f 768/29/294 769/29/294 770/29/294
f 768/29/294 770/29/294 771/29/294
f 772/29/295 773/29/295 774/29/295
f 772/29/295 774/29/295 775/29/295
s 1
f 776/27/296 777/27/297 778/28/297
f 776/27/296 778/28/297 779/28/297
s 0
f 780/28/298 781/28/298 782/27/298
f 780/28/298 782/27/298 783/27/298
s 1
f 784/27/299 785/28/300 786/28/300
f 784/27/299 786/28/300 787/27/300
f 788/27/296 789/27/297 790/28/297
f 788/27/296 790/28/297 791/28/297
s 0
f 792/28/298 793/28/298 794/27/298
f 792/28/298 794/27/298 795/27/298
s 1
f 796/27/299 797/28/300 798/28/300
f 796/27/299 798/28/300 799/27/300
f 800/27/301 801/28/302 802/28/301
f 800/27/301 802/28/301 803/27/302
s 0
f 804/27/303 805/28/303 806/28/303
f 804/27/303 806/28/303 807/27/303
f 808/28/304 809/27/304 810/27/304
f 808/28/304 810/27/304 811/28/304
s 1
f 812/27/305 813/27/305 814/28/305
f 812/27/305 814/28/305 815/28/305
f 816/29/306 817/29/306 818/29/306
f 816/29/306 818/29/306 819/29/306
f 820/32/307 821/33/307 822/33/307
f 820/32/307 822/33/307 823/34/307
s 0
f 824/34/308 825/33/308 826/33/308
f 824/34/308 826/33/308 827/32/308
f 828/33/309 829/34/309 830/34/309
f 828/33/309 830/34/309 831/33/309
s 1
f 832/34/310 833/34/310 834/33/310
f 832/34/310 834/33/310 835/33/310
s 0
f 836/29/1 837/35/1 838/35/1
f 836/29/1 838/35/1 839/29/1
f 840/36/311 841/36/311 842/36/311
f 840/36/311 842/36/311 843/36/311
f 844/36/312 845/36/312 846/36/312
f 844/36/312 846/36/312 847/36/312
f 848/36/313 849/36/313 850/36/313
f 848/36/313 850/36/313 851/36/313
s 1
f 852/36/314 853/36/315 854/36/314
f 852/36/314 854/36/314 855/36/314
s 0
f 856/36/316 857/36/316 858/36/316
f 856/36/316 858/36/316 859/36/316
f 860/36/317 861/36/317 862/36/317
f 860/36/317 862/36/317 863/36/317
f 864/36/318 865/36/318 866/36/318
f 864/36/318 866/36/318 867/36/318
f 868/36/319 869/36/319 870/36/319
s 1
f 868/36/320 870/36/320 871/36/320
s 0
f 872/36/321 873/36/321 874/36/321
f 872/36/322 874/36/322 875/36/322
s 1
f 876/36/323 877/36/324 878/36/323
f 876/36/323 878/36/323 879/36/325
f 880/36/326 881/36/326 882/36/327
f 880/36/326 882/36/327 883/36/326
f 884/36/328 885/36/328 886/36/328
f 884/36/328 886/36/328 887/36/328
f 888/36/329 889/36/329 890/36/330
f 888/36/329 890/36/330 891/36/329
f 892/36/331 893/36/331 894/36/332
f 892/36/331 894/36/332 895/36/331
f 896/36/333 897/36/334 898/36/335
f 896/36/333 898/36/335 899/36/334
f 900/36/336 901/36/336 902/36/337
f 900/36/336 902/36/337 903/36/337
s 0
f 904/36/1 905/36/1 906/36/1
f 904/36/1 906/36/1 907/36/1
f 908/36/338 909/36/338 910/36/338
f 908/36/338 910/36/338 911/36/338
f 912/36/339 913/36/339 914/36/339
f 912/36/339 914/36/339 915/36/339
f 916/36/340 917/36/340 918/36/340
f 916/36/340 918/36/340 919/36/340
s 1
f 920/36/341 921/36/342 922/36/342
f 920/36/341 922/36/342 923/36/342
s 0
f 924/36/343 925/36/343 926/36/343
f 924/36/343 926/36/343 927/36/343
f 928/36/344 929/36/344 930/36/344
f 928/36/344 930/36/344 931/36/344
f 932/36/345 933/36/345 934/36/345
f 932/36/345 934/36/345 935/36/345
s 1
f 936/36/346 937/36/346 938/36/346
s 0
f 936/36/347 938/36/347 939/36/347
f 940/36/348 941/36/348 942/36/348
f 940/36/349 942/36/349 943/36/349
s 1
f 944/36/350 945/36/351 946/36/350
f 944/36/350 946/36/350 947/36/352
f 948/36/353 949/36/353 950/36/354
f 948/36/353 950/36/354 951/36/353
f 952/36/355 953/36/355 954/36/355
f 952/36/355 954/36/355 955/36/355
f 956/36/356 957/36/356 958/36/356
f 956/36/356 958/36/356 959/36/356
f 960/36/357 961/36/357 962/36/358
f 960/36/357 962/36/358 963/36/357
f 964/36/359 965/36/359 966/36/360
f 964/36/359 966/36/360 967/36/361
f 968/36/362 969/36/363 970/36/363
f 968/36/362 970/36/363 971/36/364
s 0
f 972/36/1 973/36/1 974/36/1
f 972/36/1 974/36/1 975/36/1
s 1
f 976/37/365 977/37/366 978/37/366
f 976/37/365 978/37/366 979/37/366
f 980/12/367 981/12/368 982/12/368
f 980/12/367 982/12/368 983/12/368
f 984/12/369 985/12/370 986/12/371
f 984/12/369 986/12/371 987/12/369
f 988/12/372 989/12/372 990/12/372
f 988/12/372 990/12/372 991/12/372
f 992/12/373 993/12/373 994/12/373
f 992/12/373 994/12/373 995/12/373
f 996/12/374 997/12/375 998/12/374
f 996/12/374 998/12/374 999/12/375
f 1000/12/376 1001/12/376 1002/12/377
f 1000/12/376 1002/12/377 1003/12/376
f 1004/12/378 1005/12/378 1006/12/379
f 1004/12/378 1006/12/379 1007/12/379
f 1008/37/380 1009/37/380 1010/37/381
f 1008/37/380 1010/37/381 1011/37/382
f 1012/37/383 1013/37/383 1014/37/383
f 1012/37/383 1014/37/383 1015/37/384
s 0
f 1016/37/385 1017/37/385 1018/37/385
f 1016/37/386 1018/37/386 1019/37/386
f 1020/37/387 1021/37/387 1022/37/387
f 1020/37/387 1022/37/387 1023/37/387
s 1
f 1024/12/388 1025/12/388 1026/12/389
f 1024/12/388 1026/12/389 1027/12/389
f 1028/12/390 1029/12/390 1030/12/390
f 1028/12/390 1030/12/390 1031/12/390
f 1032/12/391 1033/12/391 1034/12/391
f 1032/12/391 1034/12/391 1035/12/391
f 1036/12/392 1037/12/393 1038/12/393
f 1036/12/392 1038/12/393 1039/12/393
f 1040/12/394 1041/12/395 1042/12/396
f 1040/12/394 1042/12/396 1043/12/395
f 1044/12/397 1045/12/397 1046/12/397
f 1044/12/397 1046/12/397 1047/12/397
f 1048/12/398 1049/12/399 1050/12/398
f 1048/12/398 1050/12/398 1051/12/398
f 1052/37/400 1053/38/401 1054/37/400
f 1052/37/400 1054/37/400 1055/37/401
f 1056/12/402 1057/12/402 1058/12/402
f 1056/12/402 1058/12/402 1059/12/402
f 1060/12/403 1061/12/404 1062/12/403
f 1060/12/403 1062/12/403 1063/12/404
f 1064/12/405 1065/12/406 1066/12/405
f 1064/12/405 1066/12/405 1067/12/407
f 1068/12/408 1069/12/408 1070/12/409
f 1068/12/408 1070/12/409 1071/12/409
f 1072/12/410 1073/12/410 1074/12/411
f 1072/12/410 1074/12/411 1075/12/411
f 1076/12/412 1077/12/412 1078/12/412
f 1076/12/412 1078/12/412 1079/12/412
f 1080/12/413 1081/12/414 1082/12/413
f 1080/12/413 1082/12/413 1083/12/414
s 0
f 1084/12/415 1085/12/415 1086/12/415
f 1084/12/415 1086/12/415 1087/12/415
s 1
f 1088/37/416 1089/37/416 1090/37/416
f 1088/37/416 1090/37/416 1091/37/416
f 1092/37/417 1093/37/417 1094/37/417
f 1092/37/417 1094/37/417 1095/37/417
f 1096/12/418 1097/12/418 1098/12/418
f 1096/12/418 1098/12/418 1099/12/418
f 1100/12/419 1101/12/419 1102/12/419
f 1100/12/419 1102/12/419 1103/12/419
f 1104/12/420 1105/12/420 1106/12/420
f 1104/12/420 1106/12/420 1107/12/421
s 0
f 1108/12/422 1109/12/422 1110/12/422
f 1108/12/423 1110/12/423 1111/12/423
s 1
f 1112/12/424 1113/12/424 1114/12/424
f 1112/12/424 1114/12/424 1115/12/424
f 1116/12/425 1117/12/426 1118/12/426
f 1116/12/425 1118/12/426 1119/12/425
f 1120/12/427 1121/12/427 1122/12/427
f 1120/12/427 1122/12/427 1123/12/427
f 1124/12/428 1125/12/428 1126/12/428
f 1124/12/428 1126/12/428 1127/12/428
f 1128/12/429 1129/12/430 1130/12/430
f 1128/12/429 1130/12/430 1131/12/429
f 1132/12/431 1133/12/431 1134/12/431
f 1132/12/431 1134/12/431 1135/12/431
f 1136/12/432 1137/12/433 1138/12/434
f 1136/12/432 1138/12/434 1139/12/432
f 1140/12/435 1141/12/435 1142/12/436
f 1140/12/435 1142/12/436 1143/12/437
f 1144/12/438 1145/12/439 1146/12/440
f 1144/12/438 1146/12/440 1147/12/438
f 1148/12/441 1149/12/442 1150/12/443
f 1148/12/441 1150/12/443 1151/12/441
f 1152/12/444 1153/12/445 1154/12/445
f 1152/12/444 1154/12/445 1155/12/445
f 1156/12/446 1157/12/446 1158/12/446
f 1156/12/446 1158/12/446 1159/12/446
f 1160/12/447 1161/12/447 1162/12/447
f 1160/12/447 1162/12/447 1163/12/447
f 1164/12/448 1165/12/449 1166/12/449
f 1164/12/448 1166/12/449 1167/12/448
f 1168/12/450 1169/12/450 1170/12/450
f 1168/12/450 1170/12/450 1171/12/450
f 1172/12/451 1173/12/451 1174/12/452
f 1172/12/451 1174/12/452 1175/12/451
f 1176/12/453 1177/12/453 1178/12/453
f 1176/12/453 1178/12/453 1179/12/453
f 1180/12/454 1181/39/454 1182/12/454
f 1180/12/454 1182/12/454 1183/12/454
f 1184/12/455 1185/12/455 1186/12/455
f 1184/12/455 1186/12/455 1187/12/456
s 0
f 1188/12/457 1189/40/457 1190/12/457
f 1188/12/457 1190/12/457 1191/12/457
s 1
f 1192/12/458 1193/12/459 1194/12/460
f 1192/12/458 1194/12/460 1195/12/458
f 1196/41/461 1197/41/462 1198/41/461
f 1196/41/461 1198/41/461 1199/41/462
f 1200/12/463 1201/12/464 1202/12/464
f 1200/12/463 1202/12/464 1203/12/464
f 1204/12/465 1205/12/466 1206/12/467
f 1204/12/465 1206/12/467 1207/12/465
f 1208/12/468 1209/12/468 1210/12/468
f 1208/12/468 1210/12/468 1211/12/468
f 1212/12/469 1213/12/469 1214/12/469
f 1212/12/469 1214/12/469 1215/12/469
f 1216/12/470 1217/12/471 1218/12/471
f 1216/12/470 1218/12/471 1219/12/471
f 1220/12/472 1221/12/472 1222/12/473
f 1220/12/472 1222/12/473 1223/12/472
f 1224/12/474 1225/12/475 1226/12/476
f 1224/12/474 1226/12/476 1227/12/475
f 1228/41/477 1229/41/478 1230/41/477
f 1228/41/477 1230/41/477 1231/41/479
f 1232/41/480 1233/41/480 1234/41/481
f 1232/41/480 1234/41/481 1235/41/482
s 0
f 1236/41/483 1237/41/483 1238/41/483
f 1236/41/484 1238/41/484 1239/41/484
f 1240/41/485 1241/41/485 1242/41/485
f 1240/41/485 1242/41/485 1243/41/485
s 1
f 1244/12/486 1245/12/486 1246/12/487
f 1244/12/486 1246/12/487 1247/12/486
f 1248/12/488 1249/12/489 1250/40/490
f 1248/12/488 1250/40/490 1251/39/489
f 1252/12/491 1253/12/491 1254/12/492
f 1252/12/491 1254/12/492 1255/12/491
f 1256/12/493 1257/12/493 1258/12/493
f 1256/12/493 1258/12/493 1259/12/493
f 1260/12/494 1261/12/495 1262/12/494
f 1260/12/494 1262/12/494 1263/12/495
f 1264/12/496 1265/12/497 1266/12/498
f 1264/12/496 1266/12/498 1267/12/497
f 1268/12/499 1269/12/500 1270/12/500
f 1268/12/499 1270/12/500 1271/12/500
f 1272/41/501 1273/41/501 1274/41/501
f 1272/41/501 1274/41/501 1275/41/501
f 1276/12/502 1277/12/502 1278/12/502
f 1276/12/502 1278/12/502 1279/12/502
f 1280/12/503 1281/12/503 1282/12/504
f 1280/12/503 1282/12/504 1283/12/503
f 1284/12/505 1285/12/505 1286/12/505
f 1284/12/505 1286/12/505 1287/12/506
f 1288/12/507 1289/12/508 1290/12/507
f 1288/12/507 1290/12/507 1291/12/507
f 1292/12/509 1293/12/509 1294/12/510
f 1292/12/509 1294/12/510 1295/12/509
f 1296/12/511 1297/12/511 1298/12/511
f 1296/12/511 1298/12/511 1299/12/511
f 1300/12/512 1301/12/512 1302/12/512
f 1300/12/512 1302/12/512 1303/12/513
f 1304/41/514 1305/41/514 1306/41/514
f 1304/41/514 1306/41/514 1307/41/514
f 1308/12/515 1309/12/515 1310/12/515
f 1308/12/515 1310/12/515 1311/12/515
f 1312/12/516 1313/12/516 1314/12/516
f 1312/12/516 1314/12/516 1315/12/516
f 1316/12/517 1317/12/518 1318/12/517
f 1316/12/517 1318/12/517 1319/12/517
s 0
f 1320/12/519 1321/12/519 1322/12/519
f 1320/12/519 1322/12/519 1323/12/519
s 1
f 1324/12/520 1325/12/520 1326/12/520
f 1324/12/520 1326/12/520 1327/12/521
f 1328/12/522 1329/12/523 1330/12/522
f 1328/12/522 1330/12/522 1331/39/524
f 1332/12/525 1333/12/525 1334/40/525
f 1332/12/525 1334/40/525 1335/12/525
f 1336/12/526 1337/12/526 1338/12/526
f 1336/12/526 1338/12/526 1339/12/526
f 1340/12/527 1341/12/527 1342/12/528
f 1340/12/527 1342/12/528 1343/12/528
f 1344/12/529 1345/12/529 1346/12/529
f 1344/12/529 1346/12/529 1347/12/529
f 1348/12/530 1349/12/530 1350/12/531
f 1348/12/530 1350/12/531 1351/12/532
f 1352/12/533 1353/12/533 1354/12/534
f 1352/12/533 1354/12/534 1355/12/533
f 1356/12/535 1357/12/535 1358/12/536
f 1356/12/535 1358/12/536 1359/12/535
f 1360/12/537 1361/12/538 1362/12/539
f 1360/12/537 1362/12/539 1363/12/539
f 1364/12/540 1365/12/540 1366/12/540
f 1364/12/540 1366/12/540 1367/12/540
f 1368/12/541 1369/12/541 1370/12/541
f 1368/12/541 1370/12/541 1371/12/541
f 1372/12/542 1373/12/542 1374/12/542
f 1372/12/542 1374/12/542 1375/12/542
f 1376/12/543 1377/12/543 1378/12/544
f 1376/12/543 1378/12/544 1379/12/544
f 1380/12/545 1381/12/545 1382/12/545
f 1380/12/545 1382/12/545 1383/12/545
f 1384/12/546 1385/12/547 1386/12/547
f 1384/12/546 1386/12/547 1387/12/548
f 1388/12/549 1389/12/549 1390/12/549
f 1388/12/549 1390/12/549 1391/12/549
f 1392/12/550 1393/12/550 1394/39/550
f 1392/12/550 1394/39/550 1395/12/550
f 1396/12/551 1397/12/551 1398/12/551
f 1396/12/551 1398/12/551 1399/12/551
s 0
f 1400/12/552 1401/12/552 1402/12/552
f 1400/12/552 1402/12/552 1403/39/552
s 1
f 1404/12/553 1405/12/553 1406/12/554
f 1404/12/553 1406/12/554 1407/12/555
f 1408/42/556 1409/42/557 1410/42/558
f 1408/42/556 1410/42/558 1411/42/559
f 1409/42/557 1412/42/560 1413/42/561
f 1409/42/557 1413/42/561 1410/42/558
f 1410/42/558 1413/42/561 1414/42/562
f 1410/42/558 1414/42/562 1415/42/563
f 1411/42/559 1410/42/558 1415/42/563
f 1411/42/559 1415/42/563 1416/42/564
f 1417/42/565 1418/42/566 1419/42/567
f 1417/42/565 1419/42/567 1420/42/568
f 1418/42/566 1421/42/569 1422/42/570
f 1418/42/566 1422/42/570 1419/42/567
f 1419/42/567 1422/42/570 1423/42/571
f 1419/42/567 1423/42/571 1424/42/572
f 1420/42/568 1419/42/567 1424/42/572
f 1420/42/568 1424/42/572 1425/42/573
f 1426/42/574 1427/42/575 1428/42/576
f 1426/42/574 1428/42/576 1429/42/577
f 1411/42/559 1420/42/568 1425/42/573
f 1411/42/559 1425/42/573 1408/42/556
f 1430/42/578 1431/42/579 1432/42/580
f 1430/42/578 1432/42/580 1433/42/581
f 1413/42/561 1422/42/570 1421/42/569
f 1413/42/561 1421/42/569 1414/42/562
f 1434/42/582 1435/42/583 1436/42/584
f 1434/42/582 1436/42/584 1432/42/580
f 1435/42/583 1429/42/577 1428/42/576
f 1435/42/583 1428/42/576 1436/42/584
f 1436/42/584 1428/42/576 1437/42/585
f 1436/42/584 1437/42/585 1438/42/586
f 1432/42/580 1436/42/584 1438/42/586
f 1432/42/580 1438/42/586 1433/42/581
f 1430/42/578 1439/42/587 1440/42/588
f 1430/42/578 1440/42/588 1431/42/579
f 1439/42/587 1441/42/589 1427/42/575
f 1439/42/587 1427/42/575 1440/42/588
f 1440/42/588 1427/42/575 1426/42/574
f 1440/42/588 1426/42/574 1442/42/590
f 1431/42/579 1440/42/588 1442/42/590
f 1431/42/579 1442/42/590 1443/42/591
f 1430/42/578 1433/42/581 1444/42/592
f 1430/42/578 1444/42/592 1445/42/593
f 1432/42/580 1431/42/579 1443/42/591
f 1432/42/580 1443/42/591 1434/42/582
f 1437/42/585 1441/42/589 1446/42/594
f 1437/42/585 1446/42/594 1447/42/595
f 1428/42/576 1427/42/575 1441/42/589
f 1428/42/576 1441/42/589 1437/42/585
f 1447/42/595 1446/42/594 1417/42/565
f 1447/42/595 1417/42/565 1416/42/564
f 1433/42/581 1438/42/586 1448/42/596
f 1433/42/581 1448/42/596 1444/42/592
f 1438/42/586 1437/42/585 1447/42/595
f 1438/42/586 1447/42/595 1448/42/596
f 1448/42/596 1447/42/595 1416/42/564
f 1448/42/596 1416/42/564 1415/42/563
f 1444/42/592 1448/42/596 1415/42/563
f 1444/42/592 1415/42/563 1414/42/562
f 1441/42/589 1439/42/587 1449/42/597
f 1441/42/589 1449/42/597 1446/42/594
f 1439/42/587 1430/42/578 1445/42/593
f 1439/42/587 1445/42/593 1449/42/597
f 1449/42/597 1445/42/593 1421/42/569
f 1449/42/597 1421/42/569 1418/42/566
f 1446/42/594 1449/42/597 1418/42/566
f 1446/42/594 1418/42/566 1417/42/565
f 1445/42/593 1444/42/592 1414/42/562
f 1445/42/593 1414/42/562 1421/42/569
f 1423/42/571 1422/42/570 1413/42/561
f 1423/42/571 1413/42/561 1412/42/560
f 1417/42/565 1420/42/568 1411/42/559
f 1417/42/565 1411/42/559 1416/42/564
f 1450/42/556 1451/42/557 1452/42/558
f 1450/42/556 1452/42/558 1453/42/559
f 1451/42/557 1454/42/560 1455/42/561
f 1451/42/557 1455/42/561 1452/42/558
f 1452/42/558 1455/42/561 1456/42/562
f 1452/42/558 1456/42/562 1457/42/563
f 1453/42/559 1452/42/558 1457/42/563
f 1453/42/559 1457/42/563 1458/42/598
f 1459/42/599 1460/42/600 1461/42/567
f 1459/42/599 1461/42/567 1462/42/568
f 1460/42/600 1463/42/569 1464/42/601
f 1460/42/600 1464/42/601 1461/42/567
f 1461/42/567 1464/42/601 1465/42/602
f 1461/42/567 1465/42/602 1466/42/572
f 1462/42/568 1461/42/567 1466/42/572
f 1462/42/568 1466/42/572 1467/42/603
f 1468/42/574 1469/42/575 1470/42/576
f 1468/42/574 1470/42/576 1471/42/577
f 1453/42/559 1462/42/568 1467/42/603
f 1453/42/559 1467/42/603 1450/42/556
f 1472/42/578 1473/42/579 1474/42/580
f 1472/42/578 1474/42/580 1475/42/604
f 1455/42/561 1464/42/601 1463/42/569
f 1455/42/561 1463/42/569 1456/42/562
f 1476/42/605 1477/42/583 1478/42/584
f 1476/42/605 1478/42/584 1474/42/580
f 1477/42/583 1471/42/577 1470/42/576
f 1477/42/583 1470/42/576 1478/42/584
f 1478/42/584 1470/42/576 1479/42/585
f 1478/42/584 1479/42/585 1480/42/586
f 1474/42/580 1478/42/584 1480/42/586
f 1474/42/580 1480/42/586 1475/42/604
f 1472/42/578 1481/42/587 1482/42/588
f 1472/42/578 1482/42/588 1473/42/579
f 1481/42/587 1483/42/606 1469/42/575
f 1481/42/587 1469/42/575 1482/42/588
f 1482/42/588 1469/42/575 1468/42/574
f 1482/42/588 1468/42/574 1484/42/590
f 1473/42/579 1482/42/588 1484/42/590
f 1473/42/579 1484/42/590 1485/42/607
f 1472/42/578 1475/42/604 1486/42/592
f 1472/42/578 1486/42/592 1487/42/593
f 1474/42/580 1473/42/579 1485/42/607
f 1474/42/580 1485/42/607 1476/42/605
f 1479/42/585 1483/42/606 1488/42/608
f 1479/42/585 1488/42/608 1489/42/595
f 1470/42/576 1469/42/575 1483/42/606
f 1470/42/576 1483/42/606 1479/42/585
f 1489/42/595 1488/42/608 1459/42/599
f 1489/42/595 1459/42/599 1458/42/598
f 1475/42/604 1480/42/586 1490/42/596
f 1475/42/604 1490/42/596 1486/42/592
f 1480/42/586 1479/42/585 1489/42/595
f 1480/42/586 1489/42/595 1490/42/596
f 1490/42/596 1489/42/595 1458/42/598
f 1490/42/596 1458/42/598 1457/42/563
f 1486/42/592 1490/42/596 1457/42/563
f 1486/42/592 1457/42/563 1456/42/562
f 1483/42/606 1481/42/587 1491/42/597
f 1483/42/606 1491/42/597 1488/42/608
f 1481/42/587 1472/42/578 1487/42/593
f 1481/42/587 1487/42/593 1491/42/597
f 1491/42/597 1487/42/593 1463/42/569
f 1491/42/597 1463/42/569 1460/42/600
f 1488/42/608 1491/42/597 1460/42/600
f 1488/42/608 1460/42/600 1459/42/599
f 1487/42/593 1486/42/592 1456/42/562
f 1487/42/593 1456/42/562 1463/42/569
f 1465/42/602 1464/42/601 1455/42/561
f 1465/42/602 1455/42/561 1454/42/560
f 1459/42/599 1462/42/568 1453/42/559
f 1459/42/599 1453/42/559 1458/42/598
f 1492/43/609 1493/43/610 1494/43/611
f 1492/43/609 1494/43/611 1495/43/612
f 1496/43/613 1497/43/614 1498/43/615
f 1496/43/613 1498/43/615 1499/43/616
s 0
f 1500/43/617 1501/43/617 1502/43/617
f 1500/43/618 1502/43/618 1503/43/618
f 1504/43/619 1505/43/619 1506/43/619
f 1504/43/619 1506/43/619 1507/43/619
f 1508/43/620 1509/43/620 1510/43/620
f 1508/43/621 1510/43/621 1511/43/621
f 1512/43/622 1513/43/622 1514/43/622
f 1512/43/622 1514/43/622 1515/43/622
f 1516/43/623 1517/43/623 1518/43/623
f 1516/43/623 1518/43/623 1519/43/623
f 1520/43/624 1521/43/624 1522/43/624
f 1520/43/624 1522/43/624 1523/43/624
s 1
f 1524/43/625 1525/43/625 1526/43/625
f 1524/43/625 1526/43/625 1527/43/625
f 1528/43/626 1529/43/627 1530/43/627
f 1528/43/626 1530/43/627 1531/43/627
s 0
f 1532/43/628 1533/43/628 1534/43/628
f 1532/43/618 1534/43/618 1535/43/618
f 1536/43/619 1537/43/619 1538/43/619
f 1536/43/619 1538/43/619 1539/43/619
s 1
f 1540/43/629 1541/43/629 1542/43/629
f 1540/43/629 1542/43/629 1543/43/630
s 0
f 1544/43/631 1545/43/631 1546/43/631
f 1544/43/631 1546/43/631 1547/43/631
s 1
f 1548/43/632 1549/43/632 1550/43/633
f 1548/43/632 1550/43/633 1551/43/632
s 0
f 1552/43/624 1553/43/624 1554/43/624
f 1552/43/624 1554/43/624 1555/43/624
s 1
f 1556/43/634 1557/43/634 1558/43/634
f 1556/43/634 1558/43/634 1559/43/634
f 1560/43/635 1561/43/635 1562/43/636
f 1560/43/635 1562/43/636 1563/43/636
s 0
f 1564/43/618 1565/43/618 1566/43/618
f 1564/43/618 1566/43/618 1567/43/618
f 1568/43/619 1569/43/619 1570/43/619
f 1568/43/619 1570/43/619 1571/43/619
f 1572/43/620 1573/43/620 1574/43/620
f 1572/43/621 1574/43/621 1575/43/621
f 1576/43/631 1577/43/631 1578/43/631
f 1576/43/631 1578/43/631 1579/43/631
f 1580/43/637 1581/43/637 1582/43/637
f 1580/43/637 1582/43/637 1583/43/637
f 1584/43/624 1585/43/624 1586/43/624
f 1584/43/624 1586/43/624 1587/43/624
s 1
f 1588/43/638 1589/43/638 1590/43/639
f 1588/43/638 1590/43/639 1591/43/638
f 1592/43/640 1593/43/641 1594/43/641
f 1592/43/640 1594/43/641 1595/43/640
s 0
f 1596/43/628 1597/43/628 1598/43/628
f 1596/43/618 1598/43/618 1599/43/618
f 1600/43/1 1601/43/1 1602/43/1
f 1600/43/1 1602/43/1 1603/43/1
f 1604/43/620 1605/43/620 1606/43/620
f 1604/43/621 1606/43/621 1607/43/621
f 1608/43/631 1609/43/631 1610/43/631
f 1608/43/631 1610/43/631 1611/43/631
f 1612/43/642 1613/43/642 1614/43/642
f 1612/43/643 1614/43/643 1615/43/643
f 1616/43/1 1617/43/1 1618/43/1
f 1616/43/1 1618/43/1 1619/43/1
s 1
f 1620/43/644 1621/43/645 1622/43/646
f 1620/43/644 1622/43/646 1623/43/645
f 1624/43/647 1625/43/648 1626/43/648
f 1624/43/647 1626/43/648 1627/43/648
s 0
f 1628/43/617 1629/43/617 1630/43/617
f 1628/43/618 1630/43/618 1631/43/618
f 1632/43/619 1633/43/619 1634/43/619
f 1632/43/619 1634/43/619 1635/43/619
f 1636/43/620 1637/43/620 1638/43/620
f 1636/43/621 1638/43/621 1639/43/621
f 1640/43/649 1641/43/649 1642/43/649
f 1640/43/649 1642/43/649 1643/43/649
s 1
f 1644/43/650 1645/43/651 1646/43/651
f 1644/43/650 1646/43/651 1647/43/650
f 1648/43/652 1649/43/653 1650/43/652
f 1648/43/652 1650/43/652 1651/43/652
f 1652/43/634 1653/43/634 1654/43/634
f 1652/43/634 1654/43/634 1655/43/634
f 1656/43/654 1657/43/655 1658/43/654
f 1656/43/654 1658/43/654 1659/43/654
s 0
f 1660/43/628 1661/43/628 1662/43/628
f 1660/43/618 1662/43/618 1663/43/618
f 1664/43/619 1665/43/619 1666/43/619
f 1664/43/619 1666/43/619 1667/43/619
f 1668/43/620 1669/43/620 1670/43/620
f 1668/43/656 1670/43/656 1671/43/656
f 1672/43/631 1673/43/631 1674/43/631
f 1672/43/631 1674/43/631 1675/43/631
f 1676/43/657 1677/43/657 1678/43/657
f 1676/43/658 1678/43/658 1679/43/658
f 1680/43/624 1681/43/624 1682/43/624
f 1680/43/624 1682/43/624 1683/43/624
s 1
f 1684/43/659 1685/43/659 1686/43/660
f 1684/43/659 1686/43/660 1687/43/659
f 1688/43/661 1689/43/661 1690/43/661
f 1688/43/661 1690/43/661 1691/43/661
s 0
f 1692/43/617 1693/43/617 1694/43/617
f 1692/43/618 1694/43/618 1695/43/618
f 1696/43/619 1697/43/619 1698/43/619
f 1696/43/619 1698/43/619 1699/43/619
s 1
f 1700/43/662 1701/43/662 1702/43/662
f 1700/43/662 1702/43/662 1703/43/662
s 0
f 1704/43/663 1705/43/663 1706/43/663
f 1704/43/663 1706/43/663 1707/43/663
f 1708/43/637 1709/43/637 1710/43/637
f 1708/43/637 1710/43/637 1711/43/637
f 1712/43/624 1713/43/624 1714/43/624
f 1712/43/624 1714/43/624 1715/43/624
s 1
f 1716/43/664 1717/43/664 1718/43/665
f 1716/43/664 1718/43/665 1719/43/665
f 1720/43/666 1721/43/666 1722/43/666
f 1720/43/666 1722/43/666 1723/43/666
s 0
f 1724/43/667 1725/43/667 1726/43/667
s 1
f 1724/43/668 1726/43/668 1727/43/668
s 0
f 1728/43/619 1729/43/619 1730/43/619
f 1728/43/619 1730/43/619 1731/43/619
s 1
f 1732/43/669 1733/43/670 1734/43/670
f 1732/43/669 1734/43/670 1735/43/669
s 0
f 1736/43/671 1737/43/671 1738/43/671
f 1736/43/671 1738/43/671 1739/43/671
s 1
f 1740/43/672 1741/43/672 1742/43/672
f 1740/43/672 1742/43/672 1743/43/672
f 1744/43/673 1745/43/673 1746/43/674
f 1744/43/673 1746/43/674 1747/43/673
f 1748/43/675 1749/43/675 1750/43/675
f 1748/43/675 1750/43/675 1751/43/675
f 1752/43/676 1753/43/676 1754/43/676
f 1752/43/676 1754/43/676 1755/43/676
s 0
f 1756/43/677 1757/43/677 1758/43/677
f 1756/43/678 1758/43/678 1759/43/678
f 1760/43/619 1761/43/619 1762/43/619
f 1760/43/619 1762/43/619 1763/43/619
s 1
f 1764/43/679 1765/43/680 1766/43/679
f 1764/43/679 1766/43/679 1767/43/679
s 0
f 1768/43/681 1769/43/681 1770/43/681
f 1768/43/681 1770/43/681 1771/43/681
s 1
f 1772/43/682 1773/43/682 1774/43/682
f 1772/43/682 1774/43/682 1775/43/682
f 1776/43/683 1777/43/684 1778/43/684
f 1776/43/683 1778/43/684 1779/43/683
f 1780/43/685 1781/43/685 1782/43/685
f 1780/43/685 1782/43/685 1783/43/685
f 1784/43/686 1785/43/687 1786/43/687
f 1784/43/686 1786/43/687 1787/43/687
s 0
f 1788/43/677 1789/43/677 1790/43/677
f 1788/43/677 1790/43/677 1791/43/677
s 1
f 1792/43/688 1793/43/688 1794/43/688
f 1792/43/688 1794/43/688 1795/43/688
s 0
f 1796/43/689 1797/43/689 1798/43/689
f 1796/43/690 1798/43/690 1799/43/690
f 1800/43/691 1801/43/691 1802/43/691
f 1800/43/691 1802/43/691 1803/43/691
f 1804/43/692 1805/43/692 1806/43/692
f 1804/43/692 1806/43/692 1807/43/692
f 1808/43/693 1809/43/693 1810/43/693
f 1808/43/693 1810/43/693 1811/43/693
s 1
f 1812/43/694 1813/43/694 1814/43/694
f 1812/43/694 1814/43/694 1815/43/694
f 1816/43/695 1817/43/695 1818/43/696
f 1816/43/695 1818/43/696 1819/43/696
s 0
f 1820/43/677 1821/43/677 1822/43/677
f 1820/43/678 1822/43/678 1823/43/678
f 1824/43/1 1825/43/1 1826/43/1
f 1824/43/1 1826/43/1 1827/43/1
f 1828/43/689 1829/43/689 1830/43/689
f 1828/43/697 1830/43/697 1831/43/697
f 1832/43/681 1833/43/681 1834/43/681
f 1832/43/681 1834/43/681 1835/43/681
f 1836/43/698 1837/43/698 1838/43/698
f 1836/43/699 1838/43/699 1839/43/699
f 1840/43/1 1841/43/1 1842/43/1
f 1840/43/1 1842/43/1 1843/43/1
s 1
f 1844/43/700 1845/43/701 1846/43/702
f 1844/43/700 1846/43/702 1847/43/703
f 1848/43/704 1849/43/704 1850/43/704
f 1848/43/704 1850/43/704 1851/43/704
f 1852/43/705 1853/43/705 1854/43/705
f 1852/43/705 1854/43/705 1855/43/705
s 0
f 1856/43/619 1857/43/619 1858/43/619
f 1856/43/619 1858/43/619 1859/43/619
f 1860/43/689 1861/43/689 1862/43/689
f 1860/43/697 1862/43/697 1863/43/697
f 1864/43/706 1865/43/706 1866/43/706
f 1864/43/706 1866/43/706 1867/43/706
s 1
f 1868/43/707 1869/43/707 1870/43/708
f 1868/43/707 1870/43/708 1871/43/708
f 1872/43/709 1873/43/709 1874/43/709
f 1872/43/709 1874/43/709 1875/43/710
f 1876/43/711 1877/43/712 1878/43/712
f 1876/43/711 1878/43/712 1879/43/712
f 1880/43/713 1881/43/713 1882/43/713
f 1880/43/713 1882/43/713 1883/43/713
s 0
f 1884/43/677 1885/43/677 1886/43/677
f 1884/43/677 1886/43/677 1887/43/677
f 1888/43/619 1889/43/619 1890/43/619
f 1888/43/619 1890/43/619 1891/43/619
s 1
f 1892/43/714 1893/43/715 1894/43/715
f 1892/43/714 1894/43/715 1895/43/715
f 1896/43/716 1897/43/716 1898/43/716
f 1896/43/716 1898/43/716 1899/43/716
s 0
f 1900/43/717 1901/43/717 1902/43/717
f 1900/43/718 1902/43/718 1903/43/718
s 1
f 1904/43/719 1905/43/720 1906/43/720
f 1904/43/719 1906/43/720 1907/43/720
f 1908/43/721 1909/43/722 1910/43/723
f 1908/43/721 1910/43/723 1911/43/724
f 1912/43/725 1913/43/725 1914/43/725
f 1912/43/725 1914/43/725 1915/43/725
s 0
f 1916/43/677 1917/43/677 1918/43/677
f 1916/43/726 1918/43/726 1919/43/726
f 1920/43/619 1921/43/619 1922/43/619
f 1920/43/619 1922/43/619 1923/43/619
s 1
f 1924/43/727 1925/43/727 1926/43/727
f 1924/43/727 1926/43/727 1927/43/727
s 0
f 1928/43/728 1929/43/728 1930/43/728
f 1928/43/728 1930/43/728 1931/43/728
f 1932/43/692 1933/43/692 1934/43/692
s 1
f 1932/43/692 1934/43/692 1935/43/692
s 0
f 1936/43/693 1937/43/693 1938/43/693
f 1936/43/693 1938/43/693 1939/43/693
s 1
f 1940/43/729 1941/43/729 1942/43/729
f 1940/43/729 1942/43/729 1943/43/729
s 0
f 1944/43/730 1945/43/730 1946/43/730
f 1944/43/730 1946/43/730 1947/43/730
s 1
f 1948/43/731 1949/43/731 1950/43/731
f 1948/43/731 1950/43/731 1951/43/731
s 0
f 1952/43/732 1953/43/732 1954/43/732
f 1952/43/732 1954/43/732 1955/43/732
s 1
f 1956/43/733 1957/43/733 1958/43/733
f 1956/43/733 1958/43/733 1959/43/733
f 1960/43/734 1961/43/734 1962/43/734
f 1960/43/734 1962/43/734 1963/43/734
f 1964/43/735 1965/43/736 1966/43/737
f 1964/43/735 1966/43/737 1967/43/737
s 0
f 1968/43/738 1969/43/738 1970/43/738
f 1968/43/739 1970/43/739 1971/43/739
f 1972/43/740 1973/43/740 1974/43/740
f 1972/43/740 1974/43/740 1975/43/740
f 1976/43/741 1977/43/741 1978/43/741
f 1976/43/742 1978/43/742 1979/43/742
f 1980/43/743 1981/43/743 1982/43/743
f 1980/43/743 1982/43/743 1983/43/743
f 1984/43/744 1985/43/744 1986/43/744
f 1984/43/744 1986/43/744 1987/43/744
f 1988/43/624 1989/43/624 1990/43/624
f 1988/43/624 1990/43/624 1991/43/624
s 1
f 1992/43/745 1993/43/746 1994/43/745
f 1992/43/745 1994/43/745 1995/43/745
f 1996/43/747 1997/43/748 1998/43/748
f 1996/43/747 1998/43/748 1999/43/748
s 0
f 2000/43/749 2001/43/749 2002/43/749
f 2000/43/749 2002/43/749 2003/43/749
f 2004/43/740 2005/43/740 2006/43/740
f 2004/43/740 2006/43/740 2007/43/740
s 1
f 2008/43/750 2009/43/751 2010/43/750
f 2008/43/750 2010/43/750 2011/43/750
s 0
f 2012/43/631 2013/43/631 2014/43/631
f 2012/43/631 2014/43/631 2015/43/631
s 1
f 2016/43/752 2017/43/752 2018/43/753
f 2016/43/752 2018/43/753 2019/43/752
s 0
f 2020/43/624 2021/43/624 2022/43/624
f 2020/43/624 2022/43/624 2023/43/624
s 1
f 2024/43/754 2025/43/754 2026/43/754
f 2024/43/754 2026/43/754 2027/43/754
f 2028/43/755 2029/43/756 2030/43/756
f 2028/43/755 2030/43/756 2031/43/755
s 0
f 2032/43/738 2033/43/738 2034/43/738
f 2032/43/757 2034/43/757 2035/43/757
f 2036/43/740 2037/43/740 2038/43/740
f 2036/43/740 2038/43/740 2039/43/740
f 2040/43/741 2041/43/741 2042/43/741
f 2040/43/742 2042/43/742 2043/43/742
f 2044/43/631 2045/43/631 2046/43/631
f 2044/43/631 2046/43/631 2047/43/631
f 2048/43/758 2049/43/758 2050/43/758
f 2048/43/758 2050/43/758 2051/43/758
f 2052/43/624 2053/43/624 2054/43/624
f 2052/43/624 2054/43/624 2055/43/624
s 1
f 2056/43/759 2057/43/759 2058/43/760
f 2056/43/759 2058/43/760 2059/43/759
f 2060/43/761 2061/43/761 2062/43/762
f 2060/43/761 2062/43/762 2063/43/761
s 0
f 2064/43/738 2065/43/738 2066/43/738
f 2064/43/749 2066/43/749 2067/43/749
f 2068/43/1 2069/43/1 2070/43/1
f 2068/43/1 2070/43/1 2071/43/1
f 2072/43/741 2073/43/741 2074/43/741
f 2072/43/742 2074/43/742 2075/43/742
f 2076/43/631 2077/43/631 2078/43/631
f 2076/43/631 2078/43/631 2079/43/631
f 2080/43/763 2081/43/763 2082/43/763
f 2080/43/764 2082/43/764 2083/43/764
f 2084/43/1 2068/43/1 2071/43/1
f 2084/43/1 2071/43/1 2085/43/1
s 1
f 2086/43/765 2087/43/766 2088/43/767
f 2086/43/765 2088/43/767 2089/43/766
f 2090/43/768 2091/43/768 2092/43/769
f 2090/43/768 2092/43/769 2093/43/768
s 0
f 2094/43/738 2095/43/738 2096/43/738
f 2094/43/739 2096/43/739 2097/43/739
f 2098/43/740 2099/43/740 2100/43/740
f 2098/43/740 2100/43/740 2101/43/740
f 2102/43/741 2103/43/741 2104/43/741
f 2102/43/742 2104/43/742 2105/43/742
f 2106/43/770 2107/43/770 2108/43/770
f 2106/43/770 2108/43/770 2109/43/770
s 1
f 2110/43/771 2111/43/772 2112/43/772
f 2110/43/771 2112/43/772 2113/43/771
f 2114/43/773 2115/43/774 2116/43/775
f 2114/43/773 2116/43/775 2117/43/775
f 2118/43/754 2119/43/754 2120/43/754
f 2118/43/754 2120/43/754 2121/43/754
f 2122/43/776 2123/43/776 2124/43/776
f 2122/43/776 2124/43/776 2125/43/777
s 0
f 2126/43/738 2127/43/738 2128/43/738
f 2126/43/738 2128/43/738 2129/43/738
f 2130/43/740 2131/43/740 2132/43/740
f 2130/43/740 2132/43/740 2133/43/740
f 2134/43/778 2135/43/778 2136/43/778
f 2134/43/742 2136/43/742 2137/43/742
f 2138/43/631 2139/43/631 2140/43/631
f 2138/43/631 2140/43/631 2141/43/631
f 2142/43/779 2143/43/779 2144/43/779
f 2142/43/780 2144/43/780 2145/43/780
f 2146/43/624 2147/43/624 2148/43/624
f 2146/43/624 2148/43/624 2149/43/624
s 1
f 2150/43/781 2151/43/781 2152/43/781
f 2150/43/781 2152/43/781 2153/43/781
f 2154/43/782 2155/43/782 2156/43/782
f 2154/43/782 2156/43/782 2157/43/782
s 0
f 2158/43/738 2159/43/738 2160/43/738
f 2158/43/739 2160/43/739 2161/43/739
f 2162/43/740 2163/43/740 2164/43/740
f 2162/43/740 2164/43/740 2165/43/740
s 1
f 2166/43/783 2167/43/783 2168/43/783
f 2166/43/783 2168/43/783 2169/43/783
s 0
f 2170/43/784 2171/43/784 2172/43/784
f 2170/43/784 2172/43/784 2173/43/784
f 2174/43/758 2175/43/758 2176/43/758
f 2174/43/758 2176/43/758 2177/43/758
f 2178/43/624 2179/43/624 2180/43/624
f 2178/43/624 2180/43/624 2181/43/624
s 1
f 2182/43/785 2183/43/785 2184/43/785
f 2182/43/785 2184/43/785 2185/43/785
f 2186/43/786 2187/43/786 2188/43/786
f 2186/43/786 2188/43/786 2189/43/786
f 2190/43/787 2191/43/787 2192/43/787
s 0
f 2190/43/788 2192/43/788 2193/43/788
f 2194/43/740 2195/43/740 2196/43/740
f 2194/43/740 2196/43/740 2197/43/740
s 1
f 2198/43/789 2199/43/789 2200/43/790
f 2198/43/789 2200/43/790 2201/43/789
s 0
f 2202/43/791 2203/43/791 2204/43/791
f 2202/43/791 2204/43/791 2205/43/791
s 1
f 2206/43/792 2207/43/792 2208/43/792
f 2206/43/792 2208/43/792 2209/43/792
f 2210/43/793 2211/43/793 2212/43/793
f 2210/43/793 2212/43/793 2213/43/793
f 2214/43/794 2215/43/794 2216/43/794
f 2214/43/794 2216/43/794 2217/43/794
f 2218/43/795 2219/43/795 2220/43/795
f 2218/43/795 2220/43/795 2221/43/795
s 0
f 2222/43/796 2223/43/796 2224/43/796
f 2222/43/797 2224/43/797 2225/43/797
f 2226/43/740 2227/43/740 2228/43/740
f 2226/43/740 2228/43/740 2229/43/740
s 1
f 2230/43/798 2231/43/798 2232/43/798
f 2230/43/798 2232/43/798 2233/43/799
s 0
f 2234/43/681 2235/43/681 2236/43/681
f 2234/43/681 2236/43/681 2237/43/681
s 1
f 2238/43/800 2239/43/800 2240/43/800
f 2238/43/800 2240/43/800 2241/43/800
f 2242/43/801 2243/43/801 2244/43/802
f 2242/43/801 2244/43/802 2245/43/802
f 2246/43/803 2247/43/803 2248/43/804
f 2246/43/803 2248/43/804 2249/43/803
f 2250/43/805 2251/43/806 2252/43/806
f 2250/43/805 2252/43/806 2253/43/805
s 0
f 2254/43/797 2255/43/797 2256/43/797
f 2254/43/797 2256/43/797 2257/43/797
s 1
f 2258/43/807 2259/43/807 2260/43/807
f 2258/43/807 2260/43/807 2261/43/807
s 0
f 2262/43/808 2263/43/808 2264/43/808
f 2262/43/809 2264/43/809 2265/43/809
f 2266/43/810 2267/43/810 2268/43/810
f 2266/43/810 2268/43/810 2269/43/810
f 2270/43/811 2271/43/811 2272/43/811
f 2270/43/811 2272/43/811 2273/43/811
f 2274/43/693 2275/43/693 2276/43/693
f 2274/43/693 2276/43/693 2277/43/693
s 1
f 2278/43/812 2279/43/812 2280/43/812
f 2278/43/812 2280/43/812 2281/43/812
f 2282/43/813 2283/43/814 2284/43/814
f 2282/43/813 2284/43/814 2285/43/813
s 0
f 2286/43/796 2287/43/796 2288/43/796
f 2286/43/797 2288/43/797 2289/43/797
f 2290/43/1 2291/43/1 2292/43/1
f 2290/43/1 2292/43/1 2293/43/1
f 2294/43/815 2295/43/815 2296/43/815
f 2294/43/809 2296/43/809 2297/43/809
f 2298/43/681 2299/43/681 2300/43/681
f 2298/43/681 2300/43/681 2301/43/681
f 2302/43/816 2303/43/816 2304/43/816
f 2302/43/817 2304/43/817 2305/43/817
f 2306/43/1 2307/43/1 2291/43/1
f 2306/43/1 2291/43/1 2290/43/1
s 1
f 2308/43/818 2309/43/819 2310/43/820
f 2308/43/818 2310/43/820 2311/43/821
f 2312/43/822 2313/43/823 2314/43/824
f 2312/43/822 2314/43/824 2315/43/823
f 2316/43/825 2317/43/825 2318/43/825
f 2316/43/825 2318/43/825 2319/43/825
s 0
f 2320/43/740 2321/43/740 2322/43/740
f 2320/43/740 2322/43/740 2323/43/740
f 2324/43/815 2325/43/815 2326/43/815
f 2324/43/809 2326/43/809 2327/43/809
f 2328/43/826 2329/43/826 2330/43/826
f 2328/43/826 2330/43/826 2331/43/826
s 1
f 2332/43/827 2333/43/828 2334/43/828
f 2332/43/827 2334/43/828 2335/43/828
f 2336/43/829 2337/43/830 2338/43/831
f 2336/43/829 2338/43/831 2339/43/830
f 2340/43/832 2341/43/832 2342/43/832
f 2340/43/832 2342/43/832 2343/43/832
f 2344/43/833 2345/43/833 2346/43/833
f 2344/43/833 2346/43/833 2347/43/833
s 0
f 2348/43/834 2349/43/834 2350/43/834
f 2348/43/796 2350/43/796 2351/43/796
f 2352/43/740 2353/43/740 2354/43/740
f 2352/43/740 2354/43/740 2355/43/740
s 1
f 2356/43/835 2357/43/836 2358/43/836
f 2356/43/835 2358/43/836 2359/43/835
f 2360/43/837 2361/43/837 2362/43/837
f 2360/43/837 2362/43/837 2363/43/837
s 0
f 2364/43/838 2365/43/838 2366/43/838
f 2364/43/839 2366/43/839 2367/43/839
s 1
f 2368/43/840 2369/43/840 2370/43/840
f 2368/43/840 2370/43/840 2371/43/840
f 2372/43/841 2373/43/841 2374/43/841
f 2372/43/841 2374/43/841 2375/43/841
f 2376/43/842 2377/43/842 2378/43/842
f 2376/43/842 2378/43/842 2379/43/842
s 0
f 2380/43/843 2381/43/843 2382/43/843
f 2380/43/797 2382/43/797 2383/43/797
f 2384/43/740 2385/43/740 2386/43/740
f 2384/43/740 2386/43/740 2387/43/740
s 1
f 2388/43/844 2389/43/844 2390/43/844
f 2388/43/844 2390/43/844 2391/43/844
s 0
f 2392/43/845 2393/43/845 2394/43/845
f 2392/43/845 2394/43/845 2395/43/845
f 2396/43/811 2397/43/811 2398/43/811
f 2396/43/811 2398/43/811 2399/43/811
f 2400/43/693 2401/43/693 2402/43/693
f 2400/43/693 2402/43/693 2403/43/693
s 1
f 2404/43/846 2405/43/846 2406/43/846
f 2404/43/846 2406/43/846 2407/43/846
s 0
f 2408/43/847 2409/43/847 2410/43/847
f 2408/43/847 2410/43/847 2411/43/847
s 1
f 2412/43/848 2413/43/848 2414/43/848
f 2412/43/848 2414/43/848 2415/43/848
s 0
f 2416/43/849 2417/43/849 2418/43/849
f 2416/43/849 2418/43/849 2419/43/849
s 1
f 2420/43/850 2421/43/850 2422/43/850
f 2420/43/850 2422/43/850 2423/43/850
s 0
f 2424/44/851 2425/44/851 2426/44/851
f 2424/44/851 2426/44/851 2427/44/851
f 2428/44/852 2429/44/852 2430/44/852
f 2428/44/852 2430/44/852 2431/44/852
f 2432/44/1 2433/44/1 2434/44/1
f 2432/44/1 2434/44/1 2435/44/1
f 2436/44/853 2437/44/853 2438/44/853
f 2436/44/853 2438/44/853 2439/44/853
f 2440/44/854 2441/44/854 2442/44/854
f 2440/44/854 2442/44/854 2443/44/854
f 2444/44/851 2445/44/851 2446/44/851
f 2444/44/851 2446/44/851 2447/44/851
f 2448/44/855 2449/44/855 2450/44/855
f 2448/44/855 2450/44/855 2451/44/855
f 2452/44/1 2453/44/1 2454/44/1
f 2452/44/1 2454/44/1 2455/44/1
f 2456/44/853 2457/44/853 2458/44/853
f 2456/44/853 2458/44/853 2459/44/853
f 2460/44/854 2461/44/854 2462/44/854
f 2460/44/854 2462/44/854 2463/44/854
f 2464/44/856 2465/44/856 2466/44/856
f 2464/44/856 2466/44/856 2467/44/856
f 2468/44/857 2469/44/857 2470/44/857
f 2468/44/857 2470/44/857 2471/44/857
f 2472/44/858 2473/44/858 2474/44/858
f 2472/44/858 2474/44/858 2475/44/858
f 2476/44/859 2477/44/859 2478/44/859
f 2476/44/859 2478/44/859 2479/44/859
f 2480/44/860 2481/44/860 2482/44/860
f 2480/44/860 2482/44/860 2483/44/860
s 1
f 2484/44/861 2485/44/862 2486/44/861
f 2484/44/861 2486/44/861 2487/44/862
s 0
f 2488/44/863 2489/44/863 2490/44/863
f 2488/44/863 2490/44/863 2491/44/863
f 2492/44/864 2493/44/864 2494/44/864
f 2492/44/864 2494/44/864 2495/44/864
f 2496/44/865 2497/44/865 2498/44/865
f 2496/44/865 2498/44/865 2499/44/865
f 2500/44/866 2501/44/866 2502/44/866
f 2500/44/866 2502/44/866 2503/44/866
s 1
f 2504/45/867 2505/46/868 2506/47/869
f 2504/45/867 2506/47/869 2507/48/868
s 0
f 2508/46/870 2509/45/870 2510/45/870
f 2508/46/870 2510/45/870 2511/46/870
f 2512/47/871 2513/46/871 2514/46/871
f 2512/47/871 2514/46/871 2515/47/871
f 2516/45/872 2517/48/872 2518/48/872
f 2516/45/872 2518/48/872 2519/45/872
s 1
f 2520/48/873 2521/47/873 2522/47/873
s 0
f 2520/48/873 2522/47/873 2523/48/873
f 2524/44/874 2525/44/874 2526/44/874
f 2524/44/874 2526/44/874 2527/44/874
f 2528/44/875 2529/44/875 2530/44/875
f 2528/44/875 2530/44/875 2531/44/875
f 2532/44/1 2533/44/1 2534/44/1
f 2532/44/1 2534/44/1 2535/44/1
f 2536/44/853 2537/44/853 2538/44/853
f 2536/44/853 2538/44/853 2539/44/853
f 2540/44/854 2541/44/854 2542/44/854
f 2540/44/854 2542/44/854 2543/44/854
f 2544/44/874 2545/44/874 2546/44/874
f 2544/44/874 2546/44/874 2547/44/874
f 2548/44/876 2549/44/876 2550/44/876
f 2548/44/876 2550/44/876 2551/44/876
f 2552/44/1 2553/44/1 2554/44/1
f 2552/44/1 2554/44/1 2555/44/1
f 2556/44/853 2557/44/853 2558/44/853
f 2556/44/853 2558/44/853 2559/44/853
f 2560/44/854 2561/44/854 2562/44/854
f 2560/44/854 2562/44/854 2563/44/854
f 2564/44/877 2565/44/877 2566/44/877
f 2564/44/877 2566/44/877 2567/44/877
f 2568/44/878 2569/44/878 2570/44/878
f 2568/44/878 2570/44/878 2571/44/878
f 2572/44/858 2573/44/858 2574/44/858
f 2572/44/858 2574/44/858 2575/44/858
f 2576/44/859 2577/44/859 2578/44/859
f 2576/44/859 2578/44/859 2579/44/859
f 2580/44/879 2581/44/879 2582/44/879
f 2580/44/879 2582/44/879 2583/44/879
s 1
f 2584/44/880 2585/44/881 2586/44/882
f 2584/44/880 2586/44/882 2587/44/881
s 0
f 2588/44/883 2589/44/883 2590/44/883
f 2588/44/883 2590/44/883 2591/44/883
f 2592/44/884 2593/44/884 2594/44/884
f 2592/44/884 2594/44/884 2595/44/884
f 2596/44/885 2597/44/885 2598/44/885
f 2596/44/885 2598/44/885 2599/44/885
f 2600/44/886 2601/44/886 2602/44/886
f 2600/44/886 2602/44/886 2603/44/886
s 1
f 2604/45/887 2605/48/888 2606/47/887
f 2604/45/887 2606/47/887 2607/46/888
s 0
f 2608/46/889 2609/46/889 2610/45/889
f 2608/46/889 2610/45/889 2611/45/889
f 2612/47/890 2613/47/890 2614/46/890
f 2612/47/890 2614/46/890 2615/46/890
f 2616/45/891 2617/45/891 2618/48/891
f 2616/45/891 2618/48/891 2619/48/891
f 2620/48/892 2621/48/892 2622/47/892
s 1
f 2620/48/892 2622/47/892 2623/47/892
f 2624/10/893 2625/10/893 2626/10/893
f 2624/10/893 2626/10/893 2627/10/894
f 2628/13/895 2629/13/895 2630/13/895
f 2628/13/895 2630/13/895 2631/13/896
f 2632/10/897 2633/10/898 2634/10/898
f 2632/10/897 2634/10/898 2635/10/898
f 2636/8/899 2637/8/899 2638/8/899
f 2636/8/899 2638/8/899 2639/8/899
f 2640/10/900 2641/10/900 2642/49/900
f 2640/10/900 2642/49/900 2643/10/900
f 2644/10/901 2645/10/901 2646/10/901
f 2644/10/901 2646/10/901 2647/10/901
f 2648/10/902 2649/10/902 2650/10/903
f 2648/10/902 2650/10/903 2651/10/903
f 2652/13/904 2653/13/904 2654/50/904
f 2652/13/904 2654/50/904 2655/13/904
f 2656/10/905 2657/10/905 2658/10/905
f 2656/10/905 2658/10/905 2659/10/906
f 2660/8/907 2661/8/908 2662/8/908
f 2660/8/907 2662/8/908 2663/8/908
f 2664/51/909 2665/51/909 2666/51/909
f 2664/51/909 2666/51/909 2667/51/909
f 2668/10/910 2669/10/911 2670/10/911
f 2668/10/910 2670/10/911 2671/10/911
f 2672/51/912 2673/51/912 2674/51/912
f 2672/51/912 2674/51/912 2675/51/912
f 2676/10/913 2677/10/914 2678/10/914
f 2676/10/913 2678/10/914 2679/10/914
f 2680/9/915 2681/9/915 2682/9/915
f 2680/9/915 2682/9/915 2683/9/915
f 2684/10/916 2685/10/916 2686/10/916
f 2684/10/916 2686/10/916 2687/10/916
f 2688/51/917 2689/51/918 2690/51/917
f 2688/51/917 2690/51/917 2691/51/918
f 2692/10/919 2693/10/920 2694/10/920
f 2692/10/919 2694/10/920 2695/10/920
f 2696/9/921 2697/9/922 2698/9/922
f 2696/9/921 2698/9/922 2699/9/922
f 2700/10/923 2701/10/923 2702/10/924
f 2700/10/923 2702/10/924 2703/10/924
f 2704/10/925 2705/10/926 2706/10/927
f 2704/10/925 2706/10/927 2707/10/926
s 0
f 2708/8/928 2709/8/928 2710/8/928
s 1
f 2708/8/928 2710/8/928 2711/8/928
f 2712/13/929 2713/13/930 2714/13/929
f 2712/13/929 2714/13/929 2715/13/929
f 2716/10/931 2717/10/931 2718/10/931
f 2716/10/931 2718/10/931 2719/10/931
f 2720/10/932 2721/10/933 2722/10/932
f 2720/10/932 2722/10/932 2723/10/934
f 2724/13/935 2725/13/935 2726/13/935
f 2724/13/935 2726/13/935 2727/13/935
f 2728/13/936 2729/13/936 2730/13/936
f 2728/13/936 2730/13/936 2731/13/936
f 2732/10/937 2733/10/938 2734/10/938
f 2732/10/937 2734/10/938 2735/10/938
f 2736/8/939 2737/8/939 2738/8/939
f 2736/8/939 2738/8/939 2739/8/939
f 2740/8/940 2741/8/940 2742/8/940
f 2740/8/940 2742/8/940 2743/8/940
f 2744/10/941 2745/10/942 2746/10/942
f 2744/10/941 2746/10/942 2747/10/942
f 2748/51/943 2749/51/943 2750/52/943
f 2748/51/943 2750/52/943 2751/51/943
f 2752/10/944 2753/10/945 2754/10/945
f 2752/10/944 2754/10/945 2755/10/945
f 2756/10/946 2757/10/947 2758/10/947
f 2756/10/946 2758/10/947 2759/10/947
f 2760/51/948 2761/51/948 2762/52/948
f 2760/51/948 2762/52/948 2763/51/948
f 2764/9/949 2765/9/950 2766/9/951
f 2764/9/949 2766/9/951 2767/9/952
f 2768/9/953 2769/9/954 2770/9/955
f 2768/9/953 2770/9/955 2771/9/953
f 2772/10/956 2773/10/957 2774/10/957
f 2772/10/956 2774/10/957 2775/10/958
f 2776/10/959 2777/10/960 2778/53/960
f 2776/10/959 2778/53/960 2779/10/960
f 2780/10/961 2781/10/962 2782/10/963
f 2780/10/961 2782/10/963 2783/10/962
f 2784/10/964 2785/10/964 2786/10/964
f 2784/10/964 2786/10/964 2787/10/965
f 2788/10/966 2789/10/966 2790/10/966
f 2788/10/966 2790/10/966 2791/10/967
f 2792/10/968 2793/10/969 2794/10/968
f 2792/10/968 2794/10/968 2795/10/968
f 2796/10/970 2797/10/971 2798/10/972
f 2796/10/970 2798/10/972 2799/10/970
f 2800/10/973 2801/10/973 2802/10/973
f 2800/10/973 2802/10/973 2803/10/973
f 2804/10/974 2805/10/975 2806/10/974
f 2804/10/974 2806/10/974 2807/10/975
s 0
f 2808/10/976 2809/10/976 2810/10/976
s 1
f 2808/10/977 2810/10/977 2811/10/977
f 2812/10/978 2813/10/979 2814/10/980
f 2812/10/978 2814/10/980 2815/10/979
s 0
f 2816/10/981 2817/54/981 2818/10/981
f 2816/10/982 2818/10/982 2819/10/982
s 1
f 2820/10/983 2821/10/983 2822/10/984
f 2820/10/983 2822/10/984 2823/10/984
f 2824/10/985 2825/10/985 2826/10/985
f 2824/10/985 2826/10/985 2827/10/985
f 2828/10/986 2829/10/987 2830/10/987
f 2828/10/986 2830/10/987 2831/10/987
s 0
f 2832/10/988 2833/10/988 2834/10/988
s 1
f 2832/10/989 2834/10/989 2835/10/989
f 2836/55/990 2837/55/990 2838/55/990
f 2836/55/990 2838/55/990 2839/55/990
f 2840/11/991 2841/11/991 2842/11/992
f 2840/11/991 2842/11/992 2843/11/991
f 2844/56/993 2845/56/994 2846/56/994
f 2844/56/993 2846/56/994 2847/56/994
f 2848/11/995 2849/11/995 2850/11/996
f 2848/11/995 2850/11/996 2851/11/996
f 2852/55/997 2853/55/998 2854/55/997
f 2852/55/997 2854/55/997 2855/55/997
f 2856/11/999 2857/11/999 2858/11/1000
f 2856/11/999 2858/11/1000 2859/11/999
f 2860/56/1001 2861/56/1002 2862/56/1002
f 2860/56/1001 2862/56/1002 2863/56/1002
f 2864/11/1003 2865/11/1004 2866/11/1004
f 2864/11/1003 2866/11/1004 2867/11/1003
f 2868/55/1005 2869/55/1005 2870/55/1005
f 2868/55/1005 2870/55/1005 2871/55/1005
f 2872/11/1006 2873/11/1007 2874/11/1006
f 2872/11/1006 2874/11/1006 2875/11/1008
f 2876/56/1009 2877/56/1010 2878/56/1009
f 2876/56/1009 2878/56/1009 2879/56/1009
f 2880/11/1011 2881/11/1011 2882/11/1012
f 2880/11/1011 2882/11/1012 2883/11/1013
f 2884/55/1014 2885/55/1014 2886/55/1014
f 2884/55/1014 2886/55/1014 2887/55/1014
f 2888/11/1015 2889/11/1016 2890/11/1017
f 2888/11/1015 2890/11/1017 2891/11/1017
f 2892/56/1018 2893/56/1018 2894/56/1018
f 2892/56/1018 2894/56/1018 2895/56/1019
f 2896/11/1020 2897/11/1021 2898/11/1021
f 2896/11/1020 2898/11/1021 2899/11/1020
f 2900/57/1022 2901/57/1022 2902/57/1022
f 2900/57/1022 2902/57/1022 2903/57/1022
f 2904/57/1023 2905/57/1023 2906/57/1024
f 2904/57/1023 2906/57/1024 2907/57/1024
f 2908/57/1025 2909/57/1025 2910/57/1025
f 2908/57/1025 2910/57/1025 2911/57/1025
f 2912/57/1026 2913/57/1026 2914/57/1026
f 2912/57/1026 2914/57/1026 2915/57/1027
s 0
f 2916/57/1 2917/57/1 2918/57/1
f 2916/57/1 2918/57/1 2919/57/1
f 2920/57/1028 2921/57/1028 2922/57/1028
f 2920/57/1028 2922/57/1028 2923/57/1028
f 2924/58/1029 2925/58/1029 2926/58/1029
f 2924/58/1029 2926/58/1029 2927/58/1029
f 2928/58/1029 2929/58/1029 2930/58/1029
f 2928/58/1029 2930/58/1029 2931/58/1029
s 1
f 2932/58/1029 2933/58/1029 2934/58/1029
s 0
f 2932/58/1029 2934/58/1029 2935/58/1029
f 2936/58/1029 2937/58/1029 2938/58/1029
f 2936/58/1029 2938/58/1029 2939/58/1029
f 2940/59/1029 2941/59/1029 2942/59/1029
f 2940/59/1029 2942/59/1029 2943/59/1029
f 2944/57/1030 2945/57/1030 2946/57/1030
f 2944/57/1030 2946/57/1030 2947/57/1030
f 2948/57/1031 2949/57/1031 2950/57/1031
f 2948/57/1031 2950/57/1031 2951/57/1031
f 2952/57/1032 2953/57/1032 2954/57/1032
f 2952/57/1032 2954/57/1032 2955/57/1032
s 1
f 2956/60/1033 2957/61/1034 2958/62/1035
f 2956/60/1033 2958/62/1035 2959/63/1036
f 2960/64/1037 2961/65/1038 2962/61/1039
f 2960/64/1037 2962/61/1039 2963/60/1040
f 2964/66/1041 2965/67/1042 2966/65/1043
f 2964/66/1041 2966/65/1043 2967/64/1042
f 2968/68/1044 2969/69/1045 2970/67/1046
f 2968/68/1044 2970/67/1046 2971/66/1047
f 2972/57/1048 2973/57/1048 2974/57/1048
f 2972/57/1048 2974/57/1048 2975/57/1048
f 2976/57/1049 2977/57/1050 2978/57/1050
f 2976/57/1049 2978/57/1050 2979/57/1050
f 2980/57/1051 2981/57/1052 2982/57/1052
f 2980/57/1051 2982/57/1052 2983/57/1052
f 2984/57/1053 2985/57/1054 2986/57/1055
f 2984/57/1053 2986/57/1055 2987/57/1054
f 2988/70/1056 2989/70/1056 2990/70/1056
f 2988/70/1056 2990/70/1056 2991/70/1056
s 0
f 2992/70/681 2993/70/681 2994/70/681
f 2992/70/681 2994/70/681 2995/70/681
f 2996/70/1057 2997/70/1057 2998/70/1057
f 2996/70/1057 2998/70/1057 2999/70/1057
f 3000/70/1058 3001/70/1058 3002/70/1058
f 3000/70/1058 3002/70/1058 3003/70/1058
s 1
f 3004/70/1059 3005/70/1059 3006/70/1059
f 3004/70/1059 3006/70/1059 3007/70/1059
f 3008/70/1060 3009/70/1060 3010/70/1060
s 0
f 3008/70/1060 3010/70/1060 3011/70/1060
s 1
f 3012/70/1061 3013/70/1061 3014/70/1062
f 3012/70/1061 3014/70/1062 3015/70/1061
s 0
f 3016/70/1063 3017/70/1063 3018/70/1063
f 3016/70/1063 3018/70/1063 3019/70/1063
f 3020/70/681 3021/70/681 2993/70/681
f 3020/70/681 2993/70/681 2992/70/681
s 1
f 3022/70/1064 3023/70/1064 3024/70/1065
f 3022/70/1064 3024/70/1065 3025/70/1064
f 3026/12/1066 3027/40/1067 3028/12/1068
f 3026/12/1066 3028/12/1068 3029/12/1069
f 3030/41/1070 3031/41/1071 3032/41/1071
f 3030/41/1070 3032/41/1071 3033/41/1071
s 0
f 3034/12/1072 3035/12/1072 3036/12/1072
f 3034/12/1073 3036/12/1073 3037/12/1073
s 1
f 3038/41/1074 3039/41/1074 3040/41/1074
f 3038/41/1074 3040/41/1074 3041/41/1074
f 3042/12/1075 3043/12/1075 3044/12/1075
f 3042/12/1075 3044/12/1075 3045/12/1075
f 3046/41/1076 3047/41/1076 3048/41/1076
f 3046/41/1076 3048/41/1076 3049/41/1076
f 3050/39/1077 3051/12/1078 3052/12/1077
f 3050/39/1077 3052/12/1077 3053/12/1077
f 3054/41/1079 3055/41/1079 3056/41/1079
f 3054/41/1079 3056/41/1079 3057/41/1080
f 3058/37/1081 3059/37/1081 3060/37/1081
f 3058/37/1081 3060/37/1081 3061/37/1081
f 3062/12/1082 3063/12/1083 3064/12/1082
f 3062/12/1082 3064/12/1082 3065/12/1083
f 3066/37/1084 3067/37/1085 3068/37/1085
f 3066/37/1084 3068/37/1085 3069/37/1084
f 3070/12/1086 3071/12/1086 3072/12/1087
f 3070/12/1086 3072/12/1087 3073/12/1086
f 3074/37/1088 3075/37/1088 3076/37/1088
f 3074/37/1088 3076/37/1088 3077/37/1088
s 0
f 3078/12/1089 3079/12/1089 3080/12/1089
f 3078/12/1090 3080/12/1090 3081/12/1090
s 1
f 3082/37/1091 3083/37/1091 3084/37/1091
f 3082/37/1091 3084/37/1091 3085/37/1091
f 3086/12/1092 3087/12/1092 3088/12/1092
f 3086/12/1092 3088/12/1092 3089/12/1092
f 3090/12/1093 3091/12/1093 3092/12/1094
f 3090/12/1093 3092/12/1094 3093/12/1094
f 3094/12/1095 3095/12/1096 3096/12/1097
f 3094/12/1095 3096/12/1097 3097/12/1095
f 3098/12/1098 3099/40/1099 3100/12/1098
f 3098/12/1098 3100/12/1098 3101/12/1098
f 3102/12/1100 3103/39/1101 3104/12/1101
f 3102/12/1100 3104/12/1101 3105/12/1101
s 0
f 3106/12/457 3107/40/457 3108/12/457
f 3106/12/1102 3108/12/1102 3109/12/1102
s 1
f 3110/12/1103 3111/12/1103 3112/12/1103
f 3110/12/1103 3112/12/1103 3113/12/1103
f 3114/12/1104 3115/39/1104 3116/12/1105
f 3114/12/1104 3116/12/1105 3117/12/1105
f 3118/12/1106 3119/12/1107 3120/12/1107
f 3118/12/1106 3120/12/1107 3121/12/1108
s 0
f 3122/39/552 3123/12/552 3124/12/552
f 3122/39/1109 3124/12/1109 3125/12/1109
s 1
f 3126/12/1110 3127/12/1110 3128/12/1111
f 3126/12/1110 3128/12/1111 3129/12/1110
f 3130/12/1112 3131/12/1113 3132/12/1113
s 0
f 3130/12/1114 3132/12/1114 3133/12/1114
s 1
f 3134/12/1115 3135/39/1115 3136/12/1116
f 3134/12/1115 3136/12/1116 3137/12/1115
f 3138/39/1117 3139/12/1117 3140/12/1118
f 3138/39/1117 3140/12/1118 3141/12/1119
f 3142/12/1120 3143/12/1121 3144/12/1122
f 3142/12/1120 3144/12/1122 3145/12/1121
f 3146/12/1123 3147/12/1124 3148/12/1125
f 3146/12/1123 3148/12/1125 3149/12/1126
f 3150/12/1127 3151/12/1127 3152/12/1127
f 3150/12/1127 3152/12/1127 3153/12/1127
f 3154/40/1128 3155/71/1128 3156/12/1128
s 0
f 3154/40/1128 3156/12/1128 3157/12/1128
s 1
f 3158/10/1129 3159/72/1129 3160/10/1129
f 3158/10/1129 3160/10/1129 3161/10/1130
f 3162/10/1131 3163/10/1132 3164/10/1132
f 3162/10/1131 3164/10/1132 3165/10/1132
s 0
f 3166/10/976 3167/10/976 3168/10/976
f 3166/10/1133 3168/10/1133 3169/10/1133
s 1
f 3170/10/1134 3171/10/1135 3172/10/1135
f 3170/10/1134 3172/10/1135 3173/10/1135
f 3174/10/1136 3175/10/1136 3176/10/1136
f 3174/10/1136 3176/10/1136 3177/10/1136
s 0
f 3178/10/981 3179/54/981 3180/10/981
f 3178/10/1137 3180/10/1137 3181/10/1137
s 1
f 3182/72/1138 3183/54/1138 3184/10/1138
f 3182/72/1138 3184/10/1138 3185/10/1138
f 3186/10/1139 3187/10/1139 3188/10/1140
f 3186/10/1139 3188/10/1140 3189/10/1139
f 3190/10/1141 3191/10/1142 3192/10/1141
f 3190/10/1141 3192/10/1141 3193/10/1141
f 3194/10/1143 3195/10/1143 3196/10/1143
f 3194/10/1143 3196/10/1143 3197/10/1143
f 3198/10/1144 3199/10/1144 3200/10/1144
f 3198/10/1144 3200/10/1144 3201/10/1144
f 3202/10/1145 3203/10/1146 3204/10/1146
f 3202/10/1145 3204/10/1146 3205/10/1145
f 3206/10/1147 3207/10/1147 3208/10/1148
f 3206/10/1147 3208/10/1148 3209/10/1147
f 3210/10/1149 3211/10/1149 3212/10/1149
f 3210/10/1149 3212/10/1149 3213/10/1149
f 3214/10/1150 3215/10/1150 3216/10/1151
f 3214/10/1150 3216/10/1151 3217/10/1152
f 3218/10/1153 3219/53/1153 3220/10/1153
f 3218/10/1153 3220/10/1153 3221/10/1153
f 3222/10/1154 3223/49/1154 3224/10/1154
f 3222/10/1154 3224/10/1154 3225/10/1154
f 3226/53/1155 3227/10/1156 3228/10/1156
f 3226/53/1155 3228/10/1156 3229/10/1156
f 3230/10/1157 3231/10/1157 3232/10/1157
f 3230/10/1157 3232/10/1157 3233/10/1157
f 3234/10/1158 3235/10/1158 3236/10/1158
f 3234/10/1158 3236/10/1158 3237/10/1159
f 3238/19/1160 3239/73/1160 3240/20/1160
f 3239/73/1160 3238/19/1160 3241/16/1160
f 3241/16/1160 3238/19/1160 3242/22/1160
f 3241/16/1160 3242/22/1160 3243/21/1160
f 3241/16/1160 3243/21/1160 3244/1/1160
f 3241/16/1160 3244/1/1160 3245/7/1160
f 3246/7/1161 3247/73/1161 3248/16/1161
f 3247/73/1161 3246/7/1161 3249/21/1161
f 3249/21/1161 3246/7/1161 3250/1/1161
f 3247/73/1161 3249/21/1161 3251/22/1161
f 3247/73/1161 3251/22/1161 3252/19/1161
f 3247/73/1161 3252/19/1161 3253/20/1161
f 3254/12/1162 3255/12/1163 3256/12/1162
f 3255/12/1163 3254/12/1162 3257/12/1162
f 3255/12/1163 3257/12/1162 3258/39/1162
f 3259/12/1164 3260/12/1164 3261/12/1164
f 3260/12/1164 3259/12/1164 3262/12/1165
f 3260/12/1164 3262/12/1165 3263/12/1165
f 3264/74/1166 3265/74/1166 3266/74/1166
s 0
f 3265/74/1167 3264/74/1167 3267/74/1167
s 1
f 3267/74/1166 3264/74/1168 3268/74/1166
f 3268/74/1166 3264/74/1168 3269/74/1166
f 3270/12/1169 3271/12/1170 3272/12/1169
f 3273/12/1170 3274/12/1170 3275/12/1169
f 3274/12/1170 3273/12/1170 3276/12/1170
f 3274/12/1170 3276/12/1170 3277/12/1170
f 3274/12/1170 3277/12/1170 3278/12/1170
f 3274/12/1170 3278/12/1170 3279/12/1170
f 3274/12/1170 3279/12/1170 3280/12/1169
f 3274/12/1170 3280/12/1169 3271/12/1170
f 3274/12/1170 3271/12/1170 3270/12/1169
f 3274/12/1170 3270/12/1169 3281/12/1169
f 3274/12/1170 3281/12/1169 3282/12/1169
f 3283/37/1171 3284/75/1172 3285/37/1171
f 3284/75/1172 3283/37/1171 3286/37/1171
f 3286/37/1171 3283/37/1171 3287/37/1173
f 3287/37/1173 3283/37/1171 3288/37/1172
f 3289/12/1174 3290/12/1175 3291/12/1174
f 3290/12/1175 3289/12/1174 3292/12/1176
f 3292/12/1176 3289/12/1174 3293/40/1175
f 3294/12/1177 3295/12/1178 3296/12/1179
f 3295/12/1178 3294/12/1177 3297/12/1180
f 3297/12/1180 3294/12/1177 3298/12/1180
f 3299/74/1181 3300/74/1182 3301/74/1183
f 3300/74/1182 3299/74/1181 3302/74/1184
f 3300/74/1182 3302/74/1184 3303/74/1183
s 0
f 3303/74/1185 3302/74/1185 3304/74/1185
s 1
f 3305/12/1186 3306/12/1186 3307/12/1187
f 3306/12/1186 3305/12/1186 3308/12/1186
f 3308/12/1186 3305/12/1186 3309/12/1186
f 3309/12/1186 3305/12/1186 3310/12/1186
f 3310/12/1186 3305/12/1186 3311/12/1186
f 3311/12/1186 3305/12/1186 3312/12/1187
f 3312/12/1187 3305/12/1186 3313/12/1186
f 3313/12/1186 3305/12/1186 3314/12/1187
f 3314/12/1187 3305/12/1186 3315/12/1186
f 3315/12/1186 3305/12/1186 3316/12/1187
f 3314/12/1187 3317/12/1187 3313/12/1186
f 3318/12/1188 3319/76/1188 3320/12/1188
f 3319/76/1188 3318/12/1188 3321/12/1188
f 3321/12/1188 3318/12/1188 3322/12/1188
f 3323/77/1189 3324/41/1189 3325/41/1189
f 3324/41/1189 3323/77/1189 3326/41/1189
f 3326/41/1189 3323/77/1189 3327/41/1189
f 3326/41/1189 3327/41/1189 3328/41/1189
f 3329/41/1190 3330/41/1190 3331/41/1190
f 3330/41/1190 3332/41/1190 3333/41/1190
f 3332/41/1190 3330/41/1190 3329/41/1190
f 3334/10/1191 3335/10/1192 3336/10/1193
f 3335/10/1192 3334/10/1191 3337/10/1192
f 3337/10/1192 3334/10/1191 3338/10/1193
f 3337/10/1192 3338/10/1193 3339/10/1192
f 3340/10/1194 3341/10/1194 3342/10/1194
f 3341/10/1194 3340/10/1194 3343/10/1194
f 3341/10/1194 3343/10/1194 3344/10/1194
f 3345/10/1195 3346/10/1195 3347/10/1195
f 3346/10/1195 3345/10/1195 3348/10/1195
f 3348/10/1195 3345/10/1195 3349/10/1195
f 3350/10/1196 3351/10/1196 3352/10/1196
f 3351/10/1196 3350/10/1196 3353/10/1196
f 3353/10/1196 3350/10/1196 3354/10/1197
f 3354/10/1197 3350/10/1196 3355/10/1196
f 3356/10/1198 3357/10/1198 3358/10/1198
f 3357/10/1198 3356/10/1198 3359/10/1198
f 3359/10/1198 3356/10/1198 3360/10/1198
f 3361/10/1199 3362/10/1200 3363/10/1201
f 3362/10/1200 3361/10/1199 3364/10/1200
f 3362/10/1200 3364/10/1200 3365/10/1200
f 3366/10/1202 3367/10/1202 3368/10/1202
f 3367/10/1202 3366/10/1202 3369/10/1202
f 3367/10/1202 3369/10/1202 3370/10/1202
f 3370/10/1202 3369/10/1202 3371/10/1202
f 3372/10/1203 3373/10/1204 3374/10/1205
f 3373/10/1204 3372/10/1203 3375/10/1204
f 3375/10/1204 3372/10/1203 3376/10/1203
f 3377/10/1206 3378/10/1206 3379/10/1206
f 3378/10/1206 3377/10/1206 3380/10/1206
f 3380/10/1206 3377/10/1206 3381/10/1206
f 3382/10/1207 3383/10/1208 3384/10/1209
f 3383/10/1208 3382/10/1207 3385/10/1210
f 3383/10/1208 3385/10/1210 3386/10/1208
f 3387/10/1211 3388/10/1211 3389/10/1211
f 3388/10/1211 3387/10/1211 3390/10/1211
f 3388/10/1211 3390/10/1211 3391/10/1211
f 3392/10/1212 3393/10/1212 3394/10/1212
f 3393/10/1212 3392/10/1212 3395/10/1212
f 3393/10/1212 3395/10/1212 3396/10/1212
f 3393/10/1212 3396/10/1212 3397/10/1212
f 3398/51/1213 3399/51/1214 3400/51/1214
f 3399/51/1214 3398/51/1213 3401/51/1213
f 3401/51/1213 3398/51/1213 3402/51/1213
f 3403/10/1215 3404/10/1215 3405/10/1215
f 3404/10/1215 3403/10/1215 3406/10/1215
f 3406/10/1215 3403/10/1215 3407/10/1216
f 3408/10/1217 3409/10/1217 3410/10/1217
f 3409/10/1217 3408/10/1217 3411/10/1217
f 3411/10/1217 3408/10/1217 3412/10/1217
f 3413/10/1218 3414/10/1218 3415/10/1219
f 3414/10/1218 3413/10/1218 3416/10/1218
f 3414/10/1218 3416/10/1218 3417/10/1218
f 3418/41/1220 3419/41/1220 3420/41/1220
f 3419/41/1220 3418/41/1220 3421/41/1220
f 3419/41/1220 3421/41/1220 3422/78/1220
f 3423/37/1221 3424/37/1222 3425/37/1221
f 3424/37/1222 3423/37/1221 3426/37/1222
f 3426/37/1222 3423/37/1221 3427/37/1221
f 3428/12/1223 3429/12/1224 3430/12/1223
f 3429/12/1224 3428/12/1223 3431/79/1223
f 3429/12/1224 3431/79/1223 3432/39/1225
f 3432/39/1225 3431/79/1223 3433/39/1223
f 3434/12/1226 3435/39/1226 3436/12/1227
f 3435/39/1226 3434/12/1226 3437/12/1227
f 3435/39/1226 3437/12/1227 3438/39/1227
o House5_Collider_COLLIDER_0
v -2.212636 -0.000000 -1.535100
v -2.266271 3.380498 0.002181
v -2.266271 2.058950 -1.635134
v 1.992247 1.142753 -0.419249
v 1.990006 1.343483 -0.275690
v 1.988065 1.424689 0.002182
v 1.996013 0.942253 -0.484369
v 1.992247 1.142753 -0.419249
v 1.988065 1.424689 0.002182
v 2.012657 -0.000000 -0.500037
v 1.996013 0.942253 -0.484369
v 1.988065 1.424689 0.002182
v 1.992247 1.142753 0.423612
v 1.988065 1.424689 0.002182
v 1.990006 1.343483 0.280053
v 1.996013 0.942253 0.488733
v 1.988065 1.424689 0.002182
v 1.992247 1.142753 0.423612
v 0.736069 2.347283 0.002181
v 0.679312 2.532501 1.792980
v 0.826997 2.346145 1.957024
v -0.758622 2.431191 1.820156
v -0.739185 2.347283 0.002181
v -0.825642 2.356012 1.876286
v 0.736069 2.347283 -0.002183
v 0.826997 2.346144 -1.957026
v 0.679312 2.532501 -1.792981
v -0.758622 2.431190 -1.820157
v -0.825642 2.356011 -1.876287
v -0.739185 2.347283 -0.002183
v 0.032134 -0.000000 -1.535100
v 0.032134 2.058950 -1.635134
v 2.330539 2.058950 -1.635134
v 2.276904 -0.000000 -1.535100
v 0.032134 2.194109 -1.742006
v 2.330539 2.194109 -1.742006
v 2.330539 2.052573 -1.893561
v 0.032134 2.052573 -1.893561
v 2.330539 2.052573 -1.893561
v 2.330539 2.194109 -1.742006
v 2.569263 2.194109 -1.742006
v 2.569263 2.052573 -1.893561
v 2.012657 -0.000000 -0.500037
v 0.032134 -0.000000 -1.535100
v 2.276904 -0.000000 -1.535100
v 2.276904 -0.000000 -0.500037
v 2.330539 2.194109 -1.742006
v 0.032134 2.194109 -1.742006
v 0.032134 3.515657 0.002181
v 2.330539 3.515657 0.002181
v 2.330539 1.917414 -1.777403
v 2.330539 2.052573 -1.893561
v 2.569263 2.052573 -1.893561
v 2.569263 1.917414 -1.777403
v 2.330539 1.917414 -1.777403
v 0.032134 1.917414 -1.777403
v 0.032134 2.052573 -1.893561
v 2.330539 2.052573 -1.893561
v 2.330539 2.058950 -1.635134
v 0.032134 2.058950 -1.635134
v 0.032134 1.917414 -1.777403
v 2.330539 1.917414 -1.777403
v 2.710953 3.380498 0.002181
v 2.569263 2.058950 -1.635134
v 2.569263 2.194109 -1.742006
v 2.710953 3.515657 0.002181
v 2.569263 2.194109 -1.742006
v 2.569263 2.058950 -1.635134
v 2.569263 1.917414 -1.777403
v 2.569263 2.052573 -1.893561
v 2.330539 3.380498 0.002181
v 2.330539 2.058950 -1.635134
v 2.569263 2.058950 -1.635134
v 2.710953 3.380498 0.002181
v 2.330539 3.515657 0.002181
v 2.330539 3.380498 0.002181
v 2.710953 3.380498 0.002181
v 2.710953 3.515657 0.002181
v 2.330539 2.058950 -1.635134
v 2.330539 1.917414 -1.777403
v 2.569263 1.917414 -1.777403
v 2.569263 2.058950 -1.635134
v 2.330539 2.194109 -1.742006
v 2.330539 3.515657 0.002181
v 2.710953 3.515657 0.002181
v 2.569263 2.194109 -1.742006
v 0.032134 -0.000000 -1.535100
v -2.212636 -0.000000 -1.535100
v -2.266271 2.058950 -1.635134
v 0.032134 2.058950 -1.635134
v 0.032134 2.194109 -1.742006
v 0.032134 2.052573 -1.893561
v -2.266271 2.052573 -1.893561
v -2.266271 2.194109 -1.742006
v -2.266271 2.052573 -1.893561
v -2.504995 2.052573 -1.893561
v -2.523872 2.194109 -1.742006
v -2.266271 2.194109 -1.742006
v -2.266271 2.194109 -1.742006
v -2.266271 3.515657 0.002181
v -2.266271 1.917414 -1.777403
v -2.504995 1.917414 -1.777403
v -2.504995 2.052573 -1.893561
v -2.266271 2.052573 -1.893561
v -2.266271 1.917414 -1.777403
v -2.266271 2.052573 -1.893561
v -2.266271 2.058950 -1.635134
v -2.266271 1.917414 -1.777403
v -2.703793 3.380498 0.002181
v -2.703793 3.515657 0.002181
v -2.523872 2.194109 -1.742006
v -2.523872 2.058950 -1.635134
v -2.523872 2.194109 -1.742006
v -2.504995 2.052573 -1.893561
v -2.504995 1.917414 -1.777403
v -2.523872 2.058950 -1.635134
v -2.266271 3.380498 0.002181
v -2.703793 3.380498 0.002181
v -2.523872 2.058950 -1.635134
v -2.266271 2.058950 -1.635134
v -2.266271 3.515657 0.002181
v -2.703793 3.515657 0.002181
v -2.703793 3.380498 0.002181
v -2.266271 3.380498 0.002181
v -2.266271 2.058950 -1.635134
v -2.523872 2.058950 -1.635134
v -2.504995 1.917414 -1.777403
v -2.266271 1.917414 -1.777403
v -2.266271 2.194109 -1.742006
v -2.523872 2.194109 -1.742006
v -2.703793 3.515657 0.002181
v -2.266271 3.515657 0.002181
v 0.032134 2.194110 1.746368
v 0.032134 2.052574 1.897923
v 2.330539 2.052574 1.897923
v 2.330539 2.194110 1.746368
v 2.330539 2.052574 1.897923
v 2.569263 2.052574 1.897923
v 2.569263 2.194110 1.746368
v 2.330539 2.194110 1.746368
v 2.276904 0.000000 1.539464
v 0.130164 0.000000 1.539464
v 2.012657 0.000000 0.504401
v 2.276904 0.000000 0.504401
v 2.330539 2.194110 1.746368
v 2.330539 3.515657 0.002181
v 0.032134 3.515657 0.002181
v 0.032134 2.194110 1.746368
v 2.330539 1.917416 1.781766
v 2.569263 1.917416 1.781766
v 2.569263 2.052574 1.897923
v 2.330539 2.052574 1.897923
v 2.330539 1.917416 1.781766
v 2.330539 2.052574 1.897923
v 0.032134 2.052574 1.897923
v 0.032134 1.917416 1.781766
v 2.330539 2.058951 1.639497
v 2.330539 1.917416 1.781766
v 0.032134 1.917416 1.781766
v 0.032134 2.058951 1.639497
v 2.710953 3.380498 0.002181
v 2.710953 3.515657 0.002181
v 2.569263 2.194110 1.746368
v 2.569263 2.058951 1.639497
v 2.569263 2.194110 1.746368
v 2.569263 2.052574 1.897923
v 2.569263 1.917416 1.781766
v 2.569263 2.058951 1.639497
v 2.330539 3.380498 0.002181
v 2.710953 3.380498 0.002181
v 2.569263 2.058951 1.639497
v 2.330539 2.058951 1.639497
v 2.330539 2.058951 1.639497
v 2.569263 2.058951 1.639497
v 2.569263 1.917416 1.781766
v 2.330539 1.917416 1.781766
v 2.330539 2.194110 1.746368
v 2.569263 2.194110 1.746368
v 2.710953 3.515657 0.002181
v 2.330539 3.515657 0.002181
v 0.032134 0.000000 1.539464
v 0.032134 2.058951 1.639497
v -2.266271 2.058951 1.639497
v -2.212636 0.000000 1.539464
v 0.032134 2.194110 1.746368
v -2.266271 2.194110 1.746368
v -2.266271 2.052574 1.897923
v 0.032134 2.052574 1.897923
v -2.266271 2.052574 1.897923
v -2.266271 2.194110 1.746368
v -2.523872 2.194110 1.746368
v -2.504995 2.052574 1.897923
v 0.032134 0.000000 1.539464
v -2.212636 0.000000 1.539464
v -2.212636 -0.000000 -1.535100
v 0.032134 -0.000000 -1.535100
v -2.212636 0.000000 1.539464
v -2.266271 2.058951 1.639497
v -2.266271 3.380498 0.002181
v -2.212636 -0.000000 -1.535100
v -2.266271 2.194110 1.746368
v -2.266271 3.515657 0.002181
v -2.266271 1.917416 1.781766
v -2.266271 2.052574 1.897923
v -2.504995 2.052574 1.897923
v -2.504995 1.917416 1.781766
v -2.266271 1.917416 1.781766
v -2.266271 2.052574 1.897923
v -2.266271 2.058951 1.639497
v -2.266271 1.917416 1.781766
v -2.703793 3.380498 0.002181
v -2.523872 2.058951 1.639497
v -2.523872 2.194110 1.746368
v -2.703793 3.515657 0.002181
v -2.523872 2.194110 1.746368
v -2.523872 2.058951 1.639497
v -2.504995 1.917416 1.781766
v -2.504995 2.052574 1.897923
v -2.266271 3.380498 0.002181
v -2.266271 2.058951 1.639497
v -2.523872 2.058951 1.639497
v -2.703793 3.380498 0.002181
v -2.266271 2.058951 1.639497
v -2.266271 1.917416 1.781766
v -2.504995 1.917416 1.781766
v -2.523872 2.058951 1.639497
v -2.266271 2.194110 1.746368
v -2.266271 3.515657 0.002181
v -2.703793 3.515657 0.002181
v -2.523872 2.194110 1.746368
v 2.299552 1.425395 0.002182
v 1.988065 1.424689 0.002182
v 1.990006 1.343483 -0.275690
v 2.298265 1.344183 -0.275690
v 1.992247 1.142753 -0.419249
v 1.996013 0.942253 -0.484369
v 2.291906 0.942930 -0.484369
v 2.295084 1.143443 -0.419249
v 1.990006 1.343483 -0.275690
v 1.992247 1.142753 -0.419249
v 2.295084 1.143443 -0.419249
v 2.298265 1.344183 -0.275690
v 1.996013 0.942253 -0.484369
v 2.012657 -0.000000 -0.500037
v 2.276904 -0.000000 -0.500037
v 2.291906 0.942930 -0.484369
v 2.298265 1.344183 0.280053
v 1.990006 1.343483 0.280053
v 1.988065 1.424689 0.002182
v 2.299552 1.425395 0.002182
v 2.291906 0.942930 0.488733
v 1.996013 0.942253 0.488733
v 1.992247 1.142753 0.423612
v 2.295084 1.143443 0.423612
v 2.295084 1.143443 0.423612
v 1.992247 1.142753 0.423612
v 1.990006 1.343483 0.280053
v 2.298265 1.344183 0.280053
v 2.276904 0.000000 0.504401
v 2.012657 0.000000 0.504401
v 1.996013 0.942253 0.488733
v 2.291906 0.942930 0.488733
v 2.012657 -0.000000 -0.500037
v 1.988065 1.424689 0.002182
v 1.996013 0.942253 0.488733
v 2.012657 0.000000 0.504401
v 0.678216 1.078366 0.002182
v 0.678216 2.303692 0.002181
v 0.678216 2.386233 1.996426
v 0.678216 0.912907 1.881137
v -0.001557 0.912907 1.881137
v -0.001557 3.122536 2.042984
v -0.681331 2.386233 1.996426
v -0.681331 0.912907 1.881137
v -0.001557 1.078366 0.002182
v 0.678216 1.078366 0.002182
v 0.678216 0.912907 1.881137
v -0.001557 0.912907 1.881137
v -0.681331 2.303692 0.002181
v -0.681331 2.386233 1.996426
v -0.739185 2.310792 1.996426
v -0.739185 2.228251 0.002181
v -0.681331 0.912907 1.881137
v -0.681331 2.386233 1.996426
v -0.681331 2.303692 0.002181
v -0.681331 1.078366 0.002182
v -0.001557 3.122536 2.042984
v 0.678216 2.386233 1.996426
v 0.605577 2.463511 2.163479
v -0.001557 3.065292 2.237935
v -0.681331 1.078366 0.002182
v -0.001557 1.078366 0.002182
v -0.001557 0.912907 1.881137
v -0.681331 0.912907 1.881137
v 0.678216 0.912907 1.881137
v 0.678216 2.386233 1.996426
v -0.001557 3.122536 2.042984
v -0.001557 0.912907 1.881137
v -0.001557 3.147240 0.002181
v -0.739185 2.347283 0.002181
v -0.758622 2.431191 1.820156
v -0.001557 3.176331 1.204084
v 0.736069 2.347283 0.002181
v -0.001557 3.147240 0.002181
v -0.001557 3.176331 1.204084
v 0.679312 2.532501 1.792980
v 0.679312 2.532501 1.792980
v -0.001557 3.176331 1.204084
v -0.001557 3.246848 2.220818
v 0.681036 2.523770 2.155412
v -0.782327 2.445702 2.143468
v -0.758622 2.431191 1.820156
v -0.825642 2.356012 1.876286
v -0.830863 2.361819 2.147586
v -0.001557 3.065292 2.237935
v 0.605577 2.463511 2.163479
v 0.681036 2.523770 2.155412
v -0.001557 3.246848 2.220818
v -0.667059 2.383200 2.147819
v -0.001557 3.065292 2.237935
v -0.001557 3.246848 2.220818
v -0.782327 2.445702 2.143468
v 0.678216 2.386233 1.996426
v 0.678216 2.303692 0.002181
v 0.736069 2.228251 0.002181
v 0.735319 2.300399 1.964008
v -0.681331 2.386233 1.996426
v -0.001557 3.122536 2.042984
v -0.001557 3.065292 2.237935
v -0.667059 2.383200 2.147819
v 0.679312 2.532501 1.792980
v 0.681036 2.523770 2.155412
v 0.826997 2.351425 2.115169
v 0.826997 2.346145 1.957024
v -0.001557 3.176331 1.204084
v -0.758622 2.431191 1.820156
v -0.782327 2.445702 2.143468
v -0.001557 3.246848 2.220818
v 0.735319 2.300399 1.964008
v 0.736069 2.228251 0.002181
v 0.736069 2.347283 0.002181
v 0.826997 2.346145 1.957024
v -0.739185 2.228251 0.002181
v -0.739185 2.310792 1.996426
v -0.825642 2.356012 1.876286
v -0.739185 2.347283 0.002181
v -0.825642 2.356012 1.876286
v -0.739185 2.310792 1.996426
v -0.733389 2.306141 2.149818
v -0.830863 2.361819 2.147586
v 0.735319 2.300399 1.964008
v 0.826997 2.346145 1.957024
v 0.826997 2.351425 2.115169
v 0.735319 2.305678 2.122153
v 0.605577 2.463511 2.163479
v 0.678216 2.386233 1.996426
v 0.735319 2.300399 1.964008
v 0.735319 2.305678 2.122153
v 0.681036 2.523770 2.155412
v 0.605577 2.463511 2.163479
v 0.735319 2.305678 2.122153
v 0.826997 2.351425 2.115169
v -0.667059 2.383200 2.147819
v -0.782327 2.445702 2.143468
v -0.830863 2.361819 2.147586
v -0.733389 2.306141 2.149818
v -0.681331 2.386233 1.996426
v -0.667059 2.383200 2.147819
v -0.733389 2.306141 2.149818
v -0.739185 2.310792 1.996426
v 0.678216 1.078366 -0.002182
v 0.678216 0.912906 -1.881138
v 0.678216 2.386232 -1.996428
v 0.678216 2.303692 -0.002183
v -0.001557 0.912906 -1.881138
v -0.681331 0.912906 -1.881138
v -0.681331 2.386232 -1.996428
v -0.001557 3.122535 -2.042986
v -0.001557 1.078366 -0.002182
v -0.001557 0.912906 -1.881138
v 0.678216 0.912906 -1.881138
v 0.678216 1.078366 -0.002182
v -0.681331 2.303692 -0.002183
v -0.739185 2.228251 -0.002183
v -0.739185 2.310791 -1.996428
v -0.681331 2.386232 -1.996428
v -0.681331 0.912906 -1.881138
v -0.681331 1.078366 -0.002182
v -0.681331 2.303692 -0.002183
v -0.681331 2.386232 -1.996428
v -0.001557 3.122535 -2.042986
v -0.001557 3.065291 -2.237937
v 0.605577 2.463510 -2.163480
v 0.678216 2.386232 -1.996428
v -0.681331 1.078366 -0.002182
v -0.681331 0.912906 -1.881138
v -0.001557 0.912906 -1.881138
v -0.001557 1.078366 -0.002182
v 0.678216 0.912906 -1.881138
v -0.001557 0.912906 -1.881138
v -0.001557 3.122535 -2.042986
v 0.678216 2.386232 -1.996428
v -0.001557 3.147240 -0.002183
v -0.001557 3.176330 -1.204086
v -0.758622 2.431190 -1.820157
v -0.739185 2.347283 -0.002183
v 0.736069 2.347283 -0.002183
v 0.679312 2.532501 -1.792981
v -0.001557 3.176330 -1.204086
v -0.001557 3.147240 -0.002183
v 0.679312 2.532501 -1.792981
v 0.681036 2.523769 -2.155413
v -0.001557 3.246846 -2.220820
v -0.001557 3.176330 -1.204086
v -0.782327 2.445701 -2.143470
v -0.830863 2.361817 -2.147588
v -0.825642 2.356011 -1.876287
v -0.758622 2.431190 -1.820157
v -0.001557 3.065291 -2.237937
v -0.001557 3.246846 -2.220820
v 0.681036 2.523769 -2.155413
v 0.605577 2.463510 -2.163480
v -0.667059 2.383199 -2.147821
v -0.782327 2.445701 -2.143470
v -0.001557 3.246846 -2.220820
v -0.001557 3.065291 -2.237937
v 0.678216 2.386232 -1.996428
v 0.735319 2.300398 -1.964010
v 0.736069 2.228251 -0.002183
v 0.678216 2.303692 -0.002183
v -0.681331 2.386232 -1.996428
v -0.667059 2.383199 -2.147821
v -0.001557 3.065291 -2.237937
v -0.001557 3.122535 -2.042986
v 0.679312 2.532501 -1.792981
v 0.826997 2.346144 -1.957026
v 0.826997 2.351424 -2.115170
v 0.681036 2.523769 -2.155413
v -0.001557 3.176330 -1.204086
v -0.001557 3.246846 -2.220820
v -0.782327 2.445701 -2.143470
v -0.758622 2.431190 -1.820157
v 0.735319 2.300398 -1.964010
v 0.826997 2.346144 -1.957026
v 0.736069 2.347283 -0.002183
v 0.736069 2.228251 -0.002183
v -0.739185 2.228251 -0.002183
v -0.739185 2.347283 -0.002183
v -0.825642 2.356011 -1.876287
v -0.739185 2.310791 -1.996428
v -0.825642 2.356011 -1.876287
v -0.830863 2.361817 -2.147588
v -0.733389 2.306139 -2.149819
v -0.739185 2.310791 -1.996428
v 0.735319 2.300398 -1.964010
v 0.735319 2.305677 -2.122154
v 0.826997 2.351424 -2.115170
v 0.826997 2.346144 -1.957026
v 0.605577 2.463510 -2.163480
v 0.735319 2.305677 -2.122154
v 0.735319 2.300398 -1.964010
v 0.678216 2.386232 -1.996428
v 0.681036 2.523769 -2.155413
v 0.826997 2.351424 -2.115170
v 0.735319 2.305677 -2.122154
v 0.605577 2.463510 -2.163480
v -0.667059 2.383199 -2.147821
v -0.733389 2.306139 -2.149819
v -0.830863 2.361817 -2.147588
v -0.782327 2.445701 -2.143470
v -0.681331 2.386232 -1.996428
v -0.739185 2.310791 -1.996428
v -0.733389 2.306139 -2.149819
v -0.667059 2.383199 -2.147821
v -1.235823 3.146644 0.357888
v -1.196820 4.000476 0.357888
v -1.196820 4.000476 -0.353526
v -1.235823 3.146644 -0.353526
v -1.235823 3.146644 -0.353526
v -1.196820 4.000476 -0.353526
v -0.486477 3.961473 -0.353526
v -0.525479 3.107641 -0.353526
v -0.525479 3.107641 -0.353526
v -0.486477 3.961473 -0.353526
v -0.486477 3.961473 0.357888
v -0.525479 3.107641 0.357888
v -0.525479 3.107641 0.357888
v -0.486477 3.961473 0.357888
v -1.196820 4.000476 0.357888
v -1.235823 3.146644 0.357888
v -1.235823 3.146644 -0.353526
v -0.525479 3.107641 -0.353526
v -0.525479 3.107641 0.357888
v -1.235823 3.146644 0.357888
v -0.486477 3.961473 -0.353526
v -1.196820 4.000476 -0.353526
v -1.196820 4.000476 0.357888
v -0.486477 3.961473 0.357888
v 2.276904 -0.000000 -0.500037
v 2.276904 -0.000000 -1.535100
v 2.330539 2.058950 -1.635134
v 2.330539 3.380498 0.002181
v 2.299552 1.425395 0.002182
v 2.298265 1.344183 -0.275690
v 2.295084 1.143443 -0.419249
v 2.291906 0.942930 -0.484369
v 0.032134 0.000000 1.539464
v 0.130164 0.000000 1.539464
v 2.276904 0.000000 1.539464
v 2.330539 2.058951 1.639497
v 0.032134 2.058951 1.639497
v 2.299552 1.425395 0.002182
v 2.330539 3.380498 0.002181
v 2.330539 2.058951 1.639497
v 2.276904 0.000000 1.539464
v 2.276904 0.000000 0.504401
v 2.291906 0.942930 0.488733
v 2.295084 1.143443 0.423612
v 2.298265 1.344183 0.280053
vn -0.9995 -0.0251 0.0202
vn 1.0000 0.0078 0.0047
vn 0.9998 0.0199 -0.0034
vn 0.9998 0.0177 -0.0012
vn 1.0000 0.0078 -0.0047
vn 0.9998 0.0199 0.0034
vn 0.7987 0.6006 -0.0368
vn -0.7599 0.6490 -0.0381
vn 0.7987 0.6006 0.0368
vn -0.7599 0.6490 0.0381
vn -0.0000 -0.0485 -0.9988
vn -0.0000 0.7309 -0.6825
vn -0.0000 -1.0000 -0.0000
vn -0.0000 0.7970 -0.6039
vn -0.0000 -0.6518 -0.7584
vn -0.0000 -0.7089 0.7053
vn 0.9976 -0.0252 -0.0639
vn 0.9976 -0.0253 -0.0639
vn 1.0000 -0.0000 -0.0000
vn -0.0000 -0.7781 0.6281
vn -0.0000 -0.7782 0.6281
vn -0.0000 -0.0000 1.0000
vn -0.9962 -0.0320 -0.0810
vn -0.9957 -0.0588 -0.0716
vn -0.9957 -0.0588 -0.0712
vn -0.9957 -0.0588 -0.0711
vn -0.9957 -0.0588 -0.0713
vn -0.0000 0.7971 -0.6039
vn -0.0000 0.7309 0.6825
vn -0.0000 0.7970 0.6039
vn -0.0000 -0.6518 0.7584
vn -0.0000 -0.7089 -0.7053
vn 0.9976 -0.0252 0.0639
vn 0.9976 -0.0253 0.0639
vn -0.0000 -0.7782 -0.6281
vn -0.0000 -0.0485 0.9988
vn -0.9998 -0.0182 -0.0051
vn -0.9962 -0.0320 0.0810
vn -0.9957 -0.0588 0.0716
vn -0.9957 -0.0588 0.0713
vn -0.9957 -0.0588 0.0711
vn -0.0000 0.7971 0.6039
vn 0.0022 -0.9598 0.2805
vn 0.0007 -0.3089 0.9511
vn 0.0013 -0.5817 0.8134
vn -0.0000 -0.0166 0.9999
vn 0.0022 -0.9598 -0.2805
vn 0.0007 -0.3089 -0.9511
vn 0.0013 -0.5817 -0.8134
vn -0.0000 -0.0166 -0.9999
vn 0.9998 0.0174 0.0002
vn 0.9999 0.0173 0.0004
vn 0.9998 0.0173 0.0003
vn 0.0065 -0.0750 0.9972
vn -0.0000 -0.9961 -0.0877
vn 0.7933 -0.6083 0.0252
vn -1.0000 -0.0000 -0.0000
vn -0.7214 -0.6842 -0.1069
vn -0.0065 -0.0750 0.9972
vn -0.7244 0.6887 -0.0304
vn 0.7201 0.6929 -0.0360
vn 0.7202 0.6929 -0.0360
vn 0.7138 0.6996 -0.0322
vn 0.7138 0.6996 -0.0323
vn -0.8182 0.5719 -0.0593
vn 0.1608 0.0525 0.9856
vn -0.1374 0.0222 0.9903
vn -0.1375 0.0222 0.9903
vn -0.8119 -0.5833 0.0227
vn -0.8120 -0.5833 0.0227
vn 0.7247 -0.6732 -0.1470
vn 0.7735 0.6338 0.0016
vn -0.7177 0.6940 -0.0567
vn -0.7177 0.6940 -0.0568
vn 0.8736 -0.4865 -0.0113
vn -0.8823 -0.4707 -0.0086
vn -0.8822 -0.4707 -0.0086
vn -0.4825 -0.8759 0.0030
vn 0.4481 -0.8935 0.0298
vn -0.7969 -0.6036 -0.0247
vn -0.7969 -0.6036 -0.0248
vn 0.1583 -0.1102 0.9812
vn -0.0070 0.0430 0.9991
vn -0.0070 0.0431 0.9990
vn 0.7733 -0.6306 -0.0668
vn 0.7733 -0.6305 -0.0668
vn 0.0065 -0.0750 -0.9972
vn -0.0000 -0.9961 0.0877
vn 0.7933 -0.6083 -0.0252
vn -0.7214 -0.6842 0.1069
vn -0.0065 -0.0750 -0.9972
vn -0.7244 0.6887 0.0304
vn 0.7202 0.6929 0.0359
vn 0.7202 0.6929 0.0360
vn 0.7138 0.6996 0.0322
vn 0.7138 0.6996 0.0323
vn -0.8182 0.5719 0.0593
vn 0.1608 0.0525 -0.9856
vn -0.1374 0.0222 -0.9903
vn -0.1375 0.0222 -0.9903
vn -0.8119 -0.5833 -0.0227
vn -0.8120 -0.5833 -0.0226
vn 0.7247 -0.6732 0.1470
vn 0.7735 0.6338 -0.0016
vn 0.7735 0.6338 -0.0017
vn -0.7177 0.6940 0.0567
vn -0.7177 0.6940 0.0568
vn 0.8736 -0.4865 0.0113
vn -0.8823 -0.4707 0.0086
vn -0.8822 -0.4707 0.0086
vn -0.4825 -0.8759 -0.0030
vn 0.4481 -0.8935 -0.0298
vn -0.7969 -0.6036 0.0247
vn -0.7969 -0.6036 0.0248
vn -0.7969 -0.6035 0.0248
vn 0.1583 -0.1102 -0.9812
vn -0.0070 0.0430 -0.9991
vn -0.0070 0.0431 -0.9990
vn 0.7733 -0.6306 0.0668
vn 0.7733 -0.6305 0.0668
vn -0.9990 0.0456 -0.0000
vn -0.0000 -0.0000 -1.0000
vn 0.9990 -0.0456 -0.0000
vn -0.0548 -0.9985 -0.0000
vn 0.0548 0.9985 -0.0000
vn 0.9998 -0.0202 0.0095
vn 0.9998 -0.0202 -0.0095
vn 0.9997 -0.0202 -0.0096
vt 0.375000 0.375000
vt 0.625000 0.375000
vt 0.625000 0.500000
vt 0.534761 0.030074
vt 0.638357 0.375000
vt 0.638357 0.262497
vt 0.625000 0.250000
vt 0.875000 0.260648
vt 0.875000 0.375000
vt 0.875000 0.257118
vt 0.375000 0.625000
vt 0.625000 0.625000
vt 0.375000 0.500000
vt 0.750000 0.500000
vt 0.356454 0.375000
vt 0.250000 0.500000
vt 0.375000 0.415837
vt 0.750000 0.375000
vt 0.255459 0.500000
vt 0.356454 0.415837
vt 0.250000 0.375000
vt 0.375000 0.250000
vt 0.375000 0.125000
vt 0.625000 0.125000
vt 0.625000 0.000000
vt 0.375000 0.000000
vt 0.250000 0.250000
vt 0.625000 0.875000
vt 0.625000 1.000000
vt 0.375000 1.000000
vt 0.375000 0.875000
vt 0.625000 0.236643
vt 0.125000 0.375000
vt 0.125000 0.250000
vt 0.750000 0.301130
vt 0.750000 0.250000
vt 0.635021 0.246663
vt 0.875000 0.250000
vt 0.625000 0.992882
vt 0.625000 0.750000
vt 0.375000 0.750000
vt 0.125000 0.500000
vt 0.875000 0.500000
vt 0.484404 0.396773
vt 0.480568 0.375000
vt 0.472972 0.408163
vt 0.457952 0.413475
vt 0.375000 0.619541
vt 0.457952 0.413475
vt 0.472972 0.408163
s 0
usemtl COLLIDER
f 3439/80/1228 3440/81/1228 3441/82/1228
f 3442/83/1229 3443/83/1229 3444/83/1229
f 3445/83/1230 3446/83/1230 3447/83/1230
f 3448/83/1231 3449/83/1231 3450/83/1231
f 3451/83/1232 3452/83/1232 3453/83/1232
f 3454/83/1233 3455/83/1233 3456/83/1233
f 3457/84/1234 3458/85/1234 3459/86/1234
f 3460/87/1235 3461/88/1235 3462/89/1235
f 3463/84/1236 3464/86/1236 3465/85/1236
f 3466/87/1237 3467/89/1237 3468/88/1237
f 3469/90/1238 3470/91/1238 3471/82/1238
f 3469/90/1238 3471/82/1238 3472/92/1238
f 3473/93/1239 3474/82/1239 3475/82/1239
f 3473/93/1239 3475/82/1239 3476/93/1239
f 3477/82/1239 3478/82/1239 3479/82/1239
s 1
f 3477/82/1239 3479/82/1239 3480/82/1239
s 0
f 3481/94/1240 3482/95/1240 3483/92/1240
f 3481/94/1240 3483/92/1240 3484/96/1240
f 3485/82/1241 3486/93/1241 3487/97/1241
f 3485/82/1241 3487/97/1241 3488/81/1241
f 3489/82/1242 3490/82/1242 3491/82/1242
f 3489/82/1242 3491/82/1242 3492/82/1242
f 3493/82/1242 3494/91/1242 3495/91/1242
f 3493/82/1242 3495/91/1242 3496/82/1242
f 3497/82/1243 3498/91/1243 3499/91/1243
f 3497/82/1243 3499/91/1243 3500/82/1243
s 1
f 3501/81/1244 3502/82/1245 3503/82/1245
f 3501/81/1244 3503/82/1245 3504/81/1244
s 0
f 3505/82/1246 3506/82/1246 3507/82/1246
f 3505/82/1246 3507/82/1246 3508/82/1246
f 3509/81/1247 3510/82/1247 3511/82/1247
f 3509/81/1248 3511/82/1248 3512/81/1248
f 3513/81/1249 3514/81/1249 3515/81/1249
f 3513/81/1249 3515/81/1249 3516/81/1249
s 1
f 3517/82/1243 3518/82/1243 3519/82/1243
s 0
f 3517/82/1243 3519/82/1243 3520/82/1243
f 3521/82/1241 3522/81/1241 3523/81/1241
f 3521/82/1241 3523/81/1241 3524/82/1241
f 3525/90/1238 3526/92/1238 3527/82/1238
f 3525/90/1238 3527/82/1238 3528/91/1238
f 3529/93/1239 3530/93/1239 3531/82/1239
f 3529/93/1239 3531/82/1239 3532/82/1239
f 3533/82/1239 3534/82/1239 3535/82/1239
f 3533/82/1239 3535/82/1239 3536/82/1239
f 3537/82/1241 3538/81/1241 3487/97/1241
f 3537/82/1241 3487/97/1241 3486/93/1241
f 3539/82/1242 3540/82/1242 3541/82/1242
f 3539/82/1242 3541/82/1242 3542/82/1242
f 3543/82/1242 3544/82/1242 3495/91/1242
f 3543/82/1242 3495/91/1242 3494/91/1242
f 3545/82/1243 3546/82/1243 3499/91/1243
f 3545/82/1243 3499/91/1243 3498/91/1243
s 1
f 3547/81/1250 3548/81/1250 3549/82/1250
f 3547/81/1250 3549/82/1250 3550/82/1250
f 3551/82/1251 3552/82/1252 3553/82/1253
f 3551/82/1251 3553/82/1253 3554/82/1254
s 0
f 3555/81/1247 3556/81/1247 3557/82/1247
f 3555/81/1248 3557/82/1248 3558/82/1248
f 3559/81/1249 3560/81/1249 3561/81/1249
f 3559/81/1249 3561/81/1249 3562/81/1249
f 3563/82/1243 3564/82/1243 3565/82/1243
f 3563/82/1243 3565/82/1243 3566/82/1243
f 3567/82/1255 3568/82/1255 3569/81/1255
f 3567/82/1241 3569/81/1241 3570/81/1241
f 3571/93/1256 3572/93/1256 3573/82/1256
f 3571/93/1256 3573/82/1256 3574/82/1256
s 1
f 3575/82/1256 3576/82/1256 3577/82/1256
s 0
f 3575/82/1256 3577/82/1256 3578/82/1256
f 3579/92/1240 3580/98/1240 3581/99/1240
f 3579/92/1240 3581/99/1240 3582/96/1240
f 3583/82/1257 3584/81/1257 3585/97/1257
f 3583/82/1257 3585/97/1257 3586/93/1257
f 3587/82/1258 3588/82/1258 3589/82/1258
f 3587/82/1258 3589/82/1258 3590/82/1258
f 3591/82/1258 3592/82/1258 3593/91/1258
f 3591/82/1258 3593/91/1258 3594/91/1258
f 3595/82/1259 3596/82/1259 3597/91/1259
f 3595/82/1259 3597/91/1259 3598/91/1259
s 1
f 3599/81/1260 3600/81/1260 3601/82/1261
f 3599/81/1260 3601/82/1261 3602/82/1261
s 0
f 3603/82/1246 3604/82/1246 3605/82/1246
f 3603/82/1246 3605/82/1246 3606/82/1246
f 3607/81/1262 3608/81/1262 3609/82/1262
f 3607/81/1262 3609/82/1262 3610/82/1262
f 3611/82/1259 3612/82/1259 3613/82/1259
s 1
f 3611/82/1259 3613/82/1259 3614/82/1259
s 0
f 3615/82/1257 3616/82/1257 3617/81/1257
f 3615/82/1257 3617/81/1257 3618/81/1257
f 3619/90/1263 3620/91/1263 3621/82/1263
f 3619/90/1263 3621/82/1263 3622/92/1263
f 3623/93/1256 3624/82/1256 3625/82/1256
f 3623/93/1256 3625/82/1256 3626/93/1256
f 3627/82/1256 3628/82/1256 3629/82/1256
f 3627/82/1256 3629/82/1256 3630/82/1256
f 3631/95/1240 3632/92/1240 3633/80/1240
f 3631/95/1240 3633/80/1240 3634/100/1240
s 1
f 3635/92/1264 3636/82/1264 3637/81/1264
f 3635/92/1264 3637/81/1264 3638/80/1264
s 0
f 3639/82/1257 3586/93/1257 3585/97/1257
f 3639/82/1257 3585/97/1257 3640/81/1257
f 3641/82/1258 3642/82/1258 3643/82/1258
f 3641/82/1258 3643/82/1258 3644/82/1258
f 3645/82/1258 3594/91/1258 3593/91/1258
f 3645/82/1258 3593/91/1258 3646/82/1258
f 3647/82/1259 3598/91/1259 3597/91/1259
f 3647/82/1259 3597/91/1259 3648/82/1259
s 1
f 3649/81/1265 3650/82/1265 3651/82/1265
f 3649/81/1265 3651/82/1265 3652/81/1265
f 3653/82/1266 3654/82/1267 3655/82/1268
f 3653/82/1266 3655/82/1268 3656/82/1267
s 0
f 3657/81/1262 3658/82/1262 3659/82/1262
f 3657/81/1262 3659/82/1262 3660/81/1262
f 3661/82/1259 3662/82/1259 3663/82/1259
f 3661/82/1259 3663/82/1259 3664/82/1259
f 3665/82/1257 3666/81/1257 3667/81/1257
f 3665/82/1269 3667/81/1269 3668/82/1269
f 3669/83/1270 3670/83/1270 3671/83/1270
f 3669/83/1270 3671/83/1270 3672/83/1270
f 3673/83/1271 3674/83/1271 3675/83/1271
f 3673/83/1271 3675/83/1271 3676/83/1271
f 3677/83/1272 3678/83/1272 3679/83/1272
f 3677/83/1272 3679/83/1272 3680/83/1272
f 3681/83/1273 3682/83/1273 3683/83/1273
f 3681/83/1273 3683/83/1273 3684/83/1273
f 3685/83/1274 3686/83/1274 3687/83/1274
f 3685/83/1274 3687/83/1274 3688/83/1274
f 3689/83/1275 3690/83/1275 3691/83/1275
f 3689/83/1275 3691/83/1275 3692/83/1275
f 3693/83/1276 3694/83/1276 3695/83/1276
f 3693/83/1276 3695/83/1276 3696/83/1276
f 3697/83/1277 3698/83/1277 3699/83/1277
f 3697/83/1277 3699/83/1277 3700/83/1277
s 1
f 3701/83/1278 3702/83/1278 3703/83/1279
f 3701/83/1278 3703/83/1279 3704/83/1280
s 0
f 3705/80/1246 3706/81/1246 3707/86/1246
f 3705/80/1246 3707/86/1246 3708/101/1246
s 1
f 3709/102/1281 3710/103/1281 3711/104/1281
f 3709/102/1281 3711/104/1281 3712/105/1281
s 0
f 3713/100/1282 3714/80/1282 3715/101/1282
f 3713/100/1282 3715/101/1282 3716/106/1282
f 3717/107/1283 3718/108/1283 3719/108/1283
f 3717/107/1283 3719/108/1283 3720/107/1283
f 3721/109/1284 3722/108/1284 3723/107/1284
f 3721/109/1284 3723/107/1284 3724/110/1284
s 1
f 3725/103/1285 3726/86/1285 3727/111/1285
f 3725/103/1285 3727/111/1285 3728/103/1285
s 0
f 3729/112/1282 3730/100/1282 3731/106/1282
f 3729/112/1282 3731/106/1282 3732/113/1282
s 1
f 3733/101/1286 3734/86/1286 3735/103/1286
f 3733/101/1286 3735/103/1286 3736/102/1286
f 3737/97/1287 3738/88/1287 3739/87/1287
f 3737/97/1287 3739/87/1287 3740/114/1287
f 3741/84/1288 3742/97/1289 3743/114/1289
f 3741/84/1288 3743/114/1289 3744/85/1289
f 3745/85/1290 3746/114/1290 3747/115/1291
f 3745/85/1290 3747/115/1291 3748/116/1290
f 3749/117/1292 3750/87/1292 3751/89/1292
f 3749/117/1292 3751/89/1292 3752/117/1292
f 3753/103/1293 3754/111/1293 3755/116/1293
f 3753/103/1293 3755/116/1293 3756/103/1293
f 3757/104/1294 3758/103/1295 3759/103/1295
f 3757/104/1294 3759/103/1295 3760/104/1294
f 3761/86/1296 3762/81/1296 3763/81/1296
f 3761/86/1296 3763/81/1296 3764/86/1297
f 3765/104/1298 3766/103/1298 3767/103/1298
f 3765/104/1298 3767/103/1298 3768/104/1298
f 3769/85/1299 3770/116/1299 3771/86/1299
f 3769/85/1299 3771/86/1299 3772/86/1299
f 3773/114/1300 3774/87/1301 3775/117/1300
f 3773/114/1300 3775/117/1300 3776/115/1300
f 3777/86/1302 3778/81/1302 3779/81/1302
f 3777/86/1302 3779/81/1302 3780/86/1302
f 3781/107/1303 3782/108/1304 3783/118/1303
f 3781/107/1303 3783/118/1303 3784/107/1303
f 3785/118/1305 3786/108/1305 3787/108/1305
f 3785/118/1305 3787/108/1305 3788/108/1305
s 0
f 3789/86/1306 3790/86/1306 3791/86/1306
f 3789/86/1306 3791/86/1306 3792/86/1306
s 1
f 3793/111/1307 3794/86/1308 3795/86/1308
f 3793/111/1307 3795/86/1308 3796/86/1307
f 3797/116/1309 3798/111/1309 3799/86/1309
f 3797/116/1309 3799/86/1309 3800/86/1309
f 3801/104/1310 3802/104/1310 3803/104/1311
f 3801/104/1310 3803/104/1311 3804/104/1310
f 3805/104/1312 3806/104/1312 3807/104/1313
f 3805/104/1312 3807/104/1313 3808/104/1312
s 0
f 3809/80/1246 3810/101/1246 3811/86/1246
f 3809/80/1246 3811/86/1246 3812/81/1246
s 1
f 3813/102/1314 3814/105/1314 3815/104/1314
f 3813/102/1314 3815/104/1314 3816/103/1314
s 0
f 3817/100/1315 3818/106/1315 3819/101/1315
f 3817/100/1315 3819/101/1315 3820/80/1315
f 3821/107/1316 3822/107/1316 3823/108/1316
f 3821/107/1316 3823/108/1316 3824/108/1316
f 3825/109/1284 3826/110/1284 3827/107/1284
f 3825/109/1284 3827/107/1284 3828/108/1284
s 1
f 3829/103/1317 3830/103/1317 3831/111/1317
f 3829/103/1317 3831/111/1317 3832/86/1317
s 0
f 3833/112/1315 3834/113/1315 3835/106/1315
f 3833/112/1315 3835/106/1315 3836/100/1315
s 1
f 3837/101/1318 3838/102/1318 3839/103/1318
f 3837/101/1318 3839/103/1318 3840/86/1318
f 3841/97/1319 3842/114/1319 3843/87/1319
f 3841/97/1319 3843/87/1319 3844/88/1319
f 3845/84/1320 3846/85/1321 3847/114/1321
f 3845/84/1320 3847/114/1321 3848/97/1321
f 3849/85/1322 3850/116/1322 3851/115/1323
f 3849/85/1322 3851/115/1323 3852/114/1322
f 3853/117/1324 3854/117/1324 3855/89/1324
f 3853/117/1324 3855/89/1324 3856/87/1324
f 3857/103/1325 3858/103/1325 3859/116/1325
f 3857/103/1325 3859/116/1325 3860/111/1325
f 3861/104/1326 3862/104/1326 3863/103/1327
f 3861/104/1326 3863/103/1327 3864/103/1327
f 3865/86/1328 3866/86/1329 3867/81/1328
f 3865/86/1328 3867/81/1328 3868/81/1328
f 3869/104/1330 3870/104/1330 3871/103/1330
f 3869/104/1330 3871/103/1330 3872/103/1330
f 3873/85/1331 3874/86/1331 3875/86/1331
f 3873/85/1331 3875/86/1331 3876/116/1332
f 3877/114/1333 3878/115/1333 3879/117/1333
f 3877/114/1333 3879/117/1333 3880/87/1334
f 3881/86/1335 3882/86/1335 3883/81/1335
f 3881/86/1335 3883/81/1335 3884/81/1335
f 3885/107/1336 3886/107/1336 3887/118/1336
f 3885/107/1336 3887/118/1336 3888/108/1337
f 3889/118/1338 3890/108/1338 3891/108/1338
f 3889/118/1338 3891/108/1338 3892/108/1338
s 0
f 3893/86/1339 3894/86/1339 3895/86/1339
f 3893/86/1339 3895/86/1339 3896/86/1339
s 1
f 3897/111/1340 3898/86/1340 3899/86/1341
f 3897/111/1340 3899/86/1341 3900/86/1342
f 3901/116/1343 3902/86/1343 3903/86/1343
f 3901/116/1343 3903/86/1343 3904/111/1343
f 3905/104/1344 3906/104/1344 3907/104/1345
f 3905/104/1344 3907/104/1345 3908/104/1344
f 3909/104/1346 3910/104/1347 3911/104/1346
f 3909/104/1346 3911/104/1346 3912/104/1346
s 0
f 3913/109/1348 3914/108/1348 3915/119/1348
f 3913/109/1348 3915/119/1348 3916/120/1348
f 3917/120/1349 3918/119/1349 3919/82/1349
f 3917/120/1349 3919/82/1349 3920/92/1349
f 3921/92/1350 3922/82/1350 3923/86/1350
f 3921/92/1350 3923/86/1350 3924/101/1350
f 3925/101/1249 3926/86/1249 3927/104/1249
f 3925/101/1249 3927/104/1249 3928/105/1249
f 3929/121/1351 3930/92/1351 3931/101/1351
f 3929/121/1351 3931/101/1351 3932/113/1351
f 3933/82/1352 3934/122/1352 3935/117/1352
f 3933/82/1352 3935/117/1352 3936/86/1352
s 1
f 3942/123/1353 3940/81/1353 3941/124/1353
f 3940/81/1353 3942/123/1353 3939/82/1353
f 3939/82/1353 3942/123/1353 3943/125/1353
f 3939/82/1353 3943/125/1353 3944/126/1353
f 3939/82/1353 3944/126/1353 3937/96/1353
f 3939/82/1353 3937/96/1353 3938/92/1353
s 0
f 3948/82/1263 3946/127/1263 3947/92/1263
f 3946/127/1263 3948/82/1263 3945/90/1263
f 3945/90/1263 3948/82/1263 3949/91/1263
s 1
f 3953/92/1354 3951/81/1355 3952/82/1354
f 3951/81/1355 3953/92/1354 3955/128/1354
f 3955/128/1354 3953/92/1354 3954/96/1354
f 3951/81/1355 3955/128/1354 3956/129/1354
f 3951/81/1355 3956/129/1354 3957/123/1354
f 3951/81/1355 3957/123/1354 3950/124/1354
s 0
f 3481/94/1240 3631/95/1240 3634/100/1240
f 3631/95/1240 3481/94/1240 3580/98/1240
f 3580/98/1240 3481/94/1240 3581/99/1240
